"id","title","description","availability","condition","price","link","image_link","brand","product_type"
"ABRISH-2PLWN-V2-ABR-02","Abrish Digital Printed All Over Two Piece Lawn 2PC — 2","Abrish Digital Printed All Over Two Piece Lawn 2PC — 2. 2 Piece unstitched suit by Abrish. Available to order with Cash on Delivery in Pakistan; final stock is confirmed before dispatch.","in stock","new","2195.00 PKR","https://alhumacollection.com/products/abrish-2plwn-v2-abr-02-abrish-digital-printed-all-over-two-piece-lawn-2pc/","https://cdn.shopify.com/s/files/1/0906/1783/9987/files/abi-02.jpg?v=1786790424","Abrish","Women > Unstitched Suits > Formal"
"ABRISH-2PLWN-V2-ABR-08","Abrish Digital Printed All Over Two Piece Lawn 2PC — 8","Abrish Digital Printed All Over Two Piece Lawn 2PC — 8. 2 Piece unstitched suit by Abrish. Available to order with Cash on Delivery in Pakistan; final stock is confirmed before dispatch.","in stock","new","2195.00 PKR","https://alhumacollection.com/products/abrish-2plwn-v2-abr-08-abrish-digital-printed-all-over-two-piece-lawn-2pc/","https://cdn.shopify.com/s/files/1/0906/1783/9987/files/abi-08.jpg?v=1786790593","Abrish","Women > Unstitched Suits > Formal"
"AIFA-BLACK-LWNEMB-904","Aifa Printed & Embroidered Lawn 3PC — 904","Aifa Printed & Embroidered Lawn 3PC — 904. 3 Piece unstitched suit by Aifa. Available to order with Cash on Delivery in Pakistan; final stock is confirmed before dispatch.","in stock","new","6750.00 PKR","https://alhumacollection.com/products/aifa-black-lwnemb-904-aifa-printed-and-embroidered-lawn-3pc/","https://cdn.shopify.com/s/files/1/0906/1783/9987/files/1_477cea88-0793-44c1-8206-7d23f6c00eab.png?v=1787225403","Aifa","Women > Unstitched Suits > Luxury"
"AIFA-CYAN-LWNEMB-905","Aifa Printed & Embroidered Lawn 3PC — 905","Aifa Printed & Embroidered Lawn 3PC — 905. 3 Piece unstitched suit by Aifa. Available to order with Cash on Delivery in Pakistan; final stock is confirmed before dispatch.","in stock","new","6750.00 PKR","https://alhumacollection.com/products/aifa-cyan-lwnemb-905-aifa-printed-and-embroidered-lawn-3pc/","https://cdn.shopify.com/s/files/1/0906/1783/9987/files/4_240850cf-0d96-47e9-a544-0f6dd646b612.png?v=1786444498","Aifa","Women > Unstitched Suits > Luxury"
"AIFA-PURPLE-LWNEMB-906","Aifa Printed & Embroidered Lawn 3PC — 906","Aifa Printed & Embroidered Lawn 3PC — 906. 3 Piece unstitched suit by Aifa. Available to order with Cash on Delivery in Pakistan; final stock is confirmed before dispatch.","in stock","new","6750.00 PKR","https://alhumacollection.com/products/aifa-purple-lwnemb-906-aifa-printed-and-embroidered-lawn-3pc/","https://cdn.shopify.com/s/files/1/0906/1783/9987/files/3_4f00174f-e921-4e91-adcf-c85341022c96.png?v=1787225304","Aifa","Women > Unstitched Suits > Luxury"
"AIFA-FEROZI-LWNEMB-907","Aifa Printed & Embroidered Lawn 3PC — 907","Aifa Printed & Embroidered Lawn 3PC — 907. 3 Piece unstitched suit by Aifa. Available to order with Cash on Delivery in Pakistan; final stock is confirmed before dispatch.","in stock","new","6750.00 PKR","https://alhumacollection.com/products/aifa-ferozi-lwnemb-907-aifa-printed-and-embroidered-lawn-3pc/","https://cdn.shopify.com/s/files/1/0906/1783/9987/files/2_8878bac1-78aa-4116-8432-aba2cb7483ed.png?v=1786444127","Aifa","Women > Unstitched Suits > Luxury"
"AIFA-DGREEN-LWNEMB-908","Aifa Printed & Embroidered Lawn 3PC — 908","Aifa Printed & Embroidered Lawn 3PC — 908. 3 Piece unstitched suit by Aifa. Available to order with Cash on Delivery in Pakistan; final stock is confirmed before dispatch.","in stock","new","6750.00 PKR","https://alhumacollection.com/products/aifa-dgreen-lwnemb-908-aifa-printed-and-embroidered-lawn-3pc/","https://cdn.shopify.com/s/files/1/0906/1783/9987/files/1_16b49e95-3124-47ea-9954-3d236051b913.png?v=1786444477","Aifa","Women > Unstitched Suits > Luxury"
"AIFA-DGRAY-LWNEMB-909","Aifa Printed & Embroidered Lawn 3PC — 909","Aifa Printed & Embroidered Lawn 3PC — 909. 3 Piece unstitched suit by Aifa. Available to order with Cash on Delivery in Pakistan; final stock is confirmed before dispatch.","in stock","new","6750.00 PKR","https://alhumacollection.com/products/aifa-dgray-lwnemb-909-aifa-printed-and-embroidered-lawn-3pc/","https://cdn.shopify.com/s/files/1/0906/1783/9987/files/27_13be7e93-a461-4546-92ca-48b40620bd70.jpg?v=1774990273","Aifa","Women > Unstitched Suits > Luxury"
"AIFA-NBLUE-LWNEMB-911","Aifa Printed & Embroidered Lawn 3PC — 911","Aifa Printed & Embroidered Lawn 3PC — 911. 3 Piece unstitched suit by Aifa. Available to order with Cash on Delivery in Pakistan; final stock is confirmed before dispatch.","in stock","new","6750.00 PKR","https://alhumacollection.com/products/aifa-nblue-lwnemb-911-aifa-printed-and-embroidered-lawn-3pc/","https://cdn.shopify.com/s/files/1/0906/1783/9987/files/5_b9df9e94-5be5-4f17-abf6-b233bf45db65.png?v=1786444183","Aifa","Women > Unstitched Suits > Luxury"
"AIFA-YELLOW-LWNEMB-912","Aifa Printed & Embroidered Lawn 3PC — 912","Aifa Printed & Embroidered Lawn 3PC — 912. 3 Piece unstitched suit by Aifa. Available to order with Cash on Delivery in Pakistan; final stock is confirmed before dispatch.","in stock","new","6750.00 PKR","https://alhumacollection.com/products/aifa-yellow-lwnemb-912-aifa-printed-and-embroidered-lawn-3pc/","https://cdn.shopify.com/s/files/1/0906/1783/9987/files/7_c45c7808-b276-4d73-bf88-b6ecedab83ff.png?v=1786444514","Aifa","Women > Unstitched Suits > Luxury"
"FLEUR-ALMRH-LWN-CT-3P-09","Fleur By Almeerah Premium Printed Lawn With Emb Patches 3PC — 9","Fleur By Almeerah Premium Printed Lawn With Emb Patches 3PC — 9. 3 Piece unstitched suit by Almeerah. Available to order with Cash on Delivery in Pakistan; final stock is confirmed before dispatch.","in stock","new","5095.00 PKR","https://alhumacollection.com/products/fleur-almrh-lwn-ct-3p-09-fleur-by-almeerah-premium-printed-lawn-with-emb-patches-3pc/","https://cdn.shopify.com/s/files/1/0906/1783/9987/files/IMG-3149.jpg?v=1779108755","Almeerah","Women > Unstitched Suits > Formal"
"FLOWS-ALMRH-LWN-CT-3P-15","Flows By Almeerah Premium Printed Stripe Lawn 3PC — 15","Flows By Almeerah Premium Printed Stripe Lawn 3PC — 15. 3 Piece unstitched suit by Almeerah. Available to order with Cash on Delivery in Pakistan; final stock is confirmed before dispatch.","in stock","new","2990.00 PKR","https://alhumacollection.com/products/flows-almrh-lwn-ct-3p-15-flows-by-almeerah-premium-printed-stripe-lawn-3pc/","https://cdn.shopify.com/s/files/1/0906/1783/9987/files/IMG-3048.jpg?v=1780476640","Almeerah","Women > Unstitched Suits > Formal"
"ANAYA-SHN-LINEN-V258-3P-01","Anaya Digital Printed Linen 3PC — 1","Anaya Digital Printed Linen 3PC — 1. 3 Piece unstitched suit by Anaya. Available to order with Cash on Delivery in Pakistan; final stock is confirmed before dispatch.","in stock","new","3295.00 PKR","https://alhumacollection.com/products/anaya-shn-linen-v258-3p-01-anaya-digital-printed-linen-3pc/","https://cdn.shopify.com/s/files/1/0906/1783/9987/files/1A53D689-0ED7-4E35-A517-D60FD1F14C3E.png?v=1788331405","Anaya","Women > Unstitched Suits > Formal"
"ANAYA-SHN-LINEN-V258-3P-10","Anaya Digital Printed Linen 3PC — 10","Anaya Digital Printed Linen 3PC — 10. 3 Piece unstitched suit by Anaya. Available to order with Cash on Delivery in Pakistan; final stock is confirmed before dispatch.","in stock","new","3295.00 PKR","https://alhumacollection.com/products/anaya-shn-linen-v258-3p-10-anaya-digital-printed-linen-3pc/","https://cdn.shopify.com/s/files/1/0906/1783/9987/files/E5FA9BBA-15D6-46A1-89CE-000A11A3F888.png?v=1788330994","Anaya","Women > Unstitched Suits > Formal"
"ANAYA-SHN-LINEN-V259-3P-02","Anaya Digital Printed Linen 3PC — 2 — ANAYA-SHN-LINEN-V259-3P-02","Anaya Digital Printed Linen 3PC — 2 — ANAYA-SHN-LINEN-V259-3P-02. 3 Piece unstitched suit by Anaya. Available to order with Cash on Delivery in Pakistan; final stock is confirmed before dispatch.","in stock","new","3295.00 PKR","https://alhumacollection.com/products/anaya-shn-linen-v259-3p-02-anaya-digital-printed-linen-3pc/","https://cdn.shopify.com/s/files/1/0906/1783/9987/files/627E9BA3-78A3-4B41-9127-4129537F745D.png?v=1788334471","Anaya","Women > Unstitched Suits > Formal"
"ANAYA-SHN-LINEN-V258-3P-02","Anaya Digital Printed Linen 3PC — 2 — ANAYA-SHN-LINEN-V258-3P-02","Anaya Digital Printed Linen 3PC — 2 — ANAYA-SHN-LINEN-V258-3P-02. 3 Piece unstitched suit by Anaya. Available to order with Cash on Delivery in Pakistan; final stock is confirmed before dispatch.","in stock","new","3295.00 PKR","https://alhumacollection.com/products/anaya-shn-linen-v258-3p-02-anaya-digital-printed-linen-3pc/","https://cdn.shopify.com/s/files/1/0906/1783/9987/files/8D95A965-07F3-4581-948E-2C31F85E1549.png?v=1788331378","Anaya","Women > Unstitched Suits > Formal"
"ANAYA-SHN-LINEN-V258-3P-03","Anaya Digital Printed Linen 3PC — 3","Anaya Digital Printed Linen 3PC — 3. 3 Piece unstitched suit by Anaya. Available to order with Cash on Delivery in Pakistan; final stock is confirmed before dispatch.","in stock","new","3295.00 PKR","https://alhumacollection.com/products/anaya-shn-linen-v258-3p-03-anaya-digital-printed-linen-3pc/","https://cdn.shopify.com/s/files/1/0906/1783/9987/files/47626422-A05D-4588-9495-818043616B0C.png?v=1788331340","Anaya","Women > Unstitched Suits > Formal"
"ANAYA-SHN-LINEN-V258-3P-04","Anaya Digital Printed Linen 3PC — 4","Anaya Digital Printed Linen 3PC — 4. 3 Piece unstitched suit by Anaya. Available to order with Cash on Delivery in Pakistan; final stock is confirmed before dispatch.","in stock","new","3295.00 PKR","https://alhumacollection.com/products/anaya-shn-linen-v258-3p-04-anaya-digital-printed-linen-3pc/","https://cdn.shopify.com/s/files/1/0906/1783/9987/files/EC54934A-72F4-4751-9B58-05F1E8CECE06.png?v=1788331158","Anaya","Women > Unstitched Suits > Formal"
"ANAYA-SHN-LINEN-V258-3P-05","Anaya Digital Printed Linen 3PC — 5","Anaya Digital Printed Linen 3PC — 5. 3 Piece unstitched suit by Anaya. Available to order with Cash on Delivery in Pakistan; final stock is confirmed before dispatch.","in stock","new","3295.00 PKR","https://alhumacollection.com/products/anaya-shn-linen-v258-3p-05-anaya-digital-printed-linen-3pc/","https://cdn.shopify.com/s/files/1/0906/1783/9987/files/55585d53-30e6-4a4f-b390-7914d37ff53b.jpg?v=1788331280","Anaya","Women > Unstitched Suits > Formal"
"ANAYA-SHN-LINEN-V259-3P-06","Anaya Digital Printed Linen 3PC — 6 — ANAYA-SHN-LINEN-V259-3P-06","Anaya Digital Printed Linen 3PC — 6 — ANAYA-SHN-LINEN-V259-3P-06. 3 Piece unstitched suit by Anaya. Available to order with Cash on Delivery in Pakistan; final stock is confirmed before dispatch.","in stock","new","3295.00 PKR","https://alhumacollection.com/products/anaya-shn-linen-v259-3p-06-anaya-digital-printed-linen-3pc/","https://cdn.shopify.com/s/files/1/0906/1783/9987/files/52E77A61-6A1E-49DB-9CA6-344CBA337F4D.png?v=1788334236","Anaya","Women > Unstitched Suits > Formal"
"ANAYA-SHN-LINEN-V258-3P-06","Anaya Digital Printed Linen 3PC — 6 — ANAYA-SHN-LINEN-V258-3P-06","Anaya Digital Printed Linen 3PC — 6 — ANAYA-SHN-LINEN-V258-3P-06. 3 Piece unstitched suit by Anaya. Available to order with Cash on Delivery in Pakistan; final stock is confirmed before dispatch.","in stock","new","3295.00 PKR","https://alhumacollection.com/products/anaya-shn-linen-v258-3p-06-anaya-digital-printed-linen-3pc/","https://cdn.shopify.com/s/files/1/0906/1783/9987/files/74515148-21c2-4513-a965-1a1b880be4bd.jpg?v=1788331047","Anaya","Women > Unstitched Suits > Formal"
"ANAYA-SHN-LINEN-V259-3P-07","Anaya Digital Printed Linen 3PC — 7","Anaya Digital Printed Linen 3PC — 7. 3 Piece unstitched suit by Anaya. Available to order with Cash on Delivery in Pakistan; final stock is confirmed before dispatch.","in stock","new","3295.00 PKR","https://alhumacollection.com/products/anaya-shn-linen-v259-3p-07-anaya-digital-printed-linen-3pc/","https://cdn.shopify.com/s/files/1/0906/1783/9987/files/76021A98-C82A-4F27-8732-A2DA76EFABAC.png?v=1788334128","Anaya","Women > Unstitched Suits > Formal"
"ANAYA-SHN-LINEN-V259-3P-08","Anaya Digital Printed Linen 3PC — 8 — ANAYA-SHN-LINEN-V259-3P-08","Anaya Digital Printed Linen 3PC — 8 — ANAYA-SHN-LINEN-V259-3P-08. 3 Piece unstitched suit by Anaya. Available to order with Cash on Delivery in Pakistan; final stock is confirmed before dispatch.","in stock","new","3295.00 PKR","https://alhumacollection.com/products/anaya-shn-linen-v259-3p-08-anaya-digital-printed-linen-3pc/","https://cdn.shopify.com/s/files/1/0906/1783/9987/files/033A6EC6-7A6F-49A6-902D-B398DC8B1D94.png?v=1788334156","Anaya","Women > Unstitched Suits > Formal"
"ANAYA-SHN-LINEN-V258-3P-08","Anaya Digital Printed Linen 3PC — 8 — ANAYA-SHN-LINEN-V258-3P-08","Anaya Digital Printed Linen 3PC — 8 — ANAYA-SHN-LINEN-V258-3P-08. 3 Piece unstitched suit by Anaya. Available to order with Cash on Delivery in Pakistan; final stock is confirmed before dispatch.","in stock","new","3295.00 PKR","https://alhumacollection.com/products/anaya-shn-linen-v258-3p-08-anaya-digital-printed-linen-3pc/","https://cdn.shopify.com/s/files/1/0906/1783/9987/files/BF2B44E3-CBB7-43D1-88D9-83D44A57567E.png?v=1788331125","Anaya","Women > Unstitched Suits > Formal"
"ANAYA-SHN-LINEN-V258-3P-09","Anaya Digital Printed Linen 3PC — 9","Anaya Digital Printed Linen 3PC — 9. 3 Piece unstitched suit by Anaya. Available to order with Cash on Delivery in Pakistan; final stock is confirmed before dispatch.","in stock","new","3295.00 PKR","https://alhumacollection.com/products/anaya-shn-linen-v258-3p-09-anaya-digital-printed-linen-3pc/","https://cdn.shopify.com/s/files/1/0906/1783/9987/files/76b364d9-80b0-41b0-876e-004891d1e9fb.jpg?v=1788331019","Anaya","Women > Unstitched Suits > Formal"
"AKS-E-NOOR-ANAYANOOR-S26-02","Aks-e-Noor By Anaya Noor Emb Laser-Cut Lawn 3PC — 2","Aks-e-Noor By Anaya Noor Emb Laser-Cut Lawn 3PC — 2. 3 Piece unstitched suit by Anaya Noor. Available to order with Cash on Delivery in Pakistan; final stock is confirmed before dispatch.","in stock","new","5495.00 PKR","https://alhumacollection.com/products/aks-e-noor-anayanoor-s26-02-aks-e-noor-by-anaya-noor-emb-laser-cut-lawn-3pc/","https://cdn.shopify.com/s/files/1/0906/1783/9987/files/02_3_dee1a4db-d187-44c2-9616-abe8fd09397b.jpg?v=1782161123","Anaya Noor","Women > Unstitched Suits > Formal"
"AAGAZ-E-SARDI-ANAYANOOR-D10","Anaya – Aaghaz-e-Sardi 3PC Viscose Suit — 10","Anaya – Aaghaz-e-Sardi 3PC Viscose Suit — 10. 3 Piece unstitched suit by Anaya Noor. Available to order with Cash on Delivery in Pakistan; final stock is confirmed before dispatch.","in stock","new","5499.00 PKR","https://alhumacollection.com/products/aagaz-e-sardi-anayanoor-d10-anaya-aaghaz-e-sardi-3pc-viscose-suit/","https://cdn.shopify.com/s/files/1/0906/1783/9987/files/10_3_9fada8fa-c8f2-4827-8991-11ac84a8f966.png?v=1758049517","Anaya Noor","Women > Unstitched Suits > Luxury"
"AAGAZ-E-SARDI-ANAYANOOR-D02","Anaya – Aaghaz-e-Sardi 3PC Viscose Suit — 2","Anaya – Aaghaz-e-Sardi 3PC Viscose Suit — 2. 3 Piece unstitched suit by Anaya Noor. Available to order with Cash on Delivery in Pakistan; final stock is confirmed before dispatch.","in stock","new","5499.00 PKR","https://alhumacollection.com/products/aagaz-e-sardi-anayanoor-d02-anaya-aaghaz-e-sardi-3pc-viscose-suit/","https://cdn.shopify.com/s/files/1/0906/1783/9987/files/2_5_af81e6d9-a07a-4070-99d3-52b45af21181.png?v=1758049327","Anaya Noor","Women > Unstitched Suits > Luxury"
"ANAYA-COTRYKHD-V281-3P-SHN-01","Anaya Digital Printed Cotry Khaddar 3PC — 1","Anaya Digital Printed Cotry Khaddar 3PC — 1. 3 Piece unstitched suit by Anaya Noor. Available to order with Cash on Delivery in Pakistan; final stock is confirmed before dispatch.","in stock","new","3450.00 PKR","https://alhumacollection.com/products/anaya-cotrykhd-v281-3p-shn-01-anaya-digital-printed-cotry-khaddar-3pc/","https://cdn.shopify.com/s/files/1/0906/1783/9987/files/9_86d953b9-33da-4eaf-a21c-c1421d8c3950.jpg?v=1789195908","Anaya Noor","Women > Unstitched Suits > Formal"
"ANAYA-COTRYKHD-V281-3P-SHN-10","Anaya Digital Printed Cotry Khaddar 3PC — 10","Anaya Digital Printed Cotry Khaddar 3PC — 10. 3 Piece unstitched suit by Anaya Noor. Available to order with Cash on Delivery in Pakistan; final stock is confirmed before dispatch.","in stock","new","3450.00 PKR","https://alhumacollection.com/products/anaya-cotrykhd-v281-3p-shn-10-anaya-digital-printed-cotry-khaddar-3pc/","https://cdn.shopify.com/s/files/1/0906/1783/9987/files/4_58c2441e-3b04-46a7-9006-5015df16ca7d.jpg?v=1789195607","Anaya Noor","Women > Unstitched Suits > Formal"
"ANAYA-COTRYKHD-V281-3P-SHN-02","Anaya Digital Printed Cotry Khaddar 3PC — 2","Anaya Digital Printed Cotry Khaddar 3PC — 2. 3 Piece unstitched suit by Anaya Noor. Available to order with Cash on Delivery in Pakistan; final stock is confirmed before dispatch.","in stock","new","3450.00 PKR","https://alhumacollection.com/products/anaya-cotrykhd-v281-3p-shn-02-anaya-digital-printed-cotry-khaddar-3pc/","https://cdn.shopify.com/s/files/1/0906/1783/9987/files/10_026d7b1e-1568-4d75-b068-921b60972b99.jpg?v=1789195933","Anaya Noor","Women > Unstitched Suits > Formal"
"ANAYA-COTRYKHD-V281-3P-SHN-05","Anaya Digital Printed Cotry Khaddar 3PC — 5","Anaya Digital Printed Cotry Khaddar 3PC — 5. 3 Piece unstitched suit by Anaya Noor. Available to order with Cash on Delivery in Pakistan; final stock is confirmed before dispatch.","in stock","new","3450.00 PKR","https://alhumacollection.com/products/anaya-cotrykhd-v281-3p-shn-05-anaya-digital-printed-cotry-khaddar-3pc/","https://cdn.shopify.com/s/files/1/0906/1783/9987/files/1_b0353c87-d69f-44c2-95aa-aec597cfdb29.jpg?v=1789195807","Anaya Noor","Women > Unstitched Suits > Formal"
"ANAYA-COTRYKHD-V281-3P-SHN-06","Anaya Digital Printed Cotry Khaddar 3PC — 6","Anaya Digital Printed Cotry Khaddar 3PC — 6. 3 Piece unstitched suit by Anaya Noor. Available to order with Cash on Delivery in Pakistan; final stock is confirmed before dispatch.","in stock","new","3450.00 PKR","https://alhumacollection.com/products/anaya-cotrykhd-v281-3p-shn-06-anaya-digital-printed-cotry-khaddar-3pc/","https://cdn.shopify.com/s/files/1/0906/1783/9987/files/6_197197aa-39ed-487f-a2f0-9d97547b0cfe.jpg?v=1789195882","Anaya Noor","Women > Unstitched Suits > Formal"
"ANAYA-COTRYKHD-V281-3P-SHN-07","Anaya Digital Printed Cotry Khaddar 3PC — 7","Anaya Digital Printed Cotry Khaddar 3PC — 7. 3 Piece unstitched suit by Anaya Noor. Available to order with Cash on Delivery in Pakistan; final stock is confirmed before dispatch.","in stock","new","3450.00 PKR","https://alhumacollection.com/products/anaya-cotrykhd-v281-3p-shn-07-anaya-digital-printed-cotry-khaddar-3pc/","https://cdn.shopify.com/s/files/1/0906/1783/9987/files/2_fedb88ba-9ada-4478-879c-28cf8ea994df.jpg?v=1789195672","Anaya Noor","Women > Unstitched Suits > Formal"
"ANAYA-COTRYKHD-V281-3P-SHN-09","Anaya Digital Printed Cotry Khaddar 3PC — 9","Anaya Digital Printed Cotry Khaddar 3PC — 9. 3 Piece unstitched suit by Anaya Noor. Available to order with Cash on Delivery in Pakistan; final stock is confirmed before dispatch.","in stock","new","3450.00 PKR","https://alhumacollection.com/products/anaya-cotrykhd-v281-3p-shn-09-anaya-digital-printed-cotry-khaddar-3pc/","https://cdn.shopify.com/s/files/1/0906/1783/9987/files/5_4eeb11f2-1b82-4501-89f7-10b7beddebd1.jpg?v=1789195542","Anaya Noor","Women > Unstitched Suits > Formal"
"AN-DHNK-KCHATNKA-WHT-DK-05","Anaya Noor Pashmina With Kacha tanka Shawl 3PC — 5","Anaya Noor Pashmina With Kacha tanka Shawl 3PC — 5. 3 Piece unstitched suit by Anaya Noor. Available to order with Cash on Delivery in Pakistan; final stock is confirmed before dispatch.","in stock","new","6350.00 PKR","https://alhumacollection.com/products/an-dhnk-kchatnka-wht-dk-05-anaya-noor-pashmina-with-kacha-tanka-shawl-3pc/","https://cdn.shopify.com/s/files/1/0906/1783/9987/files/IMG_1003.jpg?v=1790344469","Anaya Noor","Women > Unstitched Suits > Formal"
"ANAYANOOR-KHD-V3-3P-01","Anaya Noor Printed & Emb Khaddar 3PC — 1","Anaya Noor Printed & Emb Khaddar 3PC — 1. 3 Piece unstitched suit by Anaya Noor. Available to order with Cash on Delivery in Pakistan; final stock is confirmed before dispatch.","in stock","new","5950.00 PKR","https://alhumacollection.com/products/anayanoor-khd-v3-3p-01-anaya-noor-printed-and-emb-khaddar-3pc/","https://cdn.shopify.com/s/files/1/0906/1783/9987/files/01_2_1ff9c0fa-972e-41ce-8243-ba5e778c32fe.jpg?v=1788870617","Anaya Noor","Women > Unstitched Suits > Formal"
"ANAYANOOR-KHD-V3-3P-03","Anaya Noor Printed & Emb Khaddar 3PC — 3","Anaya Noor Printed & Emb Khaddar 3PC — 3. 3 Piece unstitched suit by Anaya Noor. Available to order with Cash on Delivery in Pakistan; final stock is confirmed before dispatch.","in stock","new","5950.00 PKR","https://alhumacollection.com/products/anayanoor-khd-v3-3p-03-anaya-noor-printed-and-emb-khaddar-3pc/","https://cdn.shopify.com/s/files/1/0906/1783/9987/files/03_2_4e3fdab6-6ff2-46cb-a3ad-d97f36b55bad.jpg?v=1788870593","Anaya Noor","Women > Unstitched Suits > Formal"
"ANAYANOOR-KHD-V3-3P-04","Anaya Noor Printed & Emb Khaddar 3PC — 4","Anaya Noor Printed & Emb Khaddar 3PC — 4. 3 Piece unstitched suit by Anaya Noor. Available to order with Cash on Delivery in Pakistan; final stock is confirmed before dispatch.","in stock","new","5950.00 PKR","https://alhumacollection.com/products/anayanoor-khd-v3-3p-04-anaya-noor-printed-and-emb-khaddar-3pc/","https://cdn.shopify.com/s/files/1/0906/1783/9987/files/04_2_a049f56d-e176-4b6e-a88a-6a4209ce3b53.jpg?v=1788870560","Anaya Noor","Women > Unstitched Suits > Formal"
"ANAYANOOR-KHD-V3-3P-05","Anaya Noor Printed & Emb Khaddar 3PC — 5","Anaya Noor Printed & Emb Khaddar 3PC — 5. 3 Piece unstitched suit by Anaya Noor. Available to order with Cash on Delivery in Pakistan; final stock is confirmed before dispatch.","in stock","new","5950.00 PKR","https://alhumacollection.com/products/anayanoor-khd-v3-3p-05-anaya-noor-printed-and-emb-khaddar-3pc/","https://cdn.shopify.com/s/files/1/0906/1783/9987/files/05_2_85a1508f-780e-4b2f-9860-396bd19f5aa8.jpg?v=1788870532","Anaya Noor","Women > Unstitched Suits > Formal"
"ANAYANOOR-KHD-V3-3P-07","Anaya Noor Printed & Emb Khaddar 3PC — 7","Anaya Noor Printed & Emb Khaddar 3PC — 7. 3 Piece unstitched suit by Anaya Noor. Available to order with Cash on Delivery in Pakistan; final stock is confirmed before dispatch.","in stock","new","5950.00 PKR","https://alhumacollection.com/products/anayanoor-khd-v3-3p-07-anaya-noor-printed-and-emb-khaddar-3pc/","https://cdn.shopify.com/s/files/1/0906/1783/9987/files/07_2_ebd6efa9-1578-4923-ab88-ed507f4258d6.jpg?v=1788870476","Anaya Noor","Women > Unstitched Suits > Formal"
"ANAYANOOR-KHD-V3-3P-08","Anaya Noor Printed & Emb Khaddar 3PC — 8","Anaya Noor Printed & Emb Khaddar 3PC — 8. 3 Piece unstitched suit by Anaya Noor. Available to order with Cash on Delivery in Pakistan; final stock is confirmed before dispatch.","in stock","new","5950.00 PKR","https://alhumacollection.com/products/anayanoor-khd-v3-3p-08-anaya-noor-printed-and-emb-khaddar-3pc/","https://cdn.shopify.com/s/files/1/0906/1783/9987/files/08_2_1550260c-971c-4bb5-b4c4-69f872269cf4.jpg?v=1788870424","Anaya Noor","Women > Unstitched Suits > Formal"
"ANAYANOOR-KHD-V3-3P-09","Anaya Noor Printed & Emb Khaddar 3PC — 9","Anaya Noor Printed & Emb Khaddar 3PC — 9. 3 Piece unstitched suit by Anaya Noor. Available to order with Cash on Delivery in Pakistan; final stock is confirmed before dispatch.","in stock","new","5950.00 PKR","https://alhumacollection.com/products/anayanoor-khd-v3-3p-09-anaya-noor-printed-and-emb-khaddar-3pc/","https://cdn.shopify.com/s/files/1/0906/1783/9987/files/09_2_5762b89d-743e-43c6-9a83-100431334afc.jpg?v=1788870451","Anaya Noor","Women > Unstitched Suits > Formal"
"ANAYANOOR-KHD-V2-3P-09","Anaya Noor Winter 2026 Plain Emb Khaddar 3PC — 9","Anaya Noor Winter 2026 Plain Emb Khaddar 3PC — 9. 3 Piece unstitched suit by Anaya Noor. Available to order with Cash on Delivery in Pakistan; final stock is confirmed before dispatch.","in stock","new","5950.00 PKR","https://alhumacollection.com/products/anayanoor-khd-v2-3p-09-anaya-noor-winter-2026-plain-emb-khaddar-3pc/","https://cdn.shopify.com/s/files/1/0906/1783/9987/files/09_2_2d74a540-06bf-458e-8192-a28ca7e2a554.jpg?v=1788792498","Anaya Noor","Women > Unstitched Suits > Formal"
"KEHKASHAN-ANAYANOOR-3P-AN-01","Kehkashan By Anaya Noor Fully Emb Viscose 3PC — 1","Kehkashan By Anaya Noor Fully Emb Viscose 3PC — 1. 3 Piece unstitched suit by Anaya Noor. Available to order with Cash on Delivery in Pakistan; final stock is confirmed before dispatch.","in stock","new","6150.00 PKR","https://alhumacollection.com/products/kehkashan-anayanoor-3p-an-01-kehkashan-by-anaya-noor-fully-emb-viscose-3pc/","https://cdn.shopify.com/s/files/1/0906/1783/9987/files/10_4_080ac10f-0cd9-4e17-84a6-597bf8e39aa2.png?v=1789629340","Anaya Noor","Women > Unstitched Suits > Formal"
"KEHKASHAN-ANAYANOOR-3P-AN-05","Kehkashan By Anaya Noor Fully Emb Viscose 3PC — 5","Kehkashan By Anaya Noor Fully Emb Viscose 3PC — 5. 3 Piece unstitched suit by Anaya Noor. Available to order with Cash on Delivery in Pakistan; final stock is confirmed before dispatch.","in stock","new","6150.00 PKR","https://alhumacollection.com/products/kehkashan-anayanoor-3p-an-05-kehkashan-by-anaya-noor-fully-emb-viscose-3pc/","https://cdn.shopify.com/s/files/1/0906/1783/9987/files/6_2_68a437ab-4771-4a7b-b7fb-b0353b9fb6b1.png?v=1789629576","Anaya Noor","Women > Unstitched Suits > Formal"
"KEHKASHAN-ANAYANOOR-3P-AN-06","Kehkashan By Anaya Noor Fully Emb Viscose 3PC — 6","Kehkashan By Anaya Noor Fully Emb Viscose 3PC — 6. 3 Piece unstitched suit by Anaya Noor. Available to order with Cash on Delivery in Pakistan; final stock is confirmed before dispatch.","in stock","new","6150.00 PKR","https://alhumacollection.com/products/kehkashan-anayanoor-3p-an-06-kehkashan-by-anaya-noor-fully-emb-viscose-3pc/","https://cdn.shopify.com/s/files/1/0906/1783/9987/files/5_2_0b81e648-7f5a-44c8-a777-8734447d3ae4.png?v=1789629619","Anaya Noor","Women > Unstitched Suits > Formal"
"KEHKASHAN-ANAYANOOR-3P-AN-07","Kehkashan By Anaya Noor Fully Emb Viscose 3PC — 7","Kehkashan By Anaya Noor Fully Emb Viscose 3PC — 7. 3 Piece unstitched suit by Anaya Noor. Available to order with Cash on Delivery in Pakistan; final stock is confirmed before dispatch.","in stock","new","6150.00 PKR","https://alhumacollection.com/products/kehkashan-anayanoor-3p-an-07-kehkashan-by-anaya-noor-fully-emb-viscose-3pc/","https://cdn.shopify.com/s/files/1/0906/1783/9987/files/4_5_3eec09c1-8cfc-4642-a70c-4f4c697cfbb5.png?v=1789629660","Anaya Noor","Women > Unstitched Suits > Formal"
"KEHKASHAN-ANAYANOOR-3P-AN-08","Kehkashan By Anaya Noor Fully Emb Viscose 3PC — 8","Kehkashan By Anaya Noor Fully Emb Viscose 3PC — 8. 3 Piece unstitched suit by Anaya Noor. Available to order with Cash on Delivery in Pakistan; final stock is confirmed before dispatch.","in stock","new","6150.00 PKR","https://alhumacollection.com/products/kehkashan-anayanoor-3p-an-08-kehkashan-by-anaya-noor-fully-emb-viscose-3pc/","https://cdn.shopify.com/s/files/1/0906/1783/9987/files/3_2_8d20c16c-63bc-42e1-92dc-9071dc3aa8fe.png?v=1789629737","Anaya Noor","Women > Unstitched Suits > Formal"
"KEHKASHAN-ANAYANOOR-3P-AN-09","Kehkashan By Anaya Noor Fully Emb Viscose 3PC — 9","Kehkashan By Anaya Noor Fully Emb Viscose 3PC — 9. 3 Piece unstitched suit by Anaya Noor. Available to order with Cash on Delivery in Pakistan; final stock is confirmed before dispatch.","in stock","new","6150.00 PKR","https://alhumacollection.com/products/kehkashan-anayanoor-3p-an-09-kehkashan-by-anaya-noor-fully-emb-viscose-3pc/","https://cdn.shopify.com/s/files/1/0906/1783/9987/files/2_7_7e675fe4-7b2d-4317-99a4-83bdde2ee414.png?v=1789629798","Anaya Noor","Women > Unstitched Suits > Formal"
"LAZERKARI-ANAYANOOR-VOL-01-D01","Lazer Kari By Anaya Noor Emb Viscose 3PC — 1","Lazer Kari By Anaya Noor Emb Viscose 3PC — 1. 3 Piece unstitched suit by Anaya Noor. Available to order with Cash on Delivery in Pakistan; final stock is confirmed before dispatch.","in stock","new","7200.00 PKR","https://alhumacollection.com/products/lazerkari-anayanoor-vol-01-d01-lazer-kari-by-anaya-noor-emb-viscose-3pc/","https://cdn.shopify.com/s/files/1/0906/1783/9987/files/8_1__jpg_5be1ceb3-ce07-49e7-8b8a-a1b8cf8c2801.jpg?v=1788766075","Anaya Noor","Women > Unstitched Suits > Formal"
"LAZERKARI-ANAYANOOR-VOL-01-D02","Lazer Kari By Anaya Noor Emb Viscose 3PC — 2","Lazer Kari By Anaya Noor Emb Viscose 3PC — 2. 3 Piece unstitched suit by Anaya Noor. Available to order with Cash on Delivery in Pakistan; final stock is confirmed before dispatch.","in stock","new","7200.00 PKR","https://alhumacollection.com/products/lazerkari-anayanoor-vol-01-d02-lazer-kari-by-anaya-noor-emb-viscose-3pc/","https://cdn.shopify.com/s/files/1/0906/1783/9987/files/7_8__jpg.jpg?v=1788766144","Anaya Noor","Women > Unstitched Suits > Formal"
"LAZERKARI-ANAYANOOR-VOL-01-D03","Lazer Kari By Anaya Noor Emb Viscose 3PC — 3","Lazer Kari By Anaya Noor Emb Viscose 3PC — 3. 3 Piece unstitched suit by Anaya Noor. Available to order with Cash on Delivery in Pakistan; final stock is confirmed before dispatch.","in stock","new","7200.00 PKR","https://alhumacollection.com/products/lazerkari-anayanoor-vol-01-d03-lazer-kari-by-anaya-noor-emb-viscose-3pc/","https://cdn.shopify.com/s/files/1/0906/1783/9987/files/6_2__jpg_032d3f0c-16a0-4fa9-8f56-799b70d1f212.jpg?v=1788766205","Anaya Noor","Women > Unstitched Suits > Formal"
"LAZERKARI-ANAYANOOR-VOL-01-D04","Lazer Kari By Anaya Noor Emb Viscose 3PC — 4","Lazer Kari By Anaya Noor Emb Viscose 3PC — 4. 3 Piece unstitched suit by Anaya Noor. Available to order with Cash on Delivery in Pakistan; final stock is confirmed before dispatch.","in stock","new","7200.00 PKR","https://alhumacollection.com/products/lazerkari-anayanoor-vol-01-d04-lazer-kari-by-anaya-noor-emb-viscose-3pc/","https://cdn.shopify.com/s/files/1/0906/1783/9987/files/5_5__jpg.jpg?v=1788766252","Anaya Noor","Women > Unstitched Suits > Formal"
"LAZERKARI-ANAYANOOR-VOL-01-D05","Lazer Kari By Anaya Noor Emb Viscose 3PC — 5","Lazer Kari By Anaya Noor Emb Viscose 3PC — 5. 3 Piece unstitched suit by Anaya Noor. Available to order with Cash on Delivery in Pakistan; final stock is confirmed before dispatch.","in stock","new","7200.00 PKR","https://alhumacollection.com/products/lazerkari-anayanoor-vol-01-d05-lazer-kari-by-anaya-noor-emb-viscose-3pc/","https://cdn.shopify.com/s/files/1/0906/1783/9987/files/4_4__jpg_bba9d534-ff21-4cc8-8c4e-649317790e2e.jpg?v=1788766366","Anaya Noor","Women > Unstitched Suits > Formal"
"LAZERKARI-ANAYANOOR-VOL-01-D06","Lazer Kari By Anaya Noor Emb Viscose 3PC — 6","Lazer Kari By Anaya Noor Emb Viscose 3PC — 6. 3 Piece unstitched suit by Anaya Noor. Available to order with Cash on Delivery in Pakistan; final stock is confirmed before dispatch.","in stock","new","7200.00 PKR","https://alhumacollection.com/products/lazerkari-anayanoor-vol-01-d06-lazer-kari-by-anaya-noor-emb-viscose-3pc/","https://cdn.shopify.com/s/files/1/0906/1783/9987/files/3_3__jpg_a74a6f7e-d319-46d5-ae08-7cfbd41105e6.jpg?v=1788766322","Anaya Noor","Women > Unstitched Suits > Formal"
"LAZERKARI-ANAYANOOR-VOL-01-D07","Lazer Kari By Anaya Noor Emb Viscose 3PC — 7","Lazer Kari By Anaya Noor Emb Viscose 3PC — 7. 3 Piece unstitched suit by Anaya Noor. Available to order with Cash on Delivery in Pakistan; final stock is confirmed before dispatch.","in stock","new","7200.00 PKR","https://alhumacollection.com/products/lazerkari-anayanoor-vol-01-d07-lazer-kari-by-anaya-noor-emb-viscose-3pc/","https://cdn.shopify.com/s/files/1/0906/1783/9987/files/2_1__jpg_ece1e337-3b6d-4a02-b72b-7772e65c734d.jpg?v=1788766414","Anaya Noor","Women > Unstitched Suits > Formal"
"LAZERKARI-ANAYANOOR-VOL-01-D08","Lazer Kari By Anaya Noor Emb Viscose 3PC — 8","Lazer Kari By Anaya Noor Emb Viscose 3PC — 8. 3 Piece unstitched suit by Anaya Noor. Available to order with Cash on Delivery in Pakistan; final stock is confirmed before dispatch.","in stock","new","7200.00 PKR","https://alhumacollection.com/products/lazerkari-anayanoor-vol-01-d08-lazer-kari-by-anaya-noor-emb-viscose-3pc/","https://cdn.shopify.com/s/files/1/0906/1783/9987/files/Gemini_Generated_Image_l9efnal9efnal9ef.jpg?v=1788598272","Anaya Noor","Women > Unstitched Suits > Formal"
"MARINO-ANAYANOOR-VOL-01-D06","Marino By Anaya Noor Emb Marina With Plachi Dupatta 3PC — 6","Marino By Anaya Noor Emb Marina With Plachi Dupatta 3PC — 6. 3 Piece unstitched suit by Anaya Noor. Available to order with Cash on Delivery in Pakistan; final stock is confirmed before dispatch.","in stock","new","7000.00 PKR","https://alhumacollection.com/products/marino-anayanoor-vol-01-d06-marino-by-anaya-noor-emb-marina-with-plachi-dupatta-3pc/","https://cdn.shopify.com/s/files/1/0906/1783/9987/files/06_3_23cd3ec3-221d-492e-a693-09f2eb0e2793.jpg?v=1788415604","Anaya Noor","Women > Unstitched Suits > Formal"
"NARM-O-NAFEES-ANAYA-A03","Narm o Nafees By Anaya Noor Embroidered Viscose 3PC — 3","Narm o Nafees By Anaya Noor Embroidered Viscose 3PC — 3. 3 Piece unstitched suit by Anaya Noor. Available to order with Cash on Delivery in Pakistan; final stock is confirmed before dispatch.","in stock","new","7150.00 PKR","https://alhumacollection.com/products/narm-o-nafees-anaya-a03-narm-o-nafees-by-anaya-noor-embroidered-viscose-3pc/","https://cdn.shopify.com/s/files/1/0906/1783/9987/files/DSC02900_2000_3000.jpg?v=1761657951","Anaya Noor","Women > Unstitched Suits > Luxury"
"NARM-O-NAFEES-ANAYA-A04","Narm o Nafees By Anaya Noor Embroidered Viscose 3PC — 4","Narm o Nafees By Anaya Noor Embroidered Viscose 3PC — 4. 3 Piece unstitched suit by Anaya Noor. Available to order with Cash on Delivery in Pakistan; final stock is confirmed before dispatch.","in stock","new","7150.00 PKR","https://alhumacollection.com/products/narm-o-nafees-anaya-a04-narm-o-nafees-by-anaya-noor-embroidered-viscose-3pc/","https://cdn.shopify.com/s/files/1/0906/1783/9987/files/DSC02916_2000_3000.jpg?v=1761657966","Anaya Noor","Women > Unstitched Suits > Luxury"
"NARM-O-NAFEES-ANAYA-A05","Narm o Nafees By Anaya Noor Embroidered Viscose 3PC — 5","Narm o Nafees By Anaya Noor Embroidered Viscose 3PC — 5. 3 Piece unstitched suit by Anaya Noor. Available to order with Cash on Delivery in Pakistan; final stock is confirmed before dispatch.","in stock","new","7150.00 PKR","https://alhumacollection.com/products/narm-o-nafees-anaya-a05-narm-o-nafees-by-anaya-noor-embroidered-viscose-3pc/","https://cdn.shopify.com/s/files/1/0906/1783/9987/files/DSC02934_2000_3000.jpg?v=1761657983","Anaya Noor","Women > Unstitched Suits > Luxury"
"NARM-O-NAFEES-ANAYA-A06","Narm o Nafees By Anaya Noor Embroidered Viscose 3PC — 6","Narm o Nafees By Anaya Noor Embroidered Viscose 3PC — 6. 3 Piece unstitched suit by Anaya Noor. Available to order with Cash on Delivery in Pakistan; final stock is confirmed before dispatch.","in stock","new","7150.00 PKR","https://alhumacollection.com/products/narm-o-nafees-anaya-a06-narm-o-nafees-by-anaya-noor-embroidered-viscose-3pc/","https://cdn.shopify.com/s/files/1/0906/1783/9987/files/DSC02950_2000_3000.jpg?v=1761658000","Anaya Noor","Women > Unstitched Suits > Luxury"
"NARM-O-NAFEES-ANAYA-A08","Narm o Nafees By Anaya Noor Embroidered Viscose 3PC — 8","Narm o Nafees By Anaya Noor Embroidered Viscose 3PC — 8. 3 Piece unstitched suit by Anaya Noor. Available to order with Cash on Delivery in Pakistan; final stock is confirmed before dispatch.","in stock","new","7150.00 PKR","https://alhumacollection.com/products/narm-o-nafees-anaya-a08-narm-o-nafees-by-anaya-noor-embroidered-viscose-3pc/","https://cdn.shopify.com/s/files/1/0906/1783/9987/files/DSC02990_2000_3000.jpg?v=1761658626","Anaya Noor","Women > Unstitched Suits > Luxury"
"NASHEMAN-ANAYA-NOOR-S26-03","Nasheman By Anaya Noor Exclusive Heavy Emb Lawn 3PC — 3","Nasheman By Anaya Noor Exclusive Heavy Emb Lawn 3PC — 3. 3 Piece unstitched suit by Anaya Noor. Available to order with Cash on Delivery in Pakistan; final stock is confirmed before dispatch.","in stock","new","8000.00 PKR","https://alhumacollection.com/products/nasheman-anaya-noor-s26-03-nasheman-by-anaya-noor-exclusive-heavy-emb-lawn-3pc/","https://cdn.shopify.com/s/files/1/0906/1783/9987/files/1_7-Copy.png?v=1779030025","Anaya Noor","Women > Unstitched Suits > Luxury"
"SARMA-ANAYA-NOOR-3P-A01","Sarma By Anaya Noor Fully Emb Viscose 3PC — 1","Sarma By Anaya Noor Fully Emb Viscose 3PC — 1. 3 Piece unstitched suit by Anaya Noor. Available to order with Cash on Delivery in Pakistan; final stock is confirmed before dispatch.","in stock","new","6550.00 PKR","https://alhumacollection.com/products/sarma-anaya-noor-3p-a01-sarma-by-anaya-noor-fully-emb-viscose-3pc/","https://cdn.shopify.com/s/files/1/0906/1783/9987/files/8_3__jpg_c6297837-c61e-45db-8848-56c86c591a35.jpg?v=1788942989","Anaya Noor","Women > Unstitched Suits > Formal"
"SARMA-ANAYA-NOOR-3P-A02","Sarma By Anaya Noor Fully Emb Viscose 3PC — 2","Sarma By Anaya Noor Fully Emb Viscose 3PC — 2. 3 Piece unstitched suit by Anaya Noor. Available to order with Cash on Delivery in Pakistan; final stock is confirmed before dispatch.","in stock","new","6550.00 PKR","https://alhumacollection.com/products/sarma-anaya-noor-3p-a02-sarma-by-anaya-noor-fully-emb-viscose-3pc/","https://cdn.shopify.com/s/files/1/0906/1783/9987/files/7_1__jpg_5642a535-eef8-4722-a816-03c0e3f50165.jpg?v=1788942901","Anaya Noor","Women > Unstitched Suits > Formal"
"SARMA-ANAYA-NOOR-3P-A04","Sarma By Anaya Noor Fully Emb Viscose 3PC — 4","Sarma By Anaya Noor Fully Emb Viscose 3PC — 4. 3 Piece unstitched suit by Anaya Noor. Available to order with Cash on Delivery in Pakistan; final stock is confirmed before dispatch.","in stock","new","6550.00 PKR","https://alhumacollection.com/products/sarma-anaya-noor-3p-a04-sarma-by-anaya-noor-fully-emb-viscose-3pc/","https://cdn.shopify.com/s/files/1/0906/1783/9987/files/5_4__jpg_86fb5eb7-49e3-4293-967f-8fad18d183b1.jpg?v=1788942852","Anaya Noor","Women > Unstitched Suits > Formal"
"SERAYAN-ANAYANOOR-DE-01","Serayan By Anaya Noor Emb Bana Dora Lawn 3PC — 1","Serayan By Anaya Noor Emb Bana Dora Lawn 3PC — 1. 3 Piece unstitched suit by Anaya Noor. Available to order with Cash on Delivery in Pakistan; final stock is confirmed before dispatch.","in stock","new","9245.00 PKR","https://alhumacollection.com/products/serayan-anayanoor-de-01-serayan-by-anaya-noor-emb-bana-dora-lawn-3pc/","https://cdn.shopify.com/s/files/1/0906/1783/9987/files/DSC07405_2000_3000.jpg?v=1771511593","Anaya Noor","Women > Unstitched Suits > Luxury"
"SERAYAN-ANAYANOOR-DE-03","Serayan By Anaya Noor Emb Bana Dora Lawn 3PC — 3","Serayan By Anaya Noor Emb Bana Dora Lawn 3PC — 3. 3 Piece unstitched suit by Anaya Noor. Available to order with Cash on Delivery in Pakistan; final stock is confirmed before dispatch.","in stock","new","8521.00 PKR","https://alhumacollection.com/products/serayan-anayanoor-de-03-serayan-by-anaya-noor-emb-bana-dora-lawn-3pc/","https://cdn.shopify.com/s/files/1/0906/1783/9987/files/DSC07693_2000_3000.jpg?v=1771507562","Anaya Noor","Women > Unstitched Suits > Luxury"
"SERAYAN-ANAYANOOR-DE-04","Serayan By Anaya Noor Emb Bana Dora Lawn 3PC — 4","Serayan By Anaya Noor Emb Bana Dora Lawn 3PC — 4. 3 Piece unstitched suit by Anaya Noor. Available to order with Cash on Delivery in Pakistan; final stock is confirmed before dispatch.","in stock","new","9245.00 PKR","https://alhumacollection.com/products/serayan-anayanoor-de-04-serayan-by-anaya-noor-emb-bana-dora-lawn-3pc/","https://cdn.shopify.com/s/files/1/0906/1783/9987/files/DSC07914_2000_3000.jpg?v=1771507701","Anaya Noor","Women > Unstitched Suits > Luxury"
"SERAYAN-ANAYANOOR-DE-06","Serayan By Anaya Noor Emb Bana Dora Lawn 3PC — 6","Serayan By Anaya Noor Emb Bana Dora Lawn 3PC — 6. 3 Piece unstitched suit by Anaya Noor. Available to order with Cash on Delivery in Pakistan; final stock is confirmed before dispatch.","in stock","new","9245.00 PKR","https://alhumacollection.com/products/serayan-anayanoor-de-06-serayan-by-anaya-noor-emb-bana-dora-lawn-3pc/","https://cdn.shopify.com/s/files/1/0906/1783/9987/files/DSC08161_2000_3000.jpg?v=1771506745","Anaya Noor","Women > Unstitched Suits > Luxury"
"SERAYAN-ANAYANOOR-DE-07","Serayan By Anaya Noor Emb Bana Dora Lawn 3PC — 7","Serayan By Anaya Noor Emb Bana Dora Lawn 3PC — 7. 3 Piece unstitched suit by Anaya Noor. Available to order with Cash on Delivery in Pakistan; final stock is confirmed before dispatch.","in stock","new","8521.00 PKR","https://alhumacollection.com/products/serayan-anayanoor-de-07-serayan-by-anaya-noor-emb-bana-dora-lawn-3pc/","https://cdn.shopify.com/s/files/1/0906/1783/9987/files/DSC08290_2000_3000.jpg?v=1771507773","Anaya Noor","Women > Unstitched Suits > Luxury"
"SUKHAINA-ANAYANOOR-3P-AN04","Sukhaina By Anaya Noor Fully Emb Slub Marina 3PC — 4","Sukhaina By Anaya Noor Fully Emb Slub Marina 3PC — 4. 3 Piece unstitched suit by Anaya Noor. Available to order with Cash on Delivery in Pakistan; final stock is confirmed before dispatch.","in stock","new","6250.00 PKR","https://alhumacollection.com/products/sukhaina-anayanoor-3p-an04-sukhaina-by-anaya-noor-fully-emb-slub-marina-3pc/","https://cdn.shopify.com/s/files/1/0906/1783/9987/files/4_4_74a2e18d-4a32-43fd-a4ab-06fe6d91d608.png?v=1789632559","Anaya Noor","Women > Unstitched Suits > Formal"
"SUKHAINA-ANAYANOOR-3P-AN05","Sukhaina By Anaya Noor Fully Emb Slub Marina 3PC — 5","Sukhaina By Anaya Noor Fully Emb Slub Marina 3PC — 5. 3 Piece unstitched suit by Anaya Noor. Available to order with Cash on Delivery in Pakistan; final stock is confirmed before dispatch.","in stock","new","6250.00 PKR","https://alhumacollection.com/products/sukhaina-anayanoor-3p-an05-sukhaina-by-anaya-noor-fully-emb-slub-marina-3pc/","https://cdn.shopify.com/s/files/1/0906/1783/9987/files/3_3_99b07298-9888-490a-bec1-421be48f3bb6.png?v=1789632600","Anaya Noor","Women > Unstitched Suits > Formal"
"TAHNIYAT-ANAYANOOR-D01","Tahniyat By Anaya Noor Digital Printed & Emb Karandi 3PC — 1","Tahniyat By Anaya Noor Digital Printed & Emb Karandi 3PC — 1. 3 Piece unstitched suit by Anaya Noor. Available to order with Cash on Delivery in Pakistan; final stock is confirmed before dispatch.","in stock","new","5950.00 PKR","https://alhumacollection.com/products/tahniyat-anayanoor-d01-tahniyat-by-anaya-noor-digital-printed-and-emb-karandi-3pc/","https://cdn.shopify.com/s/files/1/0906/1783/9987/files/1_1__jpg_1e130942-0563-46e1-b3f4-170dcfebd43b.jpg?v=1788878781","Anaya Noor","Women > Unstitched Suits > Formal"
"TAHNIYAT-ANAYANOOR-D02","Tahniyat By Anaya Noor Digital Printed & Emb Karandi 3PC — 2","Tahniyat By Anaya Noor Digital Printed & Emb Karandi 3PC — 2. 3 Piece unstitched suit by Anaya Noor. Available to order with Cash on Delivery in Pakistan; final stock is confirmed before dispatch.","in stock","new","5950.00 PKR","https://alhumacollection.com/products/tahniyat-anayanoor-d02-tahniyat-by-anaya-noor-digital-printed-and-emb-karandi-3pc/","https://cdn.shopify.com/s/files/1/0906/1783/9987/files/10_4_7d38ce4b-b68f-41aa-b94f-d1596bdd853b.jpg?v=1788878702","Anaya Noor","Women > Unstitched Suits > Formal"
"TAHNIYAT-ANAYANOOR-D03","Tahniyat By Anaya Noor Digital Printed & Emb Karandi 3PC — 3","Tahniyat By Anaya Noor Digital Printed & Emb Karandi 3PC — 3. 3 Piece unstitched suit by Anaya Noor. Available to order with Cash on Delivery in Pakistan; final stock is confirmed before dispatch.","in stock","new","5950.00 PKR","https://alhumacollection.com/products/tahniyat-anayanoor-d03-tahniyat-by-anaya-noor-digital-printed-and-emb-karandi-3pc/","https://cdn.shopify.com/s/files/1/0906/1783/9987/files/9_2__jpg_b823e099-32f0-4768-9000-efc047ed0e00.jpg?v=1788878729","Anaya Noor","Women > Unstitched Suits > Formal"
"TAHNIYAT-ANAYANOOR-D07","Tahniyat By Anaya Noor Digital Printed & Emb Karandi 3PC — 7","Tahniyat By Anaya Noor Digital Printed & Emb Karandi 3PC — 7. 3 Piece unstitched suit by Anaya Noor. Available to order with Cash on Delivery in Pakistan; final stock is confirmed before dispatch.","in stock","new","5950.00 PKR","https://alhumacollection.com/products/tahniyat-anayanoor-d07-tahniyat-by-anaya-noor-digital-printed-and-emb-karandi-3pc/","https://cdn.shopify.com/s/files/1/0906/1783/9987/files/5_2__jpg_32f378fa-9f5c-4b79-b68f-c93a6e055758.jpg?v=1788878462","Anaya Noor","Women > Unstitched Suits > Formal"
"TAHNIYAT-ANAYANOOR-D09","Tahniyat By Anaya Noor Digital Printed & Emb Karandi 3PC — 9","Tahniyat By Anaya Noor Digital Printed & Emb Karandi 3PC — 9. 3 Piece unstitched suit by Anaya Noor. Available to order with Cash on Delivery in Pakistan; final stock is confirmed before dispatch.","in stock","new","5950.00 PKR","https://alhumacollection.com/products/tahniyat-anayanoor-d09-tahniyat-by-anaya-noor-digital-printed-and-emb-karandi-3pc/","https://cdn.shopify.com/s/files/1/0906/1783/9987/files/3_5__jpg.jpg?v=1788878293","Anaya Noor","Women > Unstitched Suits > Formal"
"WHITEROSE-ANAYANOOR-3P-D02","White Rose By Anaya Noor Emb Viscose 3PC — 2","White Rose By Anaya Noor Emb Viscose 3PC — 2. 3 Piece unstitched suit by Anaya Noor. Available to order with Cash on Delivery in Pakistan; final stock is confirmed before dispatch.","in stock","new","6350.00 PKR","https://alhumacollection.com/products/whiterose-anayanoor-3p-d02-white-rose-by-anaya-noor-emb-viscose-3pc/","https://cdn.shopify.com/s/files/1/0906/1783/9987/files/10_3_c30ce587-7c8d-46de-b3f2-7ebb9991817d.jpg?v=1790348739","Anaya Noor","Women > Unstitched Suits > Formal"
"WHITEROSE-ANAYANOOR-3P-D09","White Rose By Anaya Noor Emb Viscose 3PC — 9","White Rose By Anaya Noor Emb Viscose 3PC — 9. 3 Piece unstitched suit by Anaya Noor. Available to order with Cash on Delivery in Pakistan; final stock is confirmed before dispatch.","in stock","new","6350.00 PKR","https://alhumacollection.com/products/whiterose-anayanoor-3p-d09-white-rose-by-anaya-noor-emb-viscose-3pc/","https://cdn.shopify.com/s/files/1/0906/1783/9987/files/8_3_1.jpg?v=1790349160","Anaya Noor","Women > Unstitched Suits > Formal"
"ZARQASH-VL27-3P-01","Zarqash By Anaya Noor Heavy Emb With Neno Kara 3PC — 1","Zarqash By Anaya Noor Heavy Emb With Neno Kara 3PC — 1. 3 Piece unstitched suit by Anaya Noor. Available to order with Cash on Delivery in Pakistan; final stock is confirmed before dispatch.","in stock","new","5995.00 PKR","https://alhumacollection.com/products/zarqash-vl27-3p-01-zarqash-by-anaya-noor-heavy-emb-with-neno-kara-3pc/","https://cdn.shopify.com/s/files/1/0906/1783/9987/files/1_2_d451330d-0b4a-46d8-a836-cc67d3a09ec2.jpg?v=1748871875","Anaya Noor","Women > Unstitched Suits > Formal"
"ZARQASH-VL27-3P-11","Zarqash By Anaya Noor Heavy Emb With Neno Kara 3PC — 11","Zarqash By Anaya Noor Heavy Emb With Neno Kara 3PC — 11. 3 Piece unstitched suit by Anaya Noor. Available to order with Cash on Delivery in Pakistan; final stock is confirmed before dispatch.","in stock","new","5995.00 PKR","https://alhumacollection.com/products/zarqash-vl27-3p-11-zarqash-by-anaya-noor-heavy-emb-with-neno-kara-3pc/","https://cdn.shopify.com/s/files/1/0906/1783/9987/files/11_1_3ad6c4fe-1494-44cc-8841-b4fb0827cc72.jpg?v=1748872016","Anaya Noor","Women > Unstitched Suits > Formal"
"ASIFA-NABEEL-SILK-3PC-AN-01","Asifa Nabeel Shamoz Silk With Emb Patches 3PC — 1","Asifa Nabeel Shamoz Silk With Emb Patches 3PC — 1. 3 Piece unstitched suit by Asifa Nabeel. Available to order with Cash on Delivery in Pakistan; final stock is confirmed before dispatch.","in stock","new","5600.00 PKR","https://alhumacollection.com/products/asifa-nabeel-silk-3pc-an-01-asifa-nabeel-shamoz-silk-with-emb-patches-3pc/","https://cdn.shopify.com/s/files/1/0906/1783/9987/files/1_6c983e65-425e-49d9-82ee-7b0d523da470.png?v=1789821026","Asifa Nabeel","Women > Unstitched Suits > Formal"
"ASIFA-NABEEL-SILK-3PC-AN-10","Asifa Nabeel Shamoz Silk With Emb Patches 3PC — 10","Asifa Nabeel Shamoz Silk With Emb Patches 3PC — 10. 3 Piece unstitched suit by Asifa Nabeel. Available to order with Cash on Delivery in Pakistan; final stock is confirmed before dispatch.","in stock","new","5600.00 PKR","https://alhumacollection.com/products/asifa-nabeel-silk-3pc-an-10-asifa-nabeel-shamoz-silk-with-emb-patches-3pc/","https://cdn.shopify.com/s/files/1/0906/1783/9987/files/10_84047487-4e51-4f9d-968e-f0fd5686499a.png?v=1789821293","Asifa Nabeel","Women > Unstitched Suits > Formal"
"ASIFA-NABEEL-SILK-3PC-AN-02","Asifa Nabeel Shamoz Silk With Emb Patches 3PC — 2","Asifa Nabeel Shamoz Silk With Emb Patches 3PC — 2. 3 Piece unstitched suit by Asifa Nabeel. Available to order with Cash on Delivery in Pakistan; final stock is confirmed before dispatch.","in stock","new","5600.00 PKR","https://alhumacollection.com/products/asifa-nabeel-silk-3pc-an-02-asifa-nabeel-shamoz-silk-with-emb-patches-3pc/","https://cdn.shopify.com/s/files/1/0906/1783/9987/files/2_077cad61-b1c6-44f6-b084-31a377c04acc.png?v=1789821047","Asifa Nabeel","Women > Unstitched Suits > Formal"
"ASIFA-NABEEL-SILK-3PC-AN-03","Asifa Nabeel Shamoz Silk With Emb Patches 3PC — 3","Asifa Nabeel Shamoz Silk With Emb Patches 3PC — 3. 3 Piece unstitched suit by Asifa Nabeel. Available to order with Cash on Delivery in Pakistan; final stock is confirmed before dispatch.","in stock","new","5600.00 PKR","https://alhumacollection.com/products/asifa-nabeel-silk-3pc-an-03-asifa-nabeel-shamoz-silk-with-emb-patches-3pc/","https://cdn.shopify.com/s/files/1/0906/1783/9987/files/3_88b6241f-dbd0-4a37-9c9c-3039c3159361.png?v=1789821067","Asifa Nabeel","Women > Unstitched Suits > Formal"
"ASIFA-NABEEL-SILK-3PC-AN-05","Asifa Nabeel Shamoz Silk With Emb Patches 3PC — 5","Asifa Nabeel Shamoz Silk With Emb Patches 3PC — 5. 3 Piece unstitched suit by Asifa Nabeel. Available to order with Cash on Delivery in Pakistan; final stock is confirmed before dispatch.","in stock","new","5600.00 PKR","https://alhumacollection.com/products/asifa-nabeel-silk-3pc-an-05-asifa-nabeel-shamoz-silk-with-emb-patches-3pc/","https://cdn.shopify.com/s/files/1/0906/1783/9987/files/5_29027923-c41d-4e49-ab87-05451defe50e.png?v=1789821148","Asifa Nabeel","Women > Unstitched Suits > Formal"
"ASIFA-NABEEL-SILK-3PC-AN-06","Asifa Nabeel Shamoz Silk With Emb Patches 3PC — 6","Asifa Nabeel Shamoz Silk With Emb Patches 3PC — 6. 3 Piece unstitched suit by Asifa Nabeel. Available to order with Cash on Delivery in Pakistan; final stock is confirmed before dispatch.","in stock","new","5600.00 PKR","https://alhumacollection.com/products/asifa-nabeel-silk-3pc-an-06-asifa-nabeel-shamoz-silk-with-emb-patches-3pc/","https://cdn.shopify.com/s/files/1/0906/1783/9987/files/6_96d1b52d-3c12-42bf-977f-892b4a342c94.png?v=1789821175","Asifa Nabeel","Women > Unstitched Suits > Formal"
"ASIFA-NABEEL-SILK-3PC-AN-07","Asifa Nabeel Shamoz Silk With Emb Patches 3PC — 7","Asifa Nabeel Shamoz Silk With Emb Patches 3PC — 7. 3 Piece unstitched suit by Asifa Nabeel. Available to order with Cash on Delivery in Pakistan; final stock is confirmed before dispatch.","in stock","new","5600.00 PKR","https://alhumacollection.com/products/asifa-nabeel-silk-3pc-an-07-asifa-nabeel-shamoz-silk-with-emb-patches-3pc/","https://cdn.shopify.com/s/files/1/0906/1783/9987/files/7_a113e9bf-2126-4fbc-b5bb-396eda504e70.png?v=1789821209","Asifa Nabeel","Women > Unstitched Suits > Formal"
"ASIFA-NABEEL-SILK-3PC-AN-08","Asifa Nabeel Shamoz Silk With Emb Patches 3PC — 8","Asifa Nabeel Shamoz Silk With Emb Patches 3PC — 8. 3 Piece unstitched suit by Asifa Nabeel. Available to order with Cash on Delivery in Pakistan; final stock is confirmed before dispatch.","in stock","new","5600.00 PKR","https://alhumacollection.com/products/asifa-nabeel-silk-3pc-an-08-asifa-nabeel-shamoz-silk-with-emb-patches-3pc/","https://cdn.shopify.com/s/files/1/0906/1783/9987/files/8_760bc49f-38ab-4d57-855b-da34f9532b7d.png?v=1789821237","Asifa Nabeel","Women > Unstitched Suits > Formal"
"ASIFA-NABEEL-SILK-3PC-AN-09","Asifa Nabeel Shamoz Silk With Emb Patches 3PC — 9","Asifa Nabeel Shamoz Silk With Emb Patches 3PC — 9. 3 Piece unstitched suit by Asifa Nabeel. Available to order with Cash on Delivery in Pakistan; final stock is confirmed before dispatch.","in stock","new","5600.00 PKR","https://alhumacollection.com/products/asifa-nabeel-silk-3pc-an-09-asifa-nabeel-shamoz-silk-with-emb-patches-3pc/","https://cdn.shopify.com/s/files/1/0906/1783/9987/files/9_cf620443-4b65-4cac-841a-ef4460b45855.png?v=1789821261","Asifa Nabeel","Women > Unstitched Suits > Formal"
"AZZAL-DHNK-3P-EHT-1993","Azzal Emb Dhanak 3PC — 1993","Azzal Emb Dhanak 3PC — 1993. 3 Piece unstitched suit by Azzal. Available to order with Cash on Delivery in Pakistan; final stock is confirmed before dispatch.","in stock","new","6200.00 PKR","https://alhumacollection.com/products/azzal-dhnk-3p-eht-1993-azzal-emb-dhanak-3pc/","https://cdn.shopify.com/s/files/1/0906/1783/9987/files/24_28f5758a-c73b-47be-b543-604efd180e17.webp?v=1790409532","Azzal","Women > Unstitched Suits > Formal"
"BAREEZE-KHD-V1-2P-JLAL-17","Bareeze Digital Printed Allover Two Piece Khaddar 2PC — 17","Bareeze Digital Printed Allover Two Piece Khaddar 2PC — 17. 2 Piece unstitched suit by Bareeze. Available to order with Cash on Delivery in Pakistan; final stock is confirmed before dispatch.","in stock","new","2495.00 PKR","https://alhumacollection.com/products/bareeze-khd-v1-2p-jlal-17-bareeze-digital-printed-allover-two-piece-khaddar-2pc/","https://cdn.shopify.com/s/files/1/0906/1783/9987/files/17_2_af98ce90-ac35-47fd-bfbf-730cabfeb20d.jpg?v=1788622631","Bareeze","Women > Unstitched Suits > Formal"
"BAREEZE-KHD-V1-2P-JLAL-02","Bareeze Digital Printed Allover Two Piece Khaddar 2PC — 2","Bareeze Digital Printed Allover Two Piece Khaddar 2PC — 2. 2 Piece unstitched suit by Bareeze. Available to order with Cash on Delivery in Pakistan; final stock is confirmed before dispatch.","in stock","new","2495.00 PKR","https://alhumacollection.com/products/bareeze-khd-v1-2p-jlal-02-bareeze-digital-printed-allover-two-piece-khaddar-2pc/","https://cdn.shopify.com/s/files/1/0906/1783/9987/files/02_2_b34fc1ed-b978-4582-bd57-fa2595b07df5.jpg?v=1788622159","Bareeze","Women > Unstitched Suits > Formal"
"BAREEZE-KHD-V1-2P-JLAL-24","Bareeze Digital Printed Allover Two Piece Khaddar 2PC — 24","Bareeze Digital Printed Allover Two Piece Khaddar 2PC — 24. 2 Piece unstitched suit by Bareeze. Available to order with Cash on Delivery in Pakistan; final stock is confirmed before dispatch.","in stock","new","2495.00 PKR","https://alhumacollection.com/products/bareeze-khd-v1-2p-jlal-24-bareeze-digital-printed-allover-two-piece-khaddar-2pc/","https://cdn.shopify.com/s/files/1/0906/1783/9987/files/24_2_624b18dd-e1f3-4c71-a82c-33dcbd62237f.jpg?v=1788622820","Bareeze","Women > Unstitched Suits > Formal"
"BAREEZE-3PLIN-V6290-AHMD-2072","Bareeze Digital Printed Linen 3PC — 2072","Bareeze Digital Printed Linen 3PC — 2072. 3 Piece unstitched suit by Bareeze. Available to order with Cash on Delivery in Pakistan; final stock is confirmed before dispatch.","in stock","new","3150.00 PKR","https://alhumacollection.com/products/bareeze-3plin-v6290-ahmd-2072-bareeze-digital-printed-linen-3pc/","https://cdn.shopify.com/s/files/1/0906/1783/9987/files/Gemini_Generated_Image_25mgi625mgi625mg.jpg?v=1788506919","Bareeze","Women > Unstitched Suits > Formal"
"BAREEZE-3PLIN-V6290-AHMD-6821","Bareeze Digital Printed Linen 3PC — 6821","Bareeze Digital Printed Linen 3PC — 6821. 3 Piece unstitched suit by Bareeze. Available to order with Cash on Delivery in Pakistan; final stock is confirmed before dispatch.","in stock","new","3150.00 PKR","https://alhumacollection.com/products/bareeze-3plin-v6290-ahmd-6821-bareeze-digital-printed-linen-3pc/","https://cdn.shopify.com/s/files/1/0906/1783/9987/files/Gemini_Generated_Image_87j0w787j0w787j0_1.jpg?v=1788506490","Bareeze","Women > Unstitched Suits > Formal"
"BAREZE-DHNK-3P-EHT-2036","Bareeze Emb Dhanak 3PC — 2036","Bareeze Emb Dhanak 3PC — 2036. 3 Piece unstitched suit by Bareeze. Available to order with Cash on Delivery in Pakistan; final stock is confirmed before dispatch.","in stock","new","6200.00 PKR","https://alhumacollection.com/products/bareze-dhnk-3p-eht-2036-bareeze-emb-dhanak-3pc/","https://cdn.shopify.com/s/files/1/0906/1783/9987/files/Gemini_Generated_Image_oedsieoedsieoeds.jpg?v=1790423180","Bareeze","Women > Unstitched Suits > Formal"
"BAREEZE-WHTKRNDI-3P-AK-05","Bareeze Embroidered White Karandi 3PC — 5","Bareeze Embroidered White Karandi 3PC — 5. 3 Piece unstitched suit by Bareeze. Available to order with Cash on Delivery in Pakistan; final stock is confirmed before dispatch.","in stock","new","5100.00 PKR","https://alhumacollection.com/products/bareeze-whtkrndi-3p-ak-05-bareeze-embroidered-white-karandi-3pc/","https://cdn.shopify.com/s/files/1/0906/1783/9987/files/IMG_0669.jpg?v=1789832157","Bareeze","Women > Unstitched Suits > Formal"
"BAREEZE-RC-V6-2026-DD-01","Bareeze Fully Emb Rice Karandi 2PC — 1 — BAREEZE-RC-V6-2026-DD-01","Bareeze Fully Emb Rice Karandi 2PC — 1 — BAREEZE-RC-V6-2026-DD-01. 2 Piece unstitched suit by Bareeze. Available to order with Cash on Delivery in Pakistan; final stock is confirmed before dispatch.","in stock","new","4895.00 PKR","https://alhumacollection.com/products/bareeze-rc-v6-2026-dd-01-bareeze-fully-emb-rice-karandi-2pc/","https://cdn.shopify.com/s/files/1/0906/1783/9987/files/v.6.01_2.jpg?v=1788795183","Bareeze","Women > Unstitched Suits > Formal"
"BAREEZE-RC-V3-2026-DD-01","Bareeze Fully Emb Rice Karandi 2PC — 1 — BAREEZE-RC-V3-2026-DD-01","Bareeze Fully Emb Rice Karandi 2PC — 1 — BAREEZE-RC-V3-2026-DD-01. 2 Piece unstitched suit by Bareeze. Available to order with Cash on Delivery in Pakistan; final stock is confirmed before dispatch.","in stock","new","4895.00 PKR","https://alhumacollection.com/products/bareeze-rc-v3-2026-dd-01-bareeze-fully-emb-rice-karandi-2pc/","https://cdn.shopify.com/s/files/1/0906/1783/9987/files/IMG_9036.jpg?v=1788522595","Bareeze","Women > Unstitched Suits > Formal"
"BAREEZE-RC-V5-2026-DD-01","Bareeze Fully Emb Rice Karandi 2PC — 1 — BAREEZE-RC-V5-2026-DD-01","Bareeze Fully Emb Rice Karandi 2PC — 1 — BAREEZE-RC-V5-2026-DD-01. 2 Piece unstitched suit by Bareeze. Available to order with Cash on Delivery in Pakistan; final stock is confirmed before dispatch.","in stock","new","4895.00 PKR","https://alhumacollection.com/products/bareeze-rc-v5-2026-dd-01-bareeze-fully-emb-rice-karandi-2pc/","https://cdn.shopify.com/s/files/1/0906/1783/9987/files/v.5.01_2.jpg?v=1788795791","Bareeze","Women > Unstitched Suits > Formal"
"BAREEZE-RC-V10-2026-DD-01","Bareeze Fully Emb Rice Karandi 2PC — 1 — BAREEZE-RC-V10-2026-DD-01","Bareeze Fully Emb Rice Karandi 2PC — 1 — BAREEZE-RC-V10-2026-DD-01. 2 Piece unstitched suit by Bareeze. Available to order with Cash on Delivery in Pakistan; final stock is confirmed before dispatch.","in stock","new","4895.00 PKR","https://alhumacollection.com/products/bareeze-rc-v10-2026-dd-01-bareeze-fully-emb-rice-karandi-2pc/","https://cdn.shopify.com/s/files/1/0906/1783/9987/files/V10.01_2.jpg?v=1788346995","Bareeze","Women > Unstitched Suits > Formal"
"BAREEZE-RC-V15-2026-DD-01","Bareeze Fully Emb Rice Karandi 2PC — 1 — BAREEZE-RC-V15-2026-DD-01","Bareeze Fully Emb Rice Karandi 2PC — 1 — BAREEZE-RC-V15-2026-DD-01. 2 Piece unstitched suit by Bareeze. Available to order with Cash on Delivery in Pakistan; final stock is confirmed before dispatch.","in stock","new","4895.00 PKR","https://alhumacollection.com/products/bareeze-rc-v15-2026-dd-01-bareeze-fully-emb-rice-karandi-2pc/","https://cdn.shopify.com/s/files/1/0906/1783/9987/files/V15.01_2.jpg?v=1788264166","Bareeze","Women > Unstitched Suits > Formal"
"BAREEZE-RC-V12-2026-DD-01","Bareeze Fully Emb Rice Karandi 2PC — 1 — BAREEZE-RC-V12-2026-DD-01","Bareeze Fully Emb Rice Karandi 2PC — 1 — BAREEZE-RC-V12-2026-DD-01. 2 Piece unstitched suit by Bareeze. Available to order with Cash on Delivery in Pakistan; final stock is confirmed before dispatch.","in stock","new","4895.00 PKR","https://alhumacollection.com/products/bareeze-rc-v12-2026-dd-01-bareeze-fully-emb-rice-karandi-2pc/","https://cdn.shopify.com/s/files/1/0906/1783/9987/files/v12.01_2.jpg?v=1788266015","Bareeze","Women > Unstitched Suits > Formal"
"BAREEZE-RC-V13-2026-DD-01","Bareeze Fully Emb Rice Karandi 2PC — 1 — BAREEZE-RC-V13-2026-DD-01","Bareeze Fully Emb Rice Karandi 2PC — 1 — BAREEZE-RC-V13-2026-DD-01. 2 Piece unstitched suit by Bareeze. Available to order with Cash on Delivery in Pakistan; final stock is confirmed before dispatch.","in stock","new","4895.00 PKR","https://alhumacollection.com/products/bareeze-rc-v13-2026-dd-01-bareeze-fully-emb-rice-karandi-2pc/","https://cdn.shopify.com/s/files/1/0906/1783/9987/files/v13.01_2.jpg?v=1788265213","Bareeze","Women > Unstitched Suits > Formal"
"BAREEZE-FEROZ-RK-LWN-10","Bareeze Fully Emb Rice Karandi 2PC — 10 — BAREEZE-FEROZ-RK-LWN-10","Bareeze Fully Emb Rice Karandi 2PC — 10 — BAREEZE-FEROZ-RK-LWN-10. 2 Piece unstitched suit by Bareeze. Available to order with Cash on Delivery in Pakistan; final stock is confirmed before dispatch.","in stock","new","4895.00 PKR","https://alhumacollection.com/products/bareeze-feroz-rk-lwn-10-bareeze-fully-emb-rice-karandi-2pc/","https://cdn.shopify.com/s/files/1/0906/1783/9987/files/IMG-1087.jpg?v=1776425843","Bareeze","Women > Unstitched Suits > Formal"
"BAREEZE-LEMN-RK-LWN-10","Bareeze Fully Emb Rice Karandi 2PC — 10 — BAREEZE-LEMN-RK-LWN-10","Bareeze Fully Emb Rice Karandi 2PC — 10 — BAREEZE-LEMN-RK-LWN-10. 2 Piece unstitched suit by Bareeze. Available to order with Cash on Delivery in Pakistan; final stock is confirmed before dispatch.","in stock","new","4895.00 PKR","https://alhumacollection.com/products/bareeze-lemn-rk-lwn-10-bareeze-fully-emb-rice-karandi-2pc/","https://cdn.shopify.com/s/files/1/0906/1783/9987/files/IMG-1081.jpg?v=1776412655","Bareeze","Women > Unstitched Suits > Formal"
"BAREEZE-MUD-RK-LWN-10","Bareeze Fully Emb Rice Karandi 2PC — 10 — BAREEZE-MUD-RK-LWN-10","Bareeze Fully Emb Rice Karandi 2PC — 10 — BAREEZE-MUD-RK-LWN-10. 2 Piece unstitched suit by Bareeze. Available to order with Cash on Delivery in Pakistan; final stock is confirmed before dispatch.","in stock","new","4895.00 PKR","https://alhumacollection.com/products/bareeze-mud-rk-lwn-10-bareeze-fully-emb-rice-karandi-2pc/","https://cdn.shopify.com/s/files/1/0906/1783/9987/files/IMG-1079.jpg?v=1776412765","Bareeze","Women > Unstitched Suits > Formal"
"BAREEZE-SKIN-RK-LWN-10","Bareeze Fully Emb Rice Karandi 2PC — 10 — BAREEZE-SKIN-RK-LWN-10","Bareeze Fully Emb Rice Karandi 2PC — 10 — BAREEZE-SKIN-RK-LWN-10. 2 Piece unstitched suit by Bareeze. Available to order with Cash on Delivery in Pakistan; final stock is confirmed before dispatch.","in stock","new","4895.00 PKR","https://alhumacollection.com/products/bareeze-skin-rk-lwn-10-bareeze-fully-emb-rice-karandi-2pc/","https://cdn.shopify.com/s/files/1/0906/1783/9987/files/IMG-1085_e8e8ac61-30bd-41af-8340-95124ba108cf.jpg?v=1776412695","Bareeze","Women > Unstitched Suits > Formal"
"BAREEZE-RC-V6-2026-DD-02","Bareeze Fully Emb Rice Karandi 2PC — 2 — BAREEZE-RC-V6-2026-DD-02","Bareeze Fully Emb Rice Karandi 2PC — 2 — BAREEZE-RC-V6-2026-DD-02. 2 Piece unstitched suit by Bareeze. Available to order with Cash on Delivery in Pakistan; final stock is confirmed before dispatch.","in stock","new","4895.00 PKR","https://alhumacollection.com/products/bareeze-rc-v6-2026-dd-02-bareeze-fully-emb-rice-karandi-2pc/","https://cdn.shopify.com/s/files/1/0906/1783/9987/files/v.6.02_2.jpg?v=1788795122","Bareeze","Women > Unstitched Suits > Formal"
"BAREEZE-RC-V3-2026-DD-02","Bareeze Fully Emb Rice Karandi 2PC — 2 — BAREEZE-RC-V3-2026-DD-02","Bareeze Fully Emb Rice Karandi 2PC — 2 — BAREEZE-RC-V3-2026-DD-02. 2 Piece unstitched suit by Bareeze. Available to order with Cash on Delivery in Pakistan; final stock is confirmed before dispatch.","in stock","new","4895.00 PKR","https://alhumacollection.com/products/bareeze-rc-v3-2026-dd-02-bareeze-fully-emb-rice-karandi-2pc/","https://cdn.shopify.com/s/files/1/0906/1783/9987/files/IMG_9032.jpg?v=1788522638","Bareeze","Women > Unstitched Suits > Formal"
"BAREEZE-RC-V14-2026-DD-02","Bareeze Fully Emb Rice Karandi 2PC — 2 — BAREEZE-RC-V14-2026-DD-02","Bareeze Fully Emb Rice Karandi 2PC — 2 — BAREEZE-RC-V14-2026-DD-02. 2 Piece unstitched suit by Bareeze. Available to order with Cash on Delivery in Pakistan; final stock is confirmed before dispatch.","in stock","new","4895.00 PKR","https://alhumacollection.com/products/bareeze-rc-v14-2026-dd-02-bareeze-fully-emb-rice-karandi-2pc/","https://cdn.shopify.com/s/files/1/0906/1783/9987/files/v.14.02_2.jpg?v=1788266489","Bareeze","Women > Unstitched Suits > Formal"
"BAREEZE-RC-V5-2026-DD-02","Bareeze Fully Emb Rice Karandi 2PC — 2 — BAREEZE-RC-V5-2026-DD-02","Bareeze Fully Emb Rice Karandi 2PC — 2 — BAREEZE-RC-V5-2026-DD-02. 2 Piece unstitched suit by Bareeze. Available to order with Cash on Delivery in Pakistan; final stock is confirmed before dispatch.","in stock","new","4895.00 PKR","https://alhumacollection.com/products/bareeze-rc-v5-2026-dd-02-bareeze-fully-emb-rice-karandi-2pc/","https://cdn.shopify.com/s/files/1/0906/1783/9987/files/v.5.02_2.jpg?v=1788795858","Bareeze","Women > Unstitched Suits > Formal"
"BAREEZE-GRAY-RK-LWN-02","Bareeze Fully Emb Rice Karandi 2PC — 2 — BAREEZE-GRAY-RK-LWN-02","Bareeze Fully Emb Rice Karandi 2PC — 2 — BAREEZE-GRAY-RK-LWN-02. 2 Piece unstitched suit by Bareeze. Available to order with Cash on Delivery in Pakistan; final stock is confirmed before dispatch.","in stock","new","4895.00 PKR","https://alhumacollection.com/products/bareeze-gray-rk-lwn-02-bareeze-fully-emb-rice-karandi-2pc/","https://cdn.shopify.com/s/files/1/0906/1783/9987/files/89CB7B34-D604-46BC-99FB-28240C4F775B.jpg?v=1772643332","Bareeze","Women > Unstitched Suits > Formal"
"BAREEZE-RC-V12-2026-DD-02","Bareeze Fully Emb Rice Karandi 2PC — 2 — BAREEZE-RC-V12-2026-DD-02","Bareeze Fully Emb Rice Karandi 2PC — 2 — BAREEZE-RC-V12-2026-DD-02. 2 Piece unstitched suit by Bareeze. Available to order with Cash on Delivery in Pakistan; final stock is confirmed before dispatch.","in stock","new","4895.00 PKR","https://alhumacollection.com/products/bareeze-rc-v12-2026-dd-02-bareeze-fully-emb-rice-karandi-2pc/","https://cdn.shopify.com/s/files/1/0906/1783/9987/files/v.12.02_2.jpg?v=1788265952","Bareeze","Women > Unstitched Suits > Formal"
"BAREEZE-RC-V13-2026-DD-02","Bareeze Fully Emb Rice Karandi 2PC — 2 — BAREEZE-RC-V13-2026-DD-02","Bareeze Fully Emb Rice Karandi 2PC — 2 — BAREEZE-RC-V13-2026-DD-02. 2 Piece unstitched suit by Bareeze. Available to order with Cash on Delivery in Pakistan; final stock is confirmed before dispatch.","in stock","new","4895.00 PKR","https://alhumacollection.com/products/bareeze-rc-v13-2026-dd-02-bareeze-fully-emb-rice-karandi-2pc/","https://cdn.shopify.com/s/files/1/0906/1783/9987/files/v13.02_2.jpg?v=1788265254","Bareeze","Women > Unstitched Suits > Formal"
"BAREEZE-RC-V3-2026-DD-03","Bareeze Fully Emb Rice Karandi 2PC — 3 — BAREEZE-RC-V3-2026-DD-03","Bareeze Fully Emb Rice Karandi 2PC — 3 — BAREEZE-RC-V3-2026-DD-03. 2 Piece unstitched suit by Bareeze. Available to order with Cash on Delivery in Pakistan; final stock is confirmed before dispatch.","in stock","new","4895.00 PKR","https://alhumacollection.com/products/bareeze-rc-v3-2026-dd-03-bareeze-fully-emb-rice-karandi-2pc/","https://cdn.shopify.com/s/files/1/0906/1783/9987/files/IMG_9030.jpg?v=1788522671","Bareeze","Women > Unstitched Suits > Formal"
"BAREEZE-RC-V5-2026-DD-03","Bareeze Fully Emb Rice Karandi 2PC — 3 — BAREEZE-RC-V5-2026-DD-03","Bareeze Fully Emb Rice Karandi 2PC — 3 — BAREEZE-RC-V5-2026-DD-03. 2 Piece unstitched suit by Bareeze. Available to order with Cash on Delivery in Pakistan; final stock is confirmed before dispatch.","in stock","new","4895.00 PKR","https://alhumacollection.com/products/bareeze-rc-v5-2026-dd-03-bareeze-fully-emb-rice-karandi-2pc/","https://cdn.shopify.com/s/files/1/0906/1783/9987/files/v.5.03_2.jpg?v=1788795750","Bareeze","Women > Unstitched Suits > Formal"
"BAREEZE-RC-V10-2026-DD-03","Bareeze Fully Emb Rice Karandi 2PC — 3 — BAREEZE-RC-V10-2026-DD-03","Bareeze Fully Emb Rice Karandi 2PC — 3 — BAREEZE-RC-V10-2026-DD-03. 2 Piece unstitched suit by Bareeze. Available to order with Cash on Delivery in Pakistan; final stock is confirmed before dispatch.","in stock","new","4895.00 PKR","https://alhumacollection.com/products/bareeze-rc-v10-2026-dd-03-bareeze-fully-emb-rice-karandi-2pc/","https://cdn.shopify.com/s/files/1/0906/1783/9987/files/v.10.03_2.jpg?v=1788347148","Bareeze","Women > Unstitched Suits > Formal"
"BAREEZE-RC-V9-2026-DD-03","Bareeze Fully Emb Rice Karandi 2PC — 3 — BAREEZE-RC-V9-2026-DD-03","Bareeze Fully Emb Rice Karandi 2PC — 3 — BAREEZE-RC-V9-2026-DD-03. 2 Piece unstitched suit by Bareeze. Available to order with Cash on Delivery in Pakistan; final stock is confirmed before dispatch.","in stock","new","4895.00 PKR","https://alhumacollection.com/products/bareeze-rc-v9-2026-dd-03-bareeze-fully-emb-rice-karandi-2pc/","https://cdn.shopify.com/s/files/1/0906/1783/9987/files/v.09.03_2.jpg?v=1788274872","Bareeze","Women > Unstitched Suits > Formal"
"BAREEZE-RC-V12-2026-DD-03","Bareeze Fully Emb Rice Karandi 2PC — 3 — BAREEZE-RC-V12-2026-DD-03","Bareeze Fully Emb Rice Karandi 2PC — 3 — BAREEZE-RC-V12-2026-DD-03. 2 Piece unstitched suit by Bareeze. Available to order with Cash on Delivery in Pakistan; final stock is confirmed before dispatch.","in stock","new","4895.00 PKR","https://alhumacollection.com/products/bareeze-rc-v12-2026-dd-03-bareeze-fully-emb-rice-karandi-2pc/","https://cdn.shopify.com/s/files/1/0906/1783/9987/files/v.12.03_2.jpg?v=1788265887","Bareeze","Women > Unstitched Suits > Formal"
"BAREEZE-RC-V13-2026-DD-03","Bareeze Fully Emb Rice Karandi 2PC — 3 — BAREEZE-RC-V13-2026-DD-03","Bareeze Fully Emb Rice Karandi 2PC — 3 — BAREEZE-RC-V13-2026-DD-03. 2 Piece unstitched suit by Bareeze. Available to order with Cash on Delivery in Pakistan; final stock is confirmed before dispatch.","in stock","new","4895.00 PKR","https://alhumacollection.com/products/bareeze-rc-v13-2026-dd-03-bareeze-fully-emb-rice-karandi-2pc/","https://cdn.shopify.com/s/files/1/0906/1783/9987/files/v13.03_2.jpg?v=1788265282","Bareeze","Women > Unstitched Suits > Formal"
"BAREEZE-RC-V10-2026-DD-04","Bareeze Fully Emb Rice Karandi 2PC — 4 — BAREEZE-RC-V10-2026-DD-04","Bareeze Fully Emb Rice Karandi 2PC — 4 — BAREEZE-RC-V10-2026-DD-04. 2 Piece unstitched suit by Bareeze. Available to order with Cash on Delivery in Pakistan; final stock is confirmed before dispatch.","in stock","new","4895.00 PKR","https://alhumacollection.com/products/bareeze-rc-v10-2026-dd-04-bareeze-fully-emb-rice-karandi-2pc/","https://cdn.shopify.com/s/files/1/0906/1783/9987/files/v.10.04_2.jpg?v=1788347186","Bareeze","Women > Unstitched Suits > Formal"
"BAREEZE-RC-V6-2026-DD-04","Bareeze Fully Emb Rice Karandi 2PC — 4 — BAREEZE-RC-V6-2026-DD-04","Bareeze Fully Emb Rice Karandi 2PC — 4 — BAREEZE-RC-V6-2026-DD-04. 2 Piece unstitched suit by Bareeze. Available to order with Cash on Delivery in Pakistan; final stock is confirmed before dispatch.","in stock","new","4895.00 PKR","https://alhumacollection.com/products/bareeze-rc-v6-2026-dd-04-bareeze-fully-emb-rice-karandi-2pc/","https://cdn.shopify.com/s/files/1/0906/1783/9987/files/v.6.04_2.jpg?v=1788795060","Bareeze","Women > Unstitched Suits > Formal"
"BAREEZE-RC-V3-2026-DD-04","Bareeze Fully Emb Rice Karandi 2PC — 4 — BAREEZE-RC-V3-2026-DD-04","Bareeze Fully Emb Rice Karandi 2PC — 4 — BAREEZE-RC-V3-2026-DD-04. 2 Piece unstitched suit by Bareeze. Available to order with Cash on Delivery in Pakistan; final stock is confirmed before dispatch.","in stock","new","4895.00 PKR","https://alhumacollection.com/products/bareeze-rc-v3-2026-dd-04-bareeze-fully-emb-rice-karandi-2pc/","https://cdn.shopify.com/s/files/1/0906/1783/9987/files/IMG_9034.jpg?v=1788522705","Bareeze","Women > Unstitched Suits > Formal"
"BAREEZE-RC-V5-2026-DD-04","Bareeze Fully Emb Rice Karandi 2PC — 4 — BAREEZE-RC-V5-2026-DD-04","Bareeze Fully Emb Rice Karandi 2PC — 4 — BAREEZE-RC-V5-2026-DD-04. 2 Piece unstitched suit by Bareeze. Available to order with Cash on Delivery in Pakistan; final stock is confirmed before dispatch.","in stock","new","4895.00 PKR","https://alhumacollection.com/products/bareeze-rc-v5-2026-dd-04-bareeze-fully-emb-rice-karandi-2pc/","https://cdn.shopify.com/s/files/1/0906/1783/9987/files/v.5.04_2.jpg?v=1788795715","Bareeze","Women > Unstitched Suits > Formal"
"BAREEZE-RC-V11-2026-DD-04","Bareeze Fully Emb Rice Karandi 2PC — 4 — BAREEZE-RC-V11-2026-DD-04","Bareeze Fully Emb Rice Karandi 2PC — 4 — BAREEZE-RC-V11-2026-DD-04. 2 Piece unstitched suit by Bareeze. Available to order with Cash on Delivery in Pakistan; final stock is confirmed before dispatch.","in stock","new","4895.00 PKR","https://alhumacollection.com/products/bareeze-rc-v11-2026-dd-04-bareeze-fully-emb-rice-karandi-2pc/","https://cdn.shopify.com/s/files/1/0906/1783/9987/files/v11.04_2.jpg?v=1788274352","Bareeze","Women > Unstitched Suits > Formal"
"BAREEZE-RC-V15-2026-DD-04","Bareeze Fully Emb Rice Karandi 2PC — 4 — BAREEZE-RC-V15-2026-DD-04","Bareeze Fully Emb Rice Karandi 2PC — 4 — BAREEZE-RC-V15-2026-DD-04. 2 Piece unstitched suit by Bareeze. Available to order with Cash on Delivery in Pakistan; final stock is confirmed before dispatch.","in stock","new","4895.00 PKR","https://alhumacollection.com/products/bareeze-rc-v15-2026-dd-04-bareeze-fully-emb-rice-karandi-2pc/","https://cdn.shopify.com/s/files/1/0906/1783/9987/files/v15.04_2.jpg?v=1788264054","Bareeze","Women > Unstitched Suits > Formal"
"BAREEZE-RC-V12-2026-DD-04","Bareeze Fully Emb Rice Karandi 2PC — 4 — BAREEZE-RC-V12-2026-DD-04","Bareeze Fully Emb Rice Karandi 2PC — 4 — BAREEZE-RC-V12-2026-DD-04. 2 Piece unstitched suit by Bareeze. Available to order with Cash on Delivery in Pakistan; final stock is confirmed before dispatch.","in stock","new","4895.00 PKR","https://alhumacollection.com/products/bareeze-rc-v12-2026-dd-04-bareeze-fully-emb-rice-karandi-2pc/","https://cdn.shopify.com/s/files/1/0906/1783/9987/files/v.12.04_2.jpg?v=1788265919","Bareeze","Women > Unstitched Suits > Formal"
"BAREEZE-RC-V13-2026-DD-04","Bareeze Fully Emb Rice Karandi 2PC — 4 — BAREEZE-RC-V13-2026-DD-04","Bareeze Fully Emb Rice Karandi 2PC — 4 — BAREEZE-RC-V13-2026-DD-04. 2 Piece unstitched suit by Bareeze. Available to order with Cash on Delivery in Pakistan; final stock is confirmed before dispatch.","in stock","new","4895.00 PKR","https://alhumacollection.com/products/bareeze-rc-v13-2026-dd-04-bareeze-fully-emb-rice-karandi-2pc/","https://cdn.shopify.com/s/files/1/0906/1783/9987/files/v.13.04_2.jpg?v=1788265310","Bareeze","Women > Unstitched Suits > Formal"
"BAREEZE-RC-V5-2026-DD-05","Bareeze Fully Emb Rice Karandi 2PC — 5 — BAREEZE-RC-V5-2026-DD-05","Bareeze Fully Emb Rice Karandi 2PC — 5 — BAREEZE-RC-V5-2026-DD-05. 2 Piece unstitched suit by Bareeze. Available to order with Cash on Delivery in Pakistan; final stock is confirmed before dispatch.","in stock","new","4895.00 PKR","https://alhumacollection.com/products/bareeze-rc-v5-2026-dd-05-bareeze-fully-emb-rice-karandi-2pc/","https://cdn.shopify.com/s/files/1/0906/1783/9987/files/v.5.05_2.jpg?v=1788795671","Bareeze","Women > Unstitched Suits > Formal"
"BAREEZE-RC-V15-2026-DD-05","Bareeze Fully Emb Rice Karandi 2PC — 5 — BAREEZE-RC-V15-2026-DD-05","Bareeze Fully Emb Rice Karandi 2PC — 5 — BAREEZE-RC-V15-2026-DD-05. 2 Piece unstitched suit by Bareeze. Available to order with Cash on Delivery in Pakistan; final stock is confirmed before dispatch.","in stock","new","4895.00 PKR","https://alhumacollection.com/products/bareeze-rc-v15-2026-dd-05-bareeze-fully-emb-rice-karandi-2pc/","https://cdn.shopify.com/s/files/1/0906/1783/9987/files/v15.05_2_e09ffd1d-489e-4505-bde5-307518d0fcc0.jpg?v=1788264081","Bareeze","Women > Unstitched Suits > Formal"
"BAREEZE-CREAM-RK-LWN-07","Bareeze Fully Emb Rice Karandi 2PC — 7","Bareeze Fully Emb Rice Karandi 2PC — 7. 2 Piece unstitched suit by Bareeze. Available to order with Cash on Delivery in Pakistan; final stock is confirmed before dispatch.","in stock","new","4895.00 PKR","https://alhumacollection.com/products/bareeze-cream-rk-lwn-07-bareeze-fully-emb-rice-karandi-2pc/","https://cdn.shopify.com/s/files/1/0906/1783/9987/files/F7A2CDB3-9ABF-4C41-B5A2-CE4232470302.jpg?v=1774542812","Bareeze","Women > Unstitched Suits > Formal"
"BAREEZE-MUSTARD-RK-LWN-08","Bareeze Fully Emb Rice Karandi 2PC — 8","Bareeze Fully Emb Rice Karandi 2PC — 8. 2 Piece unstitched suit by Bareeze. Available to order with Cash on Delivery in Pakistan; final stock is confirmed before dispatch.","in stock","new","4895.00 PKR","https://alhumacollection.com/products/bareeze-mustard-rk-lwn-08-bareeze-fully-emb-rice-karandi-2pc/","https://cdn.shopify.com/s/files/1/0906/1783/9987/files/D2522AAD-DAF9-4134-8536-606AA144D65C.jpg?v=1774543028","Bareeze","Women > Unstitched Suits > Formal"
"CHINYERE-KHD-YELLOW-3PC-13","Chinyere Digital Printed Khaddar 3PC — 13","Chinyere Digital Printed Khaddar 3PC — 13. 3 Piece unstitched suit by Bareeze. Available to order with Cash on Delivery in Pakistan; final stock is confirmed before dispatch.","in stock","new","4695.00 PKR","https://alhumacollection.com/products/chinyere-khd-yellow-3pc-13-chinyere-digital-printed-khaddar-3pc/","https://cdn.shopify.com/s/files/1/0906/1783/9987/files/9D646769-55F0-425A-A2F2-C862F7D6AFE6.jpg?v=1764078257","Bareeze","Women > Unstitched Suits > Luxury"
"BAROQUE-CHK25-LINEN-01","Baroque Chickenkari Daman Linen 3PC — 1","Baroque Chickenkari Daman Linen 3PC — 1. 3 Piece unstitched suit by Baroque. Available to order with Cash on Delivery in Pakistan; final stock is confirmed before dispatch.","in stock","new","5650.00 PKR","https://alhumacollection.com/products/baroque-chk25-linen-01-baroque-chickenkari-daman-linen-3pc/","https://cdn.shopify.com/s/files/1/0906/1783/9987/files/4C7189F5-C39E-4F48-9314-783B9FE36DF8.jpg?v=1759534796","Baroque","Women > Unstitched Suits > Formal"
"BAROQUE-CK-LIN-3PC-03","Baroque Chickenkari Daman Linen-3PC — 3","Baroque Chickenkari Daman Linen-3PC — 3. 3 Piece unstitched suit by Baroque. Available to order with Cash on Delivery in Pakistan; final stock is confirmed before dispatch.","in stock","new","5650.00 PKR","https://alhumacollection.com/products/baroque-ck-lin-3pc-03-baroque-chickenkari-daman-linen-3pc/","https://cdn.shopify.com/s/files/1/0906/1783/9987/files/D734E7C1-1663-491E-B4BA-B1B1C775E4C3.jpg_1.jpg?v=1787840496","Baroque","Women > Unstitched Suits > Formal"
"BAROQUE-LWN-V3-3P-AHMD-D7929","Baroque Digital Printed Lawn 3PC — D7929","Baroque Digital Printed Lawn 3PC — D7929. 3 Piece unstitched suit by Baroque. Available to order with Cash on Delivery in Pakistan; final stock is confirmed before dispatch.","in stock","new","2990.00 PKR","https://alhumacollection.com/products/baroque-lwn-v3-3p-ahmd-d7929-baroque-digital-printed-lawn-3pc/","https://cdn.shopify.com/s/files/1/0906/1783/9987/files/WhatsAppImage2026-08-28at6.14.30PM.jpg?v=1787923990","Baroque","Women > Unstitched Suits > Formal"
"BAROQUE-LWN-V3-3P-AHMD-D7930","Baroque Digital Printed Lawn 3PC — D7930","Baroque Digital Printed Lawn 3PC — D7930. 3 Piece unstitched suit by Baroque. Available to order with Cash on Delivery in Pakistan; final stock is confirmed before dispatch.","in stock","new","2990.00 PKR","https://alhumacollection.com/products/baroque-lwn-v3-3p-ahmd-d7930-baroque-digital-printed-lawn-3pc/","https://cdn.shopify.com/s/files/1/0906/1783/9987/files/WhatsAppImage2026-08-28at6.11.36PM.jpg?v=1787923961","Baroque","Women > Unstitched Suits > Formal"
"BAROQUE-DHNK-3P-EHT-1984","Baroque Emb Dhanak 3PC — 1984","Baroque Emb Dhanak 3PC — 1984. 3 Piece unstitched suit by Baroque. Available to order with Cash on Delivery in Pakistan; final stock is confirmed before dispatch.","in stock","new","6200.00 PKR","https://alhumacollection.com/products/baroque-dhnk-3p-eht-1984-baroque-emb-dhanak-3pc/","https://cdn.shopify.com/s/files/1/0906/1783/9987/files/Gemini_Generated_Image_vs8u4ovs8u4ovs8u.jpg?v=1790252289","Baroque","Women > Unstitched Suits > Formal"
"BAROQUE-DHNK-3P-EHT-2020","Baroque Emb Dhanak 3PC — 2020","Baroque Emb Dhanak 3PC — 2020. 3 Piece unstitched suit by Baroque. Available to order with Cash on Delivery in Pakistan; final stock is confirmed before dispatch.","in stock","new","5750.00 PKR","https://alhumacollection.com/products/baroque-dhnk-3p-eht-2020-baroque-emb-dhanak-3pc/","https://cdn.shopify.com/s/files/1/0906/1783/9987/files/Gemini_Generated_Image_bhobjpbhobjpbhob.jpg?v=1790253144","Baroque","Women > Unstitched Suits > Formal"
"SLUB-KHADDAR-EMBROIDERED-A21","Baroque Printed Slub Khaddar With Emb Patches 3PC — 21","Baroque Printed Slub Khaddar With Emb Patches 3PC — 21. 3 Piece unstitched suit by Baroque. Available to order with Cash on Delivery in Pakistan; final stock is confirmed before dispatch.","in stock","new","5895.00 PKR","https://alhumacollection.com/products/slub-khaddar-embroidered-a21-baroque-printed-slub-khaddar-with-emb-patches-3pc/","https://cdn.shopify.com/s/files/1/0906/1783/9987/files/1743602A-9400-4613-AF0F-17E38B82359E.jpg?v=1766164805","Baroque","Women > Unstitched Suits > Formal"
"SLUB-KHADDAR-EMBROIDERED-A23","Baroque Printed Slub Khaddar With Emb Patches 3PC — 23","Baroque Printed Slub Khaddar With Emb Patches 3PC — 23. 3 Piece unstitched suit by Baroque. Available to order with Cash on Delivery in Pakistan; final stock is confirmed before dispatch.","in stock","new","5895.00 PKR","https://alhumacollection.com/products/slub-khaddar-embroidered-a23-baroque-printed-slub-khaddar-with-emb-patches-3pc/","https://cdn.shopify.com/s/files/1/0906/1783/9987/files/34884DEA-C66E-427E-8401-FE6142839791.jpg?v=1766048611","Baroque","Women > Unstitched Suits > Formal"
"SLUB-KHADDAR-EMBROIDERED-A27","Baroque Printed Slub Khaddar With Emb Patches 3PC — 27","Baroque Printed Slub Khaddar With Emb Patches 3PC — 27. 3 Piece unstitched suit by Baroque. Available to order with Cash on Delivery in Pakistan; final stock is confirmed before dispatch.","in stock","new","5895.00 PKR","https://alhumacollection.com/products/slub-khaddar-embroidered-a27-baroque-printed-slub-khaddar-with-emb-patches-3pc/","https://cdn.shopify.com/s/files/1/0906/1783/9987/files/FE60DA04-BD26-4BA7-ABD2-0B34C3CD426A.jpg?v=1766164751","Baroque","Women > Unstitched Suits > Formal"
"SLUB-KHADDAR-EMBROIDERED-A28","Baroque Printed Slub Khaddar With Emb Patches 3PC — 28","Baroque Printed Slub Khaddar With Emb Patches 3PC — 28. 3 Piece unstitched suit by Baroque. Available to order with Cash on Delivery in Pakistan; final stock is confirmed before dispatch.","in stock","new","5895.00 PKR","https://alhumacollection.com/products/slub-khaddar-embroidered-a28-baroque-printed-slub-khaddar-with-emb-patches-3pc/","https://cdn.shopify.com/s/files/1/0906/1783/9987/files/18713015-7184-4E95-9854-D38C269D4D7D.jpg?v=1766048558","Baroque","Women > Unstitched Suits > Formal"
"SLUB-KHADDAR-EMBROIDERED-A06","Baroque Printed Slub Khaddar With Emb Patches 3PC — 6","Baroque Printed Slub Khaddar With Emb Patches 3PC — 6. 3 Piece unstitched suit by Baroque. Available to order with Cash on Delivery in Pakistan; final stock is confirmed before dispatch.","in stock","new","5895.00 PKR","https://alhumacollection.com/products/slub-khaddar-embroidered-a06-baroque-printed-slub-khaddar-with-emb-patches-3pc/","https://cdn.shopify.com/s/files/1/0906/1783/9987/files/B3D9324C-79A5-45AF-9981-CF5FF486148C.jpg?v=1766048889","Baroque","Women > Unstitched Suits > Formal"
"SLUB-KHADDAR-EMBROIDERED-A07","Baroque Printed Slub Khaddar With Emb Patches 3PC — 7","Baroque Printed Slub Khaddar With Emb Patches 3PC — 7. 3 Piece unstitched suit by Baroque. Available to order with Cash on Delivery in Pakistan; final stock is confirmed before dispatch.","in stock","new","5895.00 PKR","https://alhumacollection.com/products/slub-khaddar-embroidered-a07-baroque-printed-slub-khaddar-with-emb-patches-3pc/","https://cdn.shopify.com/s/files/1/0906/1783/9987/files/C8EB5284-F3AF-438B-9D09-A4C083F5BFFB.jpg?v=1767001913","Baroque","Women > Unstitched Suits > Formal"
"BEECHTREE-3PLIN-V6-AHMD-6375","Beechtree Digital Printed Linen 3PC — 6375","Beechtree Digital Printed Linen 3PC — 6375. 3 Piece unstitched suit by Beechtree. Available to order with Cash on Delivery in Pakistan; final stock is confirmed before dispatch.","in stock","new","3150.00 PKR","https://alhumacollection.com/products/beechtree-3plin-v6-ahmd-6375-beechtree-digital-printed-linen-3pc/","https://cdn.shopify.com/s/files/1/0906/1783/9987/files/Gemini_Generated_Image_cm7h2icm7h2icm7h.jpg?v=1788521982","Beechtree","Women > Unstitched Suits > Formal"
"BEECHTREE-3PLIN-V6-AHMD-6376","Beechtree Digital Printed Linen 3PC — 6376","Beechtree Digital Printed Linen 3PC — 6376. 3 Piece unstitched suit by Beechtree. Available to order with Cash on Delivery in Pakistan; final stock is confirmed before dispatch.","in stock","new","3150.00 PKR","https://alhumacollection.com/products/beechtree-3plin-v6-ahmd-6376-beechtree-digital-printed-linen-3pc/","https://cdn.shopify.com/s/files/1/0906/1783/9987/files/Gemini_Generated_Image_og4z5aog4z5aog4z.jpg?v=1788517170","Beechtree","Women > Unstitched Suits > Formal"
"BEECHTREE-3PLIN-V6-AHMD-6416-Y","Beechtree Digital Printed Linen 3PC — 6416 — BEECHTREE-3PLIN-V6-AHMD-6416-Y","Beechtree Digital Printed Linen 3PC — 6416 — BEECHTREE-3PLIN-V6-AHMD-6416-Y. 3 Piece unstitched suit by Beechtree. Available to order with Cash on Delivery in Pakistan; final stock is confirmed before dispatch.","in stock","new","3150.00 PKR","https://alhumacollection.com/products/beechtree-3plin-v6-ahmd-6416-y-beechtree-digital-printed-linen-3pc/","https://cdn.shopify.com/s/files/1/0906/1783/9987/files/Gemini_Generated_Image_cfvs8rcfvs8rcfvs.jpg?v=1788520503","Beechtree","Women > Unstitched Suits > Formal"
"BEECHTREE-3PLIN-V6-AHMD-6416","Beechtree Digital Printed Linen 3PC — 6416 — BEECHTREE-3PLIN-V6-AHMD-6416","Beechtree Digital Printed Linen 3PC — 6416 — BEECHTREE-3PLIN-V6-AHMD-6416. 3 Piece unstitched suit by Beechtree. Available to order with Cash on Delivery in Pakistan; final stock is confirmed before dispatch.","in stock","new","3150.00 PKR","https://alhumacollection.com/products/beechtree-3plin-v6-ahmd-6416-beechtree-digital-printed-linen-3pc/","https://cdn.shopify.com/s/files/1/0906/1783/9987/files/Gemini_Generated_Image_7koa5r7koa5r7koa.jpg?v=1788520598","Beechtree","Women > Unstitched Suits > Formal"
"BEECHTREE-3PLIN-V6-AHMD-6424","Beechtree Digital Printed Linen 3PC — 6424","Beechtree Digital Printed Linen 3PC — 6424. 3 Piece unstitched suit by Beechtree. Available to order with Cash on Delivery in Pakistan; final stock is confirmed before dispatch.","in stock","new","3150.00 PKR","https://alhumacollection.com/products/beechtree-3plin-v6-ahmd-6424-beechtree-digital-printed-linen-3pc/","https://cdn.shopify.com/s/files/1/0906/1783/9987/files/Gemini_Generated_Image_fk1d8mfk1d8mfk1d.jpg?v=1788521431","Beechtree","Women > Unstitched Suits > Formal"
"BEECHTREE-3PLIN-V6-AHMD-6426","Beechtree Digital Printed Linen 3PC — 6426","Beechtree Digital Printed Linen 3PC — 6426. 3 Piece unstitched suit by Beechtree. Available to order with Cash on Delivery in Pakistan; final stock is confirmed before dispatch.","in stock","new","3150.00 PKR","https://alhumacollection.com/products/beechtree-3plin-v6-ahmd-6426-beechtree-digital-printed-linen-3pc/","https://cdn.shopify.com/s/files/1/0906/1783/9987/files/Gemini_Generated_Image_fqe3lqfqe3lqfqe3.jpg?v=1788520856","Beechtree","Women > Unstitched Suits > Formal"
"BEECHTREE-LWN-SKIN-3P-06","Beechtree Embroidered Lawn 3PC — 6","Beechtree Embroidered Lawn 3PC — 6. 3 Piece unstitched suit by Beechtree. Available to order with Cash on Delivery in Pakistan; final stock is confirmed before dispatch.","in stock","new","6350.00 PKR","https://alhumacollection.com/products/beechtree-lwn-skin-3p-06-beechtree-embroidered-lawn-3pc/","https://cdn.shopify.com/s/files/1/0906/1783/9987/files/D3ECC6D9-1076-4348-851C-A88348573648.jpg?v=1770835647","Beechtree","Women > Unstitched Suits > Formal"
"BT-LWN-V1-3P-LALA-6128","Beechtree Summer Digital Printed Lawn 3PC — 6128","Beechtree Summer Digital Printed Lawn 3PC — 6128. 3 Piece unstitched suit by Beechtree. Available to order with Cash on Delivery in Pakistan; final stock is confirmed before dispatch.","in stock","new","4595.00 PKR","https://alhumacollection.com/products/bt-lwn-v1-3p-lala-6128-beechtree-summer-digital-printed-lawn-3pc/","https://cdn.shopify.com/s/files/1/0906/1783/9987/files/7505_4.jpg?v=1784633341","Beechtree","Women > Unstitched Suits > Formal"
"BELEZA-PRNKHD-V1-3P-HM-10","Belleza Digital Printed Khaddar 3PC — 10","Belleza Digital Printed Khaddar 3PC — 10. 3 Piece unstitched suit by Belleza. Available to order with Cash on Delivery in Pakistan; final stock is confirmed before dispatch.","in stock","new","3450.00 PKR","https://alhumacollection.com/products/beleza-prnkhd-v1-3p-hm-10-belleza-digital-printed-khaddar-3pc/","https://cdn.shopify.com/s/files/1/0906/1783/9987/files/14_1a715334-2707-4b2b-b94a-d2daaba276b5.jpg?v=1789216827","Belleza","Women > Unstitched Suits > Formal"
"BELEZA-PRNKHD-V1-3P-HM-03","Belleza Digital Printed Khaddar 3PC — 3","Belleza Digital Printed Khaddar 3PC — 3. 3 Piece unstitched suit by Belleza. Available to order with Cash on Delivery in Pakistan; final stock is confirmed before dispatch.","in stock","new","3450.00 PKR","https://alhumacollection.com/products/beleza-prnkhd-v1-3p-hm-03-belleza-digital-printed-khaddar-3pc/","https://cdn.shopify.com/s/files/1/0906/1783/9987/files/8_fa484b0d-a60f-4c48-98ea-c361a385dd04.jpg?v=1789217293","Belleza","Women > Unstitched Suits > Formal"
"BELEZA-PRNKHD-V1-3P-HM-04","Belleza Digital Printed Khaddar 3PC — 4","Belleza Digital Printed Khaddar 3PC — 4. 3 Piece unstitched suit by Belleza. Available to order with Cash on Delivery in Pakistan; final stock is confirmed before dispatch.","in stock","new","3450.00 PKR","https://alhumacollection.com/products/beleza-prnkhd-v1-3p-hm-04-belleza-digital-printed-khaddar-3pc/","https://cdn.shopify.com/s/files/1/0906/1783/9987/files/10_0a7f14b9-11b3-4f2f-bf61-e46a53b2d582.jpg?v=1789217406","Belleza","Women > Unstitched Suits > Formal"
"BELEZA-PRNKHD-V1-3P-HM-06","Belleza Digital Printed Khaddar 3PC — 6","Belleza Digital Printed Khaddar 3PC — 6. 3 Piece unstitched suit by Belleza. Available to order with Cash on Delivery in Pakistan; final stock is confirmed before dispatch.","in stock","new","3450.00 PKR","https://alhumacollection.com/products/beleza-prnkhd-v1-3p-hm-06-belleza-digital-printed-khaddar-3pc/","https://cdn.shopify.com/s/files/1/0906/1783/9987/files/26_eafce4f1-df9c-4ab0-bdf6-01d5355262f4.jpg?v=1789217157","Belleza","Women > Unstitched Suits > Formal"
"BINILYAS-BROWN-3PC-AK01","Bin Ilyas Luxury Embroidered Lawn 3PC — BROWN","Bin Ilyas Luxury Embroidered Lawn 3PC — BROWN. 3 Piece unstitched suit by Bin Ilyas. Available to order with Cash on Delivery in Pakistan; final stock is confirmed before dispatch.","in stock","new","8500.00 PKR","https://alhumacollection.com/products/binilyas-brown-3pc-ak01-bin-ilyas-luxury-embroidered-lawn-3pc/","https://cdn.shopify.com/s/files/1/0906/1783/9987/files/1B9A874E-BA38-48BE-BE26-E8C0714DE891.jpg?v=1783157556","Bin Ilyas","Women > Unstitched Suits > Luxury"
"BINILYAS-GOLD-3PC-AK01","Bin Ilyas Luxury Embroidered Lawn 3PC — GOLD","Bin Ilyas Luxury Embroidered Lawn 3PC — GOLD. 3 Piece unstitched suit by Bin Ilyas. Available to order with Cash on Delivery in Pakistan; final stock is confirmed before dispatch.","in stock","new","8500.00 PKR","https://alhumacollection.com/products/binilyas-gold-3pc-ak01-bin-ilyas-luxury-embroidered-lawn-3pc/","https://cdn.shopify.com/s/files/1/0906/1783/9987/files/ECE5C4AB-68AE-465F-8C59-BEAC84CF5A73.jpg?v=1783157556","Bin Ilyas","Women > Unstitched Suits > Luxury"
"BINILYAS-GREEN-3PC-AK01","Bin Ilyas Luxury Embroidered Lawn 3PC — GREEN","Bin Ilyas Luxury Embroidered Lawn 3PC — GREEN. 3 Piece unstitched suit by Bin Ilyas. Available to order with Cash on Delivery in Pakistan; final stock is confirmed before dispatch.","in stock","new","8500.00 PKR","https://alhumacollection.com/products/binilyas-green-3pc-ak01-bin-ilyas-luxury-embroidered-lawn-3pc/","https://cdn.shopify.com/s/files/1/0906/1783/9987/files/E3763D9B-CA09-41D8-9F1C-92176A9C412A.jpg?v=1783157556","Bin Ilyas","Women > Unstitched Suits > Luxury"
"JOJO-LWN-3P-BI-81A","Jojo By Bin Ilyas | Lawn'26 — 81A","Jojo By Bin Ilyas | Lawn'26 — 81A. 3 Piece unstitched suit by Bin Ilyas. Available to order with Cash on Delivery in Pakistan; final stock is confirmed before dispatch.","in stock","new","10500.00 PKR","https://alhumacollection.com/products/jojo-lwn-3p-bi-81a-jojo-by-bin-ilyas-lawn-26/","https://cdn.shopify.com/s/files/1/0906/1783/9987/files/10_3dd90db7-0ed4-4256-af23-7c7511989c21.jpg?v=1783158543","Bin Ilyas","Women > Unstitched Suits > Luxury"
"JOJO-LWN-3P-BI-81B","Jojo By Bin Ilyas | Lawn'26 — 81B","Jojo By Bin Ilyas | Lawn'26 — 81B. 3 Piece unstitched suit by Bin Ilyas. Available to order with Cash on Delivery in Pakistan; final stock is confirmed before dispatch.","in stock","new","9395.00 PKR","https://alhumacollection.com/products/jojo-lwn-3p-bi-81b-jojo-by-bin-ilyas-lawn-26/","https://cdn.shopify.com/s/files/1/0906/1783/9987/files/17_15febaf3-c3d2-41c3-95e3-ff5b1fcad5ac.jpg?v=1783158530","Bin Ilyas","Women > Unstitched Suits > Luxury"
"JOJO-LWN-3P-BI-83A","Jojo By Bin Ilyas | Lawn'26 — 83A","Jojo By Bin Ilyas | Lawn'26 — 83A. 3 Piece unstitched suit by Bin Ilyas. Available to order with Cash on Delivery in Pakistan; final stock is confirmed before dispatch.","in stock","new","9395.00 PKR","https://alhumacollection.com/products/jojo-lwn-3p-bi-83a-jojo-by-bin-ilyas-lawn-26/","https://cdn.shopify.com/s/files/1/0906/1783/9987/files/11_f77e2b85-fca9-4e6c-92c9-98cd972bfa95.jpg?v=1783158540","Bin Ilyas","Women > Unstitched Suits > Luxury"
"JOJO-LWN-3P-BI-83B","Jojo By Bin Ilyas | Lawn'26 — 83B","Jojo By Bin Ilyas | Lawn'26 — 83B. 3 Piece unstitched suit by Bin Ilyas. Available to order with Cash on Delivery in Pakistan; final stock is confirmed before dispatch.","in stock","new","9395.00 PKR","https://alhumacollection.com/products/jojo-lwn-3p-bi-83b-jojo-by-bin-ilyas-lawn-26/","https://cdn.shopify.com/s/files/1/0906/1783/9987/files/13_16c9a334-1a41-4bbb-b741-15c7e58fa67b.jpg?v=1783158528","Bin Ilyas","Women > Unstitched Suits > Luxury"
"JOJO-LWN-3P-BI-84A","Jojo By Bin Ilyas | Lawn'26 — 84A","Jojo By Bin Ilyas | Lawn'26 — 84A. 3 Piece unstitched suit by Bin Ilyas. Available to order with Cash on Delivery in Pakistan; final stock is confirmed before dispatch.","in stock","new","9395.00 PKR","https://alhumacollection.com/products/jojo-lwn-3p-bi-84a-jojo-by-bin-ilyas-lawn-26/","https://cdn.shopify.com/s/files/1/0906/1783/9987/files/1_b9de8d6e-85bd-43a4-8b62-df312cb04a1d.jpg?v=1783158538","Bin Ilyas","Women > Unstitched Suits > Luxury"
"JOJO-LWN-3P-BI-84B","Jojo By Bin Ilyas | Lawn'26 — 84B","Jojo By Bin Ilyas | Lawn'26 — 84B. 3 Piece unstitched suit by Bin Ilyas. Available to order with Cash on Delivery in Pakistan; final stock is confirmed before dispatch.","in stock","new","9395.00 PKR","https://alhumacollection.com/products/jojo-lwn-3p-bi-84b-jojo-by-bin-ilyas-lawn-26/","https://cdn.shopify.com/s/files/1/0906/1783/9987/files/31_dff308dc-75b2-46a4-a2a2-fc633a0831c2.jpg?v=1783158525","Bin Ilyas","Women > Unstitched Suits > Luxury"
"JOJO-LWN-3P-BI-85B","Jojo By Bin Ilyas | Lawn'26 — 85B","Jojo By Bin Ilyas | Lawn'26 — 85B. 3 Piece unstitched suit by Bin Ilyas. Available to order with Cash on Delivery in Pakistan; final stock is confirmed before dispatch.","in stock","new","9395.00 PKR","https://alhumacollection.com/products/jojo-lwn-3p-bi-85b-jojo-by-bin-ilyas-lawn-26/","https://cdn.shopify.com/s/files/1/0906/1783/9987/files/20_3b662c7e-d576-452b-a662-9abe5adda946.jpg?v=1783158527","Bin Ilyas","Women > Unstitched Suits > Luxury"
"JOJO-LWN-3P-BI-86A","Jojo By Bin Ilyas | Lawn'26 — 86A","Jojo By Bin Ilyas | Lawn'26 — 86A. 3 Piece unstitched suit by Bin Ilyas. Available to order with Cash on Delivery in Pakistan; final stock is confirmed before dispatch.","in stock","new","9395.00 PKR","https://alhumacollection.com/products/jojo-lwn-3p-bi-86a-jojo-by-bin-ilyas-lawn-26/","https://cdn.shopify.com/s/files/1/0906/1783/9987/files/29_1666548b-63a8-442c-8019-751b2d2ade3e.jpg?v=1783158534","Bin Ilyas","Women > Unstitched Suits > Luxury"
"JOJO-LWN-3P-BI-86B","Jojo By Bin Ilyas | Lawn'26 — 86B","Jojo By Bin Ilyas | Lawn'26 — 86B. 3 Piece unstitched suit by Bin Ilyas. Available to order with Cash on Delivery in Pakistan; final stock is confirmed before dispatch.","in stock","new","9395.00 PKR","https://alhumacollection.com/products/jojo-lwn-3p-bi-86b-jojo-by-bin-ilyas-lawn-26/","https://cdn.shopify.com/s/files/1/0906/1783/9987/files/25_4ed72361-2fb2-4b94-ba97-2d230914fad3.jpg?v=1783158523","Bin Ilyas","Women > Unstitched Suits > Luxury"
"JOJO-LWN-3P-BI-87B","Jojo By Bin Ilyas | Lawn'26 — 87B","Jojo By Bin Ilyas | Lawn'26 — 87B. 3 Piece unstitched suit by Bin Ilyas. Available to order with Cash on Delivery in Pakistan; final stock is confirmed before dispatch.","in stock","new","9395.00 PKR","https://alhumacollection.com/products/jojo-lwn-3p-bi-87b-jojo-by-bin-ilyas-lawn-26/","https://cdn.shopify.com/s/files/1/0906/1783/9987/files/27_167004c2-7ec3-406c-b97c-9504cf49fbf7.jpg?v=1783158522","Bin Ilyas","Women > Unstitched Suits > Luxury"
"BONANZA-2PLWN-V1-ABR-10","Bonanza Satrangi Digital Printed All Over Two Piece Lawn 2PC — 10","Bonanza Satrangi Digital Printed All Over Two Piece Lawn 2PC — 10. 2 Piece unstitched suit by Bonanza Satrangi. Available to order with Cash on Delivery in Pakistan; final stock is confirmed before dispatch.","in stock","new","2195.00 PKR","https://alhumacollection.com/products/bonanza-2plwn-v1-abr-10-bonanza-satrangi-digital-printed-all-over-two-piece-lawn-2pc/","https://cdn.shopify.com/s/files/1/0906/1783/9987/files/bon-10.jpg?v=1786781793","Bonanza Satrangi","Women > Unstitched Suits > Formal"
"BONANZA-KHD-V1-3P-HM-02","Bonanza Satrangi Digital Printed Khaddar 3PC — 2","Bonanza Satrangi Digital Printed Khaddar 3PC — 2. 3 Piece unstitched suit by Bonanza Satrangi. Available to order with Cash on Delivery in Pakistan; final stock is confirmed before dispatch.","in stock","new","3350.00 PKR","https://alhumacollection.com/products/bonanza-khd-v1-3p-hm-02-bonanza-satrangi-digital-printed-khaddar-3pc/","https://cdn.shopify.com/s/files/1/0906/1783/9987/files/02_93fb1198-83e1-40be-9e13-c4cf2cf38239.jpg?v=1790058562","Bonanza Satrangi","Women > Unstitched Suits > Formal"
"BONANZA-KHD-V1-3P-HM-03","Bonanza Satrangi Digital Printed Khaddar 3PC — 3","Bonanza Satrangi Digital Printed Khaddar 3PC — 3. 3 Piece unstitched suit by Bonanza Satrangi. Available to order with Cash on Delivery in Pakistan; final stock is confirmed before dispatch.","in stock","new","3350.00 PKR","https://alhumacollection.com/products/bonanza-khd-v1-3p-hm-03-bonanza-satrangi-digital-printed-khaddar-3pc/","https://cdn.shopify.com/s/files/1/0906/1783/9987/files/03_6d148b22-020b-467a-8507-293748755736.jpg?v=1790058582","Bonanza Satrangi","Women > Unstitched Suits > Formal"
"BONANZA-KHD-V1-3P-HM-04","Bonanza Satrangi Digital Printed Khaddar 3PC — 4","Bonanza Satrangi Digital Printed Khaddar 3PC — 4. 3 Piece unstitched suit by Bonanza Satrangi. Available to order with Cash on Delivery in Pakistan; final stock is confirmed before dispatch.","in stock","new","3350.00 PKR","https://alhumacollection.com/products/bonanza-khd-v1-3p-hm-04-bonanza-satrangi-digital-printed-khaddar-3pc/","https://cdn.shopify.com/s/files/1/0906/1783/9987/files/04_325e4fc3-7f5b-4f93-8ccd-b9cfce9a4a8b.jpg?v=1790058612","Bonanza Satrangi","Women > Unstitched Suits > Formal"
"BONANZA-KHD-V1-3P-HM-05","Bonanza Satrangi Digital Printed Khaddar 3PC — 5","Bonanza Satrangi Digital Printed Khaddar 3PC — 5. 3 Piece unstitched suit by Bonanza Satrangi. Available to order with Cash on Delivery in Pakistan; final stock is confirmed before dispatch.","in stock","new","3350.00 PKR","https://alhumacollection.com/products/bonanza-khd-v1-3p-hm-05-bonanza-satrangi-digital-printed-khaddar-3pc/","https://cdn.shopify.com/s/files/1/0906/1783/9987/files/05_7b7b1c6d-ce3b-4c17-b068-607fa61e0127.jpg?v=1790058656","Bonanza Satrangi","Women > Unstitched Suits > Formal"
"BONANZA-KHD-V1-3P-HM-06","Bonanza Satrangi Digital Printed Khaddar 3PC — 6","Bonanza Satrangi Digital Printed Khaddar 3PC — 6. 3 Piece unstitched suit by Bonanza Satrangi. Available to order with Cash on Delivery in Pakistan; final stock is confirmed before dispatch.","in stock","new","3350.00 PKR","https://alhumacollection.com/products/bonanza-khd-v1-3p-hm-06-bonanza-satrangi-digital-printed-khaddar-3pc/","https://cdn.shopify.com/s/files/1/0906/1783/9987/files/06_7afe3897-5f09-4aba-9485-3bc212d9991a.jpg?v=1790058638","Bonanza Satrangi","Women > Unstitched Suits > Formal"
"BONANZA-KHD-V1-3P-HM-09","Bonanza Satrangi Digital Printed Khaddar 3PC — 9","Bonanza Satrangi Digital Printed Khaddar 3PC — 9. 3 Piece unstitched suit by Bonanza Satrangi. Available to order with Cash on Delivery in Pakistan; final stock is confirmed before dispatch.","in stock","new","3350.00 PKR","https://alhumacollection.com/products/bonanza-khd-v1-3p-hm-09-bonanza-satrangi-digital-printed-khaddar-3pc/","https://cdn.shopify.com/s/files/1/0906/1783/9987/files/Gemini_Generated_Image_tv9o0etv9o0etv9o_1.jpg?v=1790064410","Bonanza Satrangi","Women > Unstitched Suits > Formal"
"SLUB-KHADDAR-EMBROIDERED-A14","Charizma Printed Slub Khaddar With Emb Patches 3PC — 14","Charizma Printed Slub Khaddar With Emb Patches 3PC — 14. 3 Piece unstitched suit by Charizma. Available to order with Cash on Delivery in Pakistan; final stock is confirmed before dispatch.","in stock","new","5895.00 PKR","https://alhumacollection.com/products/slub-khaddar-embroidered-a14-charizma-printed-slub-khaddar-with-emb-patches-3pc/","https://cdn.shopify.com/s/files/1/0906/1783/9987/files/51CEA312-AFB7-4397-A99A-B4273A993D24.jpg?v=1766048963","Charizma","Women > Unstitched Suits > Formal"
"SLUB-KHADDAR-EMBROIDERED-A16","Charizma Printed Slub Khaddar With Emb Patches 3PC — 16","Charizma Printed Slub Khaddar With Emb Patches 3PC — 16. 3 Piece unstitched suit by Charizma. Available to order with Cash on Delivery in Pakistan; final stock is confirmed before dispatch.","in stock","new","5895.00 PKR","https://alhumacollection.com/products/slub-khaddar-embroidered-a16-charizma-printed-slub-khaddar-with-emb-patches-3pc/","https://cdn.shopify.com/s/files/1/0906/1783/9987/files/877D6627-92EE-469D-B568-7943CF532C5B.jpg?v=1768558708","Charizma","Women > Unstitched Suits > Formal"
"SLUB-KHADDAR-EMBROIDERED-A18","Charizma Printed Slub Khaddar With Emb Patches 3PC — 18","Charizma Printed Slub Khaddar With Emb Patches 3PC — 18. 3 Piece unstitched suit by Charizma. Available to order with Cash on Delivery in Pakistan; final stock is confirmed before dispatch.","in stock","new","5895.00 PKR","https://alhumacollection.com/products/slub-khaddar-embroidered-a18-charizma-printed-slub-khaddar-with-emb-patches-3pc/","https://cdn.shopify.com/s/files/1/0906/1783/9987/files/CE1561C5-010C-4FAB-9C4C-45462EB814EA.jpg?v=1766049009","Charizma","Women > Unstitched Suits > Formal"
"SLUB-KHADDAR-EMBROIDERED-A19","Charizma Printed Slub Khaddar With Emb Patches 3PC — 19","Charizma Printed Slub Khaddar With Emb Patches 3PC — 19. 3 Piece unstitched suit by Charizma. Available to order with Cash on Delivery in Pakistan; final stock is confirmed before dispatch.","in stock","new","5895.00 PKR","https://alhumacollection.com/products/slub-khaddar-embroidered-a19-charizma-printed-slub-khaddar-with-emb-patches-3pc/","https://cdn.shopify.com/s/files/1/0906/1783/9987/files/8EA5BA3C-876E-40DD-A8ED-40A5D4EBAFA2.jpg?v=1767880984","Charizma","Women > Unstitched Suits > Formal"
"SLUB-KHADDAR-EMBROIDERED-A25","Charizma Printed Slub Khaddar With Emb Patches 3PC — 25","Charizma Printed Slub Khaddar With Emb Patches 3PC — 25. 3 Piece unstitched suit by Charizma. Available to order with Cash on Delivery in Pakistan; final stock is confirmed before dispatch.","in stock","new","5895.00 PKR","https://alhumacollection.com/products/slub-khaddar-embroidered-a25-charizma-printed-slub-khaddar-with-emb-patches-3pc/","https://cdn.shopify.com/s/files/1/0906/1783/9987/files/846021FF-AA45-403A-8AE8-CBFD6B477CC7.jpg?v=1766048689","Charizma","Women > Unstitched Suits > Formal"
"CHINYERE-2PLWN-V2-ABR-05","Chinyere Digital Printed All Over Two Piece Lawn 2PC — 5","Chinyere Digital Printed All Over Two Piece Lawn 2PC — 5. 2 Piece unstitched suit by Chinyere. Available to order with Cash on Delivery in Pakistan; final stock is confirmed before dispatch.","in stock","new","2195.00 PKR","https://alhumacollection.com/products/chinyere-2plwn-v2-abr-05-chinyere-digital-printed-all-over-two-piece-lawn-2pc/","https://cdn.shopify.com/s/files/1/0906/1783/9987/files/chi-05.jpg?v=1786729326","Chinyere","Women > Unstitched Suits > Formal"
"CRIMSON-MEHNDI-3PC-AK23","Crimson Luxury Embroidered Lawn 3PC — MEHNDI","Crimson Luxury Embroidered Lawn 3PC — MEHNDI. 3 Piece unstitched suit by Crimson. Available to order with Cash on Delivery in Pakistan; final stock is confirmed before dispatch.","in stock","new","8500.00 PKR","https://alhumacollection.com/products/crimson-mehndi-3pc-ak23-crimson-luxury-embroidered-lawn-3pc/","https://cdn.shopify.com/s/files/1/0906/1783/9987/files/6563868F-70AE-4C39-ADFF-310FDF41DCD8.jpg?v=1783157560","Crimson","Women > Unstitched Suits > Luxury"
"CRIMSON-MUSTARD-3PC-AK23","Crimson Luxury Embroidered Lawn 3PC — MUSTARD","Crimson Luxury Embroidered Lawn 3PC — MUSTARD. 3 Piece unstitched suit by Crimson. Available to order with Cash on Delivery in Pakistan; final stock is confirmed before dispatch.","in stock","new","8500.00 PKR","https://alhumacollection.com/products/crimson-mustard-3pc-ak23-crimson-luxury-embroidered-lawn-3pc/","https://cdn.shopify.com/s/files/1/0906/1783/9987/files/5BF1BE00-1262-419D-8A59-8055C5573DEC.jpg?v=1783157560","Crimson","Women > Unstitched Suits > Luxury"
"CRIMSON-BLK-3PC-AK15","Crimson Luxury Embroidered Lawn Collection 3PC — BLACK","Crimson Luxury Embroidered Lawn Collection 3PC — BLACK. 3 Piece unstitched suit by Crimson. Available to order with Cash on Delivery in Pakistan; final stock is confirmed before dispatch.","in stock","new","7000.00 PKR","https://alhumacollection.com/products/crimson-blk-3pc-ak15-crimson-luxury-embroidered-lawn-collection-3pc/","https://cdn.shopify.com/s/files/1/0906/1783/9987/files/84A8B28F-BB0B-4FF4-ABA2-4E447E4EB3D4.jpg?v=1783157597","Crimson","Women > Unstitched Suits > Luxury"
"CRIMSON-BLUE-3PC-AK15","Crimson Luxury Embroidered Lawn Collection 3PC — BLUE","Crimson Luxury Embroidered Lawn Collection 3PC — BLUE. 3 Piece unstitched suit by Crimson. Available to order with Cash on Delivery in Pakistan; final stock is confirmed before dispatch.","in stock","new","7000.00 PKR","https://alhumacollection.com/products/crimson-blue-3pc-ak15-crimson-luxury-embroidered-lawn-collection-3pc/","https://cdn.shopify.com/s/files/1/0906/1783/9987/files/58E7340C-B172-4B5D-92BB-04A2CC0A341D.jpg?v=1783157597","Crimson","Women > Unstitched Suits > Luxury"
"CRIMSON-MUST-3PC-AK15","Crimson Luxury Embroidered Lawn Collection 3PC — MUSTARD","Crimson Luxury Embroidered Lawn Collection 3PC — MUSTARD. 3 Piece unstitched suit by Crimson. Available to order with Cash on Delivery in Pakistan; final stock is confirmed before dispatch.","in stock","new","7000.00 PKR","https://alhumacollection.com/products/crimson-must-3pc-ak15-crimson-luxury-embroidered-lawn-collection-3pc/","https://cdn.shopify.com/s/files/1/0906/1783/9987/files/3AB628B8-784B-4F90-BB93-FDB71042A6B0.jpg?v=1783157597","Crimson","Women > Unstitched Suits > Luxury"
"CRIMSON-PINK-3PC-AK15","Crimson Luxury Embroidered Lawn Collection 3PC — PINK","Crimson Luxury Embroidered Lawn Collection 3PC — PINK. 3 Piece unstitched suit by Crimson. Available to order with Cash on Delivery in Pakistan; final stock is confirmed before dispatch.","in stock","new","7000.00 PKR","https://alhumacollection.com/products/crimson-pink-3pc-ak15-crimson-luxury-embroidered-lawn-collection-3pc/","https://cdn.shopify.com/s/files/1/0906/1783/9987/files/2C3FEFFA-44A8-47CF-8B19-AA6786816538.jpg?v=1783157597","Crimson","Women > Unstitched Suits > Luxury"
"SLUB-KHADDAR-EMBROIDERED-A29","Embroidered Soft Slub Khaddar-3PC — 29","Embroidered Soft Slub Khaddar-3PC — 29. 3 Piece unstitched suit by Crimson. Available to order with Cash on Delivery in Pakistan; final stock is confirmed before dispatch.","in stock","new","5895.00 PKR","https://alhumacollection.com/products/slub-khaddar-embroidered-a29-embroidered-soft-slub-khaddar-3pc/","https://cdn.shopify.com/s/files/1/0906/1783/9987/files/WhatsAppImage2026-09-03at5.31.55PM.jpg?v=1788439241","Crimson","Women > Unstitched Suits > Formal"
"CROSS-2PLWN-V2-ABR-05","Cross Stitch Digital Printed All Over Two Piece Lawn 2PC — 5","Cross Stitch Digital Printed All Over Two Piece Lawn 2PC — 5. 2 Piece unstitched suit by Cross Stitch. Available to order with Cash on Delivery in Pakistan; final stock is confirmed before dispatch.","in stock","new","2195.00 PKR","https://alhumacollection.com/products/cross-2plwn-v2-abr-05-cross-stitch-digital-printed-all-over-two-piece-lawn-2pc/","https://cdn.shopify.com/s/files/1/0906/1783/9987/files/cro-05.jpg?v=1786731303","Cross Stitch","Women > Unstitched Suits > Formal"
"CS-EMB-LWN-3P-1856","Cross Stitch Embroidered Lawn 3PC — 1856","Cross Stitch Embroidered Lawn 3PC — 1856. 3 Piece unstitched suit by Cross Stitch. Available to order with Cash on Delivery in Pakistan; final stock is confirmed before dispatch.","in stock","new","6150.00 PKR","https://alhumacollection.com/products/cs-emb-lwn-3p-1856-cross-stitch-embroidered-lawn-3pc/","https://cdn.shopify.com/s/files/1/0906/1783/9987/files/583FD8C3-E0A0-4C3C-991B-D7EA541F888D.jpg?v=1771716223","Cross Stitch","Women > Unstitched Suits > Formal"
"CROSSSTITCH-V2-S26-A-01","Cross Stitch Premium Jacquard Viscose 3PC — 1","Cross Stitch Premium Jacquard Viscose 3PC — 1. 3 Piece unstitched suit by Cross Stitch. Available to order with Cash on Delivery in Pakistan; final stock is confirmed before dispatch.","in stock","new","4250.00 PKR","https://alhumacollection.com/products/crossstitch-v2-s26-a-01-cross-stitch-premium-jacquard-viscose-3pc/","https://cdn.shopify.com/s/files/1/0906/1783/9987/files/6_1__jpg_c676c8a1-1eef-4e85-9774-1f7292b6b3e3.jpg?v=1787824497","Cross Stitch","Women > Unstitched Suits > Formal"
"CROSSSTITCH-V2-S26-A-03","Cross Stitch Premium Jacquard Viscose 3PC — 3 — CROSSSTITCH-V2-S26-A-03","Cross Stitch Premium Jacquard Viscose 3PC — 3 — CROSSSTITCH-V2-S26-A-03. 3 Piece unstitched suit by Cross Stitch. Available to order with Cash on Delivery in Pakistan; final stock is confirmed before dispatch.","in stock","new","4250.00 PKR","https://alhumacollection.com/products/crossstitch-v2-s26-a-03-cross-stitch-premium-jacquard-viscose-3pc/","https://cdn.shopify.com/s/files/1/0906/1783/9987/files/4_3__jpg_b974068d-a925-4cb5-89d7-9a4338e65d60.jpg?v=1787824460","Cross Stitch","Women > Unstitched Suits > Formal"
"CROSSSTITCH-V3-S26-A-03","Cross Stitch Premium Jacquard Viscose 3PC — 3 — CROSSSTITCH-V3-S26-A-03","Cross Stitch Premium Jacquard Viscose 3PC — 3 — CROSSSTITCH-V3-S26-A-03. 3 Piece unstitched suit by Cross Stitch. Available to order with Cash on Delivery in Pakistan; final stock is confirmed before dispatch.","in stock","new","4250.00 PKR","https://alhumacollection.com/products/crossstitch-v3-s26-a-03-cross-stitch-premium-jacquard-viscose-3pc/","https://cdn.shopify.com/s/files/1/0906/1783/9987/files/4_3__jpg_bd8071d6-e384-48bb-81cd-14bd14ed9864.jpg?v=1787821588","Cross Stitch","Women > Unstitched Suits > Formal"
"CROSSSTITCH-V1-S26-A-04","Cross Stitch Premium Jacquard Viscose 3PC — 4 — CROSSSTITCH-V1-S26-A-04","Cross Stitch Premium Jacquard Viscose 3PC — 4 — CROSSSTITCH-V1-S26-A-04. 3 Piece unstitched suit by Cross Stitch. Available to order with Cash on Delivery in Pakistan; final stock is confirmed before dispatch.","in stock","new","4250.00 PKR","https://alhumacollection.com/products/crossstitch-v1-s26-a-04-cross-stitch-premium-jacquard-viscose-3pc/","https://cdn.shopify.com/s/files/1/0906/1783/9987/files/3_2_.jpg_1.jpg?v=1787822087","Cross Stitch","Women > Unstitched Suits > Formal"
"CROSSSTITCH-V2-S26-A-04","Cross Stitch Premium Jacquard Viscose 3PC — 4 — CROSSSTITCH-V2-S26-A-04","Cross Stitch Premium Jacquard Viscose 3PC — 4 — CROSSSTITCH-V2-S26-A-04. 3 Piece unstitched suit by Cross Stitch. Available to order with Cash on Delivery in Pakistan; final stock is confirmed before dispatch.","in stock","new","4250.00 PKR","https://alhumacollection.com/products/crossstitch-v2-s26-a-04-cross-stitch-premium-jacquard-viscose-3pc/","https://cdn.shopify.com/s/files/1/0906/1783/9987/files/3_2__jpg_20351f0e-d775-4b0a-a13b-6f7eff1cffc0.jpg?v=1787824422","Cross Stitch","Women > Unstitched Suits > Formal"
"CROSSSTITCH-V2-S26-A-05","Cross Stitch Premium Jacquard Viscose 3PC — 5 — CROSSSTITCH-V2-S26-A-05","Cross Stitch Premium Jacquard Viscose 3PC — 5 — CROSSSTITCH-V2-S26-A-05. 3 Piece unstitched suit by Cross Stitch. Available to order with Cash on Delivery in Pakistan; final stock is confirmed before dispatch.","in stock","new","4250.00 PKR","https://alhumacollection.com/products/crossstitch-v2-s26-a-05-cross-stitch-premium-jacquard-viscose-3pc/","https://cdn.shopify.com/s/files/1/0906/1783/9987/files/2_4__jpg_0cfbee95-0592-4e4f-a7af-52f4b56d0bc1.jpg?v=1787824378","Cross Stitch","Women > Unstitched Suits > Formal"
"CROSSSTITCH-V1-S26-A-05","Cross Stitch Premium Jacquard Viscose 3PC — 5 — CROSSSTITCH-V1-S26-A-05","Cross Stitch Premium Jacquard Viscose 3PC — 5 — CROSSSTITCH-V1-S26-A-05. 3 Piece unstitched suit by Cross Stitch. Available to order with Cash on Delivery in Pakistan; final stock is confirmed before dispatch.","in stock","new","4250.00 PKR","https://alhumacollection.com/products/crossstitch-v1-s26-a-05-cross-stitch-premium-jacquard-viscose-3pc/","https://cdn.shopify.com/s/files/1/0906/1783/9987/files/4_4_.jpg_1.jpg?v=1787822135","Cross Stitch","Women > Unstitched Suits > Formal"
"CROSSSTITCH-V2-S26-A-06","Cross Stitch Premium Jacquard Viscose 3PC — 6 — CROSSSTITCH-V2-S26-A-06","Cross Stitch Premium Jacquard Viscose 3PC — 6 — CROSSSTITCH-V2-S26-A-06. 3 Piece unstitched suit by Cross Stitch. Available to order with Cash on Delivery in Pakistan; final stock is confirmed before dispatch.","in stock","new","4250.00 PKR","https://alhumacollection.com/products/crossstitch-v2-s26-a-06-cross-stitch-premium-jacquard-viscose-3pc/","https://cdn.shopify.com/s/files/1/0906/1783/9987/files/1_4__jpg_5e3846cd-44aa-4fd9-b70d-bfd2d0aa1555.jpg?v=1787824343","Cross Stitch","Women > Unstitched Suits > Formal"
"CROSSSTITCH-V1-S26-A-06","Cross Stitch Premium Jacquard Viscose 3PC — 6 — CROSSSTITCH-V1-S26-A-06","Cross Stitch Premium Jacquard Viscose 3PC — 6 — CROSSSTITCH-V1-S26-A-06. 3 Piece unstitched suit by Cross Stitch. Available to order with Cash on Delivery in Pakistan; final stock is confirmed before dispatch.","in stock","new","4250.00 PKR","https://alhumacollection.com/products/crossstitch-v1-s26-a-06-cross-stitch-premium-jacquard-viscose-3pc/","https://cdn.shopify.com/s/files/1/0906/1783/9987/files/1_4_.jpg_1.jpg?v=1787822186","Cross Stitch","Women > Unstitched Suits > Formal"
"SCHIFFLI-DR-LWN-V3-MIC-D-02","Dr Schiffli By Dr Haris Vol-03 | Lawn'26 — D-02","Dr Schiffli By Dr Haris Vol-03 | Lawn'26 — D-02. 3 Piece unstitched suit by Dr.Haris. Available to order with Cash on Delivery in Pakistan; final stock is confirmed before dispatch.","in stock","new","8990.00 PKR","https://alhumacollection.com/products/schiffli-dr-lwn-v3-mic-d-02-dr-schiffli-by-dr-haris-vol-03-lawn-26/","https://cdn.shopify.com/s/files/1/0906/1783/9987/files/9_0a2ca3cf-ddbb-41f4-a8c8-9d46f23098b1.jpg?v=1783158038","Dr.Haris","Women > Unstitched Suits > Luxury"
"SCHIFFLI-DR-LWN-V3-MIC-D-04","Dr Schiffli By Dr Haris Vol-03 | Lawn'26 — D-04","Dr Schiffli By Dr Haris Vol-03 | Lawn'26 — D-04. 3 Piece unstitched suit by Dr.Haris. Available to order with Cash on Delivery in Pakistan; final stock is confirmed before dispatch.","in stock","new","8990.00 PKR","https://alhumacollection.com/products/schiffli-dr-lwn-v3-mic-d-04-dr-schiffli-by-dr-haris-vol-03-lawn-26/","https://cdn.shopify.com/s/files/1/0906/1783/9987/files/15_50f013a9-b19d-49d4-b99b-1754cc38b4cd.jpg?v=1783158033","Dr.Haris","Women > Unstitched Suits > Luxury"
"SCHIFFLI-DR-LWN-V3-MIC-D-05","Dr Schiffli By Dr Haris Vol-03 | Lawn'26 — D-05","Dr Schiffli By Dr Haris Vol-03 | Lawn'26 — D-05. 3 Piece unstitched suit by Dr.Haris. Available to order with Cash on Delivery in Pakistan; final stock is confirmed before dispatch.","in stock","new","8990.00 PKR","https://alhumacollection.com/products/schiffli-dr-lwn-v3-mic-d-05-dr-schiffli-by-dr-haris-vol-03-lawn-26/","https://cdn.shopify.com/s/files/1/0906/1783/9987/files/21_a91b7307-d8ef-4826-b656-45403f50a39f.jpg?v=1783158036","Dr.Haris","Women > Unstitched Suits > Luxury"
"SCHIFFLI-DR-LWN-V3-MIC-D-06","Dr Schiffli By Dr Haris Vol-03 | Lawn'26 — D-06","Dr Schiffli By Dr Haris Vol-03 | Lawn'26 — D-06. 3 Piece unstitched suit by Dr.Haris. Available to order with Cash on Delivery in Pakistan; final stock is confirmed before dispatch.","in stock","new","8990.00 PKR","https://alhumacollection.com/products/schiffli-dr-lwn-v3-mic-d-06-dr-schiffli-by-dr-haris-vol-03-lawn-26/","https://cdn.shopify.com/s/files/1/0906/1783/9987/files/25_bdbe5586-705d-4d80-a34c-47a455a70adc.jpg?v=1783158035","Dr.Haris","Women > Unstitched Suits > Luxury"
"SCHIFFLI-DR-LWN-V3-MIC-D-07","Dr Schiffli By Dr Haris Vol-03 | Lawn'26 — D-07","Dr Schiffli By Dr Haris Vol-03 | Lawn'26 — D-07. 3 Piece unstitched suit by Dr.Haris. Available to order with Cash on Delivery in Pakistan; final stock is confirmed before dispatch.","in stock","new","8990.00 PKR","https://alhumacollection.com/products/schiffli-dr-lwn-v3-mic-d-07-dr-schiffli-by-dr-haris-vol-03-lawn-26/","https://cdn.shopify.com/s/files/1/0906/1783/9987/files/27_45cb016a-6ef9-49f5-b153-6b9b199e2ce5.jpg?v=1783158032","Dr.Haris","Women > Unstitched Suits > Luxury"
"SCHIFFLI-DR-LWN-V3-MIC-D-08","Dr Schiffli By Dr Haris Vol-03 | Lawn'26 — D-08","Dr Schiffli By Dr Haris Vol-03 | Lawn'26 — D-08. 3 Piece unstitched suit by Dr.Haris. Available to order with Cash on Delivery in Pakistan; final stock is confirmed before dispatch.","in stock","new","8990.00 PKR","https://alhumacollection.com/products/schiffli-dr-lwn-v3-mic-d-08-dr-schiffli-by-dr-haris-vol-03-lawn-26/","https://cdn.shopify.com/s/files/1/0906/1783/9987/files/31_c3559bef-dbf9-46b9-856f-ad4d9ed0db3f.jpg?v=1783158030","Dr.Haris","Women > Unstitched Suits > Luxury"
"SCHIFFLI-DR-LWN-V3-MIC-D-09","Dr Schiffli By Dr Haris Vol-03 | Lawn'26 — D-09","Dr Schiffli By Dr Haris Vol-03 | Lawn'26 — D-09. 3 Piece unstitched suit by Dr.Haris. Available to order with Cash on Delivery in Pakistan; final stock is confirmed before dispatch.","in stock","new","8990.00 PKR","https://alhumacollection.com/products/schiffli-dr-lwn-v3-mic-d-09-dr-schiffli-by-dr-haris-vol-03-lawn-26/","https://cdn.shopify.com/s/files/1/0906/1783/9987/files/34_1d69ed18-8db3-46da-8f7e-1e0b70065f77.jpg?v=1783158029","Dr.Haris","Women > Unstitched Suits > Luxury"
"SCHIFFLI-DR-LWN-V3-MIC-D-10","Dr Schiffli By Dr Haris Vol-03 | Lawn'26 — D-10","Dr Schiffli By Dr Haris Vol-03 | Lawn'26 — D-10. 3 Piece unstitched suit by Dr.Haris. Available to order with Cash on Delivery in Pakistan; final stock is confirmed before dispatch.","in stock","new","8990.00 PKR","https://alhumacollection.com/products/schiffli-dr-lwn-v3-mic-d-10-dr-schiffli-by-dr-haris-vol-03-lawn-26/","https://cdn.shopify.com/s/files/1/0906/1783/9987/files/41_d5b07275-4316-4cf2-9476-daf9e57d9aa8.jpg?v=1783158027","Dr.Haris","Women > Unstitched Suits > Luxury"
"MUSHK-DR-ORG-MIC-D-1","Mushkk By Dr.Haris Luxury Organza — D-1","Mushkk By Dr.Haris Luxury Organza — D-1. 3 Piece unstitched suit by Dr.Haris. Available to order with Cash on Delivery in Pakistan; final stock is confirmed before dispatch.","in stock","new","9900.00 PKR","https://alhumacollection.com/products/mushk-dr-org-mic-d-1-mushkk-by-dr-haris-luxury-organza/","https://cdn.shopify.com/s/files/1/0906/1783/9987/files/2_9e20e55a-652d-4a3e-b264-6949b4527d6c.jpg?v=1783157717","Dr.Haris","Women > Unstitched Suits > Luxury"
"MUSHK-DR-ORG-MIC-D-2","Mushkk By Dr.Haris Luxury Organza — D-2","Mushkk By Dr.Haris Luxury Organza — D-2. 3 Piece unstitched suit by Dr.Haris. Available to order with Cash on Delivery in Pakistan; final stock is confirmed before dispatch.","in stock","new","9900.00 PKR","https://alhumacollection.com/products/mushk-dr-org-mic-d-2-mushkk-by-dr-haris-luxury-organza/","https://cdn.shopify.com/s/files/1/0906/1783/9987/files/7_c50dd227-4664-4492-9e13-e10853ef10e9.jpg?v=1783157714","Dr.Haris","Women > Unstitched Suits > Luxury"
"MUSHK-DR-ORG-MIC-D-3","Mushkk By Dr.Haris Luxury Organza — D-3","Mushkk By Dr.Haris Luxury Organza — D-3. 3 Piece unstitched suit by Dr.Haris. Available to order with Cash on Delivery in Pakistan; final stock is confirmed before dispatch.","in stock","new","9900.00 PKR","https://alhumacollection.com/products/mushk-dr-org-mic-d-3-mushkk-by-dr-haris-luxury-organza/","https://cdn.shopify.com/s/files/1/0906/1783/9987/files/10_e5257bf0-bba0-4cb8-a16b-a4c5ff047885.jpg?v=1783157715","Dr.Haris","Women > Unstitched Suits > Luxury"
"MUSHK-DR-ORG-MIC-D-4","Mushkk By Dr.Haris Luxury Organza — D-4","Mushkk By Dr.Haris Luxury Organza — D-4. 3 Piece unstitched suit by Dr.Haris. Available to order with Cash on Delivery in Pakistan; final stock is confirmed before dispatch.","in stock","new","9900.00 PKR","https://alhumacollection.com/products/mushk-dr-org-mic-d-4-mushkk-by-dr-haris-luxury-organza/","https://cdn.shopify.com/s/files/1/0906/1783/9987/files/16_b1b54f77-717d-4fac-b383-0ff4f3d82c34.jpg?v=1783157712","Dr.Haris","Women > Unstitched Suits > Luxury"
"AFREEN-ZS-0044","Afreen | Organza | Dressline — 44","Afreen | Organza | Dressline — 44. 3 Piece unstitched suit by Dressline. Available to order with Cash on Delivery in Pakistan; final stock is confirmed before dispatch.","in stock","new","9500.00 PKR","https://alhumacollection.com/products/afreen-zs-0044-afreen-organza-dressline/","https://cdn.shopify.com/s/files/1/0906/1783/9987/files/13_eafd5157-2ebf-408a-ae46-ba6b16b83183.png?v=1783159442","Dressline","Women > Unstitched Suits > Luxury"
"AIRA-ORG-SKY-1547","Aira | Organza | Dressline — 1547 — AIRA-ORG-SKY-1547","Aira | Organza | Dressline — 1547 — AIRA-ORG-SKY-1547. 3 Piece unstitched suit by Dressline. Available to order with Cash on Delivery in Pakistan; final stock is confirmed before dispatch.","in stock","new","10900.00 PKR","https://alhumacollection.com/products/aira-org-sky-1547-aira-organza-dressline/","https://cdn.shopify.com/s/files/1/0906/1783/9987/files/3_cbdf7ffb-bb1d-41d9-bb34-fea35fad5d64.jpg?v=1783158626","Dressline","Women > Unstitched Suits > Luxury"
"AIRA-ORG-PURP-1547","Aira | Organza | Dressline — 1547 — AIRA-ORG-PURP-1547","Aira | Organza | Dressline — 1547 — AIRA-ORG-PURP-1547. 3 Piece unstitched suit by Dressline. Available to order with Cash on Delivery in Pakistan; final stock is confirmed before dispatch.","in stock","new","10900.00 PKR","https://alhumacollection.com/products/aira-org-purp-1547-aira-organza-dressline/","https://cdn.shopify.com/s/files/1/0906/1783/9987/files/7_15255cf8-75bc-4339-bdd7-06eb4dd972e2.jpg?v=1783158624","Dressline","Women > Unstitched Suits > Luxury"
"AIRA-ORG-PEACH-1547","Aira | Organza | Dressline — 1547 — AIRA-ORG-PEACH-1547","Aira | Organza | Dressline — 1547 — AIRA-ORG-PEACH-1547. 3 Piece unstitched suit by Dressline. Available to order with Cash on Delivery in Pakistan; final stock is confirmed before dispatch.","in stock","new","10900.00 PKR","https://alhumacollection.com/products/aira-org-peach-1547-aira-organza-dressline/","https://cdn.shopify.com/s/files/1/0906/1783/9987/files/4_03e154f9-91b8-41e3-a1f6-667eec3d1dcb.jpg?v=1783158622","Dressline","Women > Unstitched Suits > Luxury"
"AIRA-ORG-PISTA-1547","Aira | Organza | Dressline — 1547 — AIRA-ORG-PISTA-1547","Aira | Organza | Dressline — 1547 — AIRA-ORG-PISTA-1547. 3 Piece unstitched suit by Dressline. Available to order with Cash on Delivery in Pakistan; final stock is confirmed before dispatch.","in stock","new","10900.00 PKR","https://alhumacollection.com/products/aira-org-pista-1547-aira-organza-dressline/","https://cdn.shopify.com/s/files/1/0906/1783/9987/files/11_312d550d-a72d-4142-9ac5-25f73149652b.jpg?v=1783158620","Dressline","Women > Unstitched Suits > Luxury"
"AYEFA-DL-LWN-3P-1837","Ayefa | Lawn | Dressline — 1837","Ayefa | Lawn | Dressline — 1837. 3 Piece unstitched suit by Dressline. Available to order with Cash on Delivery in Pakistan; final stock is confirmed before dispatch.","in stock","new","9300.00 PKR","https://alhumacollection.com/products/ayefa-dl-lwn-3p-1837-ayefa-lawn-dressline/","https://cdn.shopify.com/s/files/1/0906/1783/9987/files/IMG-8474.jpg?v=1783157592","Dressline","Women > Unstitched Suits > Luxury"
"AYEFA-DL-LWN-3P-1838","Ayefa | Lawn | Dressline — 1838","Ayefa | Lawn | Dressline — 1838. 3 Piece unstitched suit by Dressline. Available to order with Cash on Delivery in Pakistan; final stock is confirmed before dispatch.","in stock","new","9300.00 PKR","https://alhumacollection.com/products/ayefa-dl-lwn-3p-1838-ayefa-lawn-dressline/","https://cdn.shopify.com/s/files/1/0906/1783/9987/files/IMG-8479.jpg?v=1783157589","Dressline","Women > Unstitched Suits > Luxury"
"CRYSTAL-DL-ORG-1541","Crystal | Organza | Dressline — 1541","Crystal | Organza | Dressline — 1541. 3 Piece unstitched suit by Dressline. Available to order with Cash on Delivery in Pakistan; final stock is confirmed before dispatch.","in stock","new","10650.00 PKR","https://alhumacollection.com/products/crystal-dl-org-1541-crystal-organza-dressline/","https://cdn.shopify.com/s/files/1/0906/1783/9987/files/11_7ae1b0e8-e402-43a1-a20f-fe70280570bf.jpg?v=1783157721","Dressline","Women > Unstitched Suits > Luxury"
"CRYSTAL-DL-ORG-1542","Crystal | Organza | Dressline — 1542","Crystal | Organza | Dressline — 1542. 3 Piece unstitched suit by Dressline. Available to order with Cash on Delivery in Pakistan; final stock is confirmed before dispatch.","in stock","new","10650.00 PKR","https://alhumacollection.com/products/crystal-dl-org-1542-crystal-organza-dressline/","https://cdn.shopify.com/s/files/1/0906/1783/9987/files/2_222518aa-0df1-4cce-811c-d2be82d108ce.jpg?v=1783157722","Dressline","Women > Unstitched Suits > Luxury"
"CRYSTAL-DL-ORG-1543","Crystal | Organza | Dressline — 1543","Crystal | Organza | Dressline — 1543. 3 Piece unstitched suit by Dressline. Available to order with Cash on Delivery in Pakistan; final stock is confirmed before dispatch.","in stock","new","10650.00 PKR","https://alhumacollection.com/products/crystal-dl-org-1543-crystal-organza-dressline/","https://cdn.shopify.com/s/files/1/0906/1783/9987/files/7_114c2dcc-d9de-4634-bfc0-1d944f99d375.jpg?v=1783157719","Dressline","Women > Unstitched Suits > Luxury"
"DHANAK-ORG-RUST-3PC-FB-122","Dhanak | Organza | Dressline — FB-122","Dhanak | Organza | Dressline — FB-122. 3 Piece unstitched suit by Dressline. Available to order with Cash on Delivery in Pakistan; final stock is confirmed before dispatch.","in stock","new","9850.00 PKR","https://alhumacollection.com/products/dhanak-org-rust-3pc-fb-122-dhanak-organza-dressline/","https://cdn.shopify.com/s/files/1/0906/1783/9987/files/122_3.png?v=1783159258","Dressline","Women > Unstitched Suits > Luxury"
"DHANAK-ORG-BLUE-3PC-FB-123","Dhanak | Organza | Dressline — FB-123","Dhanak | Organza | Dressline — FB-123. 3 Piece unstitched suit by Dressline. Available to order with Cash on Delivery in Pakistan; final stock is confirmed before dispatch.","in stock","new","9850.00 PKR","https://alhumacollection.com/products/dhanak-org-blue-3pc-fb-123-dhanak-organza-dressline/","https://cdn.shopify.com/s/files/1/0906/1783/9987/files/123_1.png?v=1783159256","Dressline","Women > Unstitched Suits > Luxury"
"DHANAK-ORG-JAMINI-3PC-FB-124","Dhanak | Organza | Dressline — FB-124","Dhanak | Organza | Dressline — FB-124. 3 Piece unstitched suit by Dressline. Available to order with Cash on Delivery in Pakistan; final stock is confirmed before dispatch.","in stock","new","9850.00 PKR","https://alhumacollection.com/products/dhanak-org-jamini-3pc-fb-124-dhanak-organza-dressline/","https://cdn.shopify.com/s/files/1/0906/1783/9987/files/124_2.png?v=1783159254","Dressline","Women > Unstitched Suits > Luxury"
"DHANAK-ORG-BLACK-3PC-FB-127","Dhanak | Organza | Dressline — FB-127","Dhanak | Organza | Dressline — FB-127. 3 Piece unstitched suit by Dressline. Available to order with Cash on Delivery in Pakistan; final stock is confirmed before dispatch.","in stock","new","9850.00 PKR","https://alhumacollection.com/products/dhanak-org-black-3pc-fb-127-dhanak-organza-dressline/","https://cdn.shopify.com/s/files/1/0906/1783/9987/files/127_2.png?v=1783159253","Dressline","Women > Unstitched Suits > Luxury"
"DHOLAK-DL-SILK-3P-D-1771","Dholak | Shesha Silk | Dressline — D-1771","Dholak | Shesha Silk | Dressline — D-1771. 3 Piece unstitched suit by Dressline. Available to order with Cash on Delivery in Pakistan; final stock is confirmed before dispatch.","in stock","new","10500.00 PKR","https://alhumacollection.com/products/dholak-dl-silk-3p-d-1771-dholak-shesha-silk-dressline/","https://cdn.shopify.com/s/files/1/0906/1783/9987/files/5_79fa1ccf-3620-4192-8da5-4e681d8276d5.jpg?v=1783157631","Dressline","Women > Unstitched Suits > Luxury"
"DHOLAK-DL-SILK-3P-D-1773","Dholak | Shesha Silk | Dressline — D-1773","Dholak | Shesha Silk | Dressline — D-1773. 3 Piece unstitched suit by Dressline. Available to order with Cash on Delivery in Pakistan; final stock is confirmed before dispatch.","in stock","new","10500.00 PKR","https://alhumacollection.com/products/dholak-dl-silk-3p-d-1773-dholak-shesha-silk-dressline/","https://cdn.shopify.com/s/files/1/0906/1783/9987/files/10_8c372960-3355-4082-b4ed-92614629bd53.jpg?v=1783157629","Dressline","Women > Unstitched Suits > Luxury"
"EVA-DL-ORG-MERN-1494","EVA By | Organza | Dressline — 1494 — EVA-DL-ORG-MERN-1494","EVA By | Organza | Dressline — 1494 — EVA-DL-ORG-MERN-1494. 3 Piece unstitched suit by Dressline. Available to order with Cash on Delivery in Pakistan; final stock is confirmed before dispatch.","in stock","new","10950.00 PKR","https://alhumacollection.com/products/eva-dl-org-mern-1494-eva-by-organza-dressline/","https://cdn.shopify.com/s/files/1/0906/1783/9987/files/1_ba47d9bc-38a9-4574-9b8b-a59ccdeaaf77.jpg?v=1783157658","Dressline","Women > Unstitched Suits > Luxury"
"EVA-DL-ORG-BLUE-1494","EVA By | Organza | Dressline — 1494 — EVA-DL-ORG-BLUE-1494","EVA By | Organza | Dressline — 1494 — EVA-DL-ORG-BLUE-1494. 3 Piece unstitched suit by Dressline. Available to order with Cash on Delivery in Pakistan; final stock is confirmed before dispatch.","in stock","new","10950.00 PKR","https://alhumacollection.com/products/eva-dl-org-blue-1494-eva-by-organza-dressline/","https://cdn.shopify.com/s/files/1/0906/1783/9987/files/14_b7ca1407-42bb-4d97-8c20-cb76cdde340e.jpg?v=1783157657","Dressline","Women > Unstitched Suits > Luxury"
"EVA-DL-ORG-ZINC-1494","EVA By | Organza | Dressline — 1494 — EVA-DL-ORG-ZINC-1494","EVA By | Organza | Dressline — 1494 — EVA-DL-ORG-ZINC-1494. 3 Piece unstitched suit by Dressline. Available to order with Cash on Delivery in Pakistan; final stock is confirmed before dispatch.","in stock","new","10950.00 PKR","https://alhumacollection.com/products/eva-dl-org-zinc-1494-eva-by-organza-dressline/","https://cdn.shopify.com/s/files/1/0906/1783/9987/files/6_bbcd357b-ae7b-499c-a10e-c76c83c3c34d.jpg?v=1783157656","Dressline","Women > Unstitched Suits > Luxury"
"EVA-DL-ORG-PURPL-1494","EVA By | Organza | Dressline — 1494 — EVA-DL-ORG-PURPL-1494","EVA By | Organza | Dressline — 1494 — EVA-DL-ORG-PURPL-1494. 3 Piece unstitched suit by Dressline. Available to order with Cash on Delivery in Pakistan; final stock is confirmed before dispatch.","in stock","new","10950.00 PKR","https://alhumacollection.com/products/eva-dl-org-purpl-1494-eva-by-organza-dressline/","https://cdn.shopify.com/s/files/1/0906/1783/9987/files/10_43f9c19c-a3a0-4813-a8be-84af5fb8c918.jpg?v=1783157654","Dressline","Women > Unstitched Suits > Luxury"
"HAFSA-CHF-3P-1374","Farsha | Sheesha Silk | Dressline — 1374","Farsha | Sheesha Silk | Dressline — 1374. 3 Piece unstitched suit by Dressline. Available to order with Cash on Delivery in Pakistan; final stock is confirmed before dispatch.","in stock","new","9500.00 PKR","https://alhumacollection.com/products/hafsa-chf-3p-1374-farsha-sheesha-silk-dressline/","https://cdn.shopify.com/s/files/1/0906/1783/9987/files/10_5ccd8827-ce5a-42db-ad6e-238dc215fdba.jpg?v=1783159116","Dressline","Women > Unstitched Suits > Luxury"
"FARSHA-SILK-3P-14223-D","Farsha | Sheesha Silk | Dressline — 14223-D","Farsha | Sheesha Silk | Dressline — 14223-D. 3 Piece unstitched suit by Dressline. Available to order with Cash on Delivery in Pakistan; final stock is confirmed before dispatch.","in stock","new","9500.00 PKR","https://alhumacollection.com/products/farsha-silk-3p-14223-d-farsha-sheesha-silk-dressline/","https://cdn.shopify.com/s/files/1/0906/1783/9987/files/5_036e3dc3-fccf-44f6-8b19-1f0f015b0209.jpg?v=1783159140","Dressline","Women > Unstitched Suits > Luxury"
"DASTAK-DL-LWN-3P-FB-322","Fatima Bano By Dastak Luxury Emb Lawn Volume 3PC — FB-322","Fatima Bano By Dastak Luxury Emb Lawn Volume 3PC — FB-322. 3 Piece unstitched suit by Dressline. Available to order with Cash on Delivery in Pakistan; final stock is confirmed before dispatch.","in stock","new","8800.00 PKR","https://alhumacollection.com/products/dastak-dl-lwn-3p-fb-322-fatima-bano-by-dastak-luxury-emb-lawn-volume-3pc/","https://cdn.shopify.com/s/files/1/0906/1783/9987/files/9_5332a31e-8a75-4d72-a0f1-4581ca44b707.jpg?v=1788445916","Dressline","Women > Unstitched Suits > Luxury"
"DASTAK-DL-LWN-3P-FB-323","Fatima Bano By Dastak Luxury Emb Lawn Volume 3PC — FB-323","Fatima Bano By Dastak Luxury Emb Lawn Volume 3PC — FB-323. 3 Piece unstitched suit by Dressline. Available to order with Cash on Delivery in Pakistan; final stock is confirmed before dispatch.","in stock","new","8800.00 PKR","https://alhumacollection.com/products/dastak-dl-lwn-3p-fb-323-fatima-bano-by-dastak-luxury-emb-lawn-volume-3pc/","https://cdn.shopify.com/s/files/1/0906/1783/9987/files/1_d9aa9649-99cf-402a-8e64-0f20697c98d7.jpg?v=1788445870","Dressline","Women > Unstitched Suits > Luxury"
"DASTAK-DL-LWN-3P-FB-324","Fatima Bano By Dastak Luxury Emb Lawn Volume 3PC — FB-324","Fatima Bano By Dastak Luxury Emb Lawn Volume 3PC — FB-324. 3 Piece unstitched suit by Dressline. Available to order with Cash on Delivery in Pakistan; final stock is confirmed before dispatch.","in stock","new","8800.00 PKR","https://alhumacollection.com/products/dastak-dl-lwn-3p-fb-324-fatima-bano-by-dastak-luxury-emb-lawn-volume-3pc/","https://cdn.shopify.com/s/files/1/0906/1783/9987/files/18_d0e4ac9e-0f3c-49d2-9df7-99ae63c6c741.jpg?v=1788445883","Dressline","Women > Unstitched Suits > Luxury"
"DASTAK-DL-LWN-3P-FB-325","Fatima Bano By Dastak Luxury Emb Lawn Volume 3PC — FB-325","Fatima Bano By Dastak Luxury Emb Lawn Volume 3PC — FB-325. 3 Piece unstitched suit by Dressline. Available to order with Cash on Delivery in Pakistan; final stock is confirmed before dispatch.","in stock","new","8800.00 PKR","https://alhumacollection.com/products/dastak-dl-lwn-3p-fb-325-fatima-bano-by-dastak-luxury-emb-lawn-volume-3pc/","https://cdn.shopify.com/s/files/1/0906/1783/9987/files/5_3a414eb5-177f-4eb8-9914-51f4fa4a9511.jpg?v=1788445894","Dressline","Women > Unstitched Suits > Luxury"
"DASTAK-DL-LWN-3P-FB-326","Fatima Bano By Dastak Luxury Emb Lawn Volume 3PC — FB-326","Fatima Bano By Dastak Luxury Emb Lawn Volume 3PC — FB-326. 3 Piece unstitched suit by Dressline. Available to order with Cash on Delivery in Pakistan; final stock is confirmed before dispatch.","in stock","new","8800.00 PKR","https://alhumacollection.com/products/dastak-dl-lwn-3p-fb-326-fatima-bano-by-dastak-luxury-emb-lawn-volume-3pc/","https://cdn.shopify.com/s/files/1/0906/1783/9987/files/14_53be5a92-868c-4513-a068-827339e3eba1.jpg?v=1788446092","Dressline","Women > Unstitched Suits > Luxury"
"HAFSA-CHF-3P-1373","Hafsa | Organza | Dressline — 1373","Hafsa | Organza | Dressline — 1373. 3 Piece unstitched suit by Dressline. Available to order with Cash on Delivery in Pakistan; final stock is confirmed before dispatch.","in stock","new","9500.00 PKR","https://alhumacollection.com/products/hafsa-chf-3p-1373-hafsa-organza-dressline/","https://cdn.shopify.com/s/files/1/0906/1783/9987/files/13_20d3fc9e-bbd5-47f6-bdf3-9f6578294202.jpg?v=1783159118","Dressline","Women > Unstitched Suits > Luxury"
"HAFSA-CHF-3P-1375","Hafsa | Organza | Dressline — 1375","Hafsa | Organza | Dressline — 1375. 3 Piece unstitched suit by Dressline. Available to order with Cash on Delivery in Pakistan; final stock is confirmed before dispatch.","in stock","new","9500.00 PKR","https://alhumacollection.com/products/hafsa-chf-3p-1375-hafsa-organza-dressline/","https://cdn.shopify.com/s/files/1/0906/1783/9987/files/6_0e7cbcd9-fc19-4aac-8c2f-4e591c72b955.jpg?v=1783159115","Dressline","Women > Unstitched Suits > Luxury"
"FB-HALEEMA-FB163-PISTA","Haleema | organza | Dressline — 163 — FB-HALEEMA-FB163-PISTA","Haleema | organza | Dressline — 163 — FB-HALEEMA-FB163-PISTA. 3 Piece unstitched suit by Dressline. Available to order with Cash on Delivery in Pakistan; final stock is confirmed before dispatch.","in stock","new","10300.00 PKR","https://alhumacollection.com/products/fb-haleema-fb163-pista-haleema-organza-dressline/","https://cdn.shopify.com/s/files/1/0906/1783/9987/files/050A2285_851b633f-dcce-4534-a1a7-0644bec093eb.webp?v=1783159459","Dressline","Women > Unstitched Suits > Luxury"
"FB-HALEEMA-FB163-MAUVE","Haleema | organza | Dressline — 163 — FB-HALEEMA-FB163-MAUVE","Haleema | organza | Dressline — 163 — FB-HALEEMA-FB163-MAUVE. 3 Piece unstitched suit by Dressline. Available to order with Cash on Delivery in Pakistan; final stock is confirmed before dispatch.","in stock","new","10300.00 PKR","https://alhumacollection.com/products/fb-haleema-fb163-mauve-haleema-organza-dressline/","https://cdn.shopify.com/s/files/1/0906/1783/9987/files/050A2245_47a22e13-0741-45fd-be8c-4e28a6e4ffa6.webp?v=1783159457","Dressline","Women > Unstitched Suits > Luxury"
"FB-HALEEMA-FB164-AQUA","Haleema | organza | Dressline — 164 — FB-HALEEMA-FB164-AQUA","Haleema | organza | Dressline — 164 — FB-HALEEMA-FB164-AQUA. 3 Piece unstitched suit by Dressline. Available to order with Cash on Delivery in Pakistan; final stock is confirmed before dispatch.","in stock","new","10300.00 PKR","https://alhumacollection.com/products/fb-haleema-fb164-aqua-haleema-organza-dressline/","https://cdn.shopify.com/s/files/1/0906/1783/9987/files/050A2299_428e8c70-9cf8-472f-99b1-de69c0b4deef.webp?v=1783159456","Dressline","Women > Unstitched Suits > Luxury"
"FB-HALEEMA-FB164-PEACH","Haleema | organza | Dressline — 164 — FB-HALEEMA-FB164-PEACH","Haleema | organza | Dressline — 164 — FB-HALEEMA-FB164-PEACH. 3 Piece unstitched suit by Dressline. Available to order with Cash on Delivery in Pakistan; final stock is confirmed before dispatch.","in stock","new","10300.00 PKR","https://alhumacollection.com/products/fb-haleema-fb164-peach-haleema-organza-dressline/","https://cdn.shopify.com/s/files/1/0906/1783/9987/files/050A2270_5bce1315-8af3-4023-96ad-c8322b167d03.webp?v=1783159454","Dressline","Women > Unstitched Suits > Luxury"
"HUSN-A-14055","Husna | Organza | Dressline — 14055","Husna | Organza | Dressline — 14055. 3 Piece unstitched suit by Dressline. Available to order with Cash on Delivery in Pakistan; final stock is confirmed before dispatch.","in stock","new","9200.00 PKR","https://alhumacollection.com/products/husn-a-14055-husna-organza-dressline/","https://cdn.shopify.com/s/files/1/0906/1783/9987/files/7I0A1277copy.webp?v=1783159711","Dressline","Women > Unstitched Suits > Luxury"
"JAHANARA-DL-SILK-PISTA-1891","Jahan Ara | Sheesha Silk | Dressline — 1891 — JAHANARA-DL-SILK-PISTA-1891","Jahan Ara | Sheesha Silk | Dressline — 1891 — JAHANARA-DL-SILK-PISTA-1891. 3 Piece unstitched suit by Dressline. Available to order with Cash on Delivery in Pakistan; final stock is confirmed before dispatch.","in stock","new","11000.00 PKR","https://alhumacollection.com/products/jahanara-dl-silk-pista-1891-jahan-ara-sheesha-silk-dressline/","https://cdn.shopify.com/s/files/1/0906/1783/9987/files/IMG-8516.jpg?v=1783157575","Dressline","Women > Unstitched Suits > Luxury"
"JAHANARA-DL-SILK-PINK-1891","Jahan Ara | Sheesha Silk | Dressline — 1891 — JAHANARA-DL-SILK-PINK-1891","Jahan Ara | Sheesha Silk | Dressline — 1891 — JAHANARA-DL-SILK-PINK-1891. 3 Piece unstitched suit by Dressline. Available to order with Cash on Delivery in Pakistan; final stock is confirmed before dispatch.","in stock","new","11000.00 PKR","https://alhumacollection.com/products/jahanara-dl-silk-pink-1891-jahan-ara-sheesha-silk-dressline/","https://cdn.shopify.com/s/files/1/0906/1783/9987/files/IMG-8527.jpg?v=1783157573","Dressline","Women > Unstitched Suits > Luxury"
"JAHANARA-DL-SILK-SKY-1891","Jahan Ara | Sheesha Silk | Dressline — 1891 — JAHANARA-DL-SILK-SKY-1891","Jahan Ara | Sheesha Silk | Dressline — 1891 — JAHANARA-DL-SILK-SKY-1891. 3 Piece unstitched suit by Dressline. Available to order with Cash on Delivery in Pakistan; final stock is confirmed before dispatch.","in stock","new","11000.00 PKR","https://alhumacollection.com/products/jahanara-dl-silk-sky-1891-jahan-ara-sheesha-silk-dressline/","https://cdn.shopify.com/s/files/1/0906/1783/9987/files/IMG-8523.jpg?v=1783157572","Dressline","Women > Unstitched Suits > Luxury"
"JAHANARA-DL-SILK-MEHN-1891","Jahan Ara Sheesha Silk | Dressline — 1891","Jahan Ara Sheesha Silk | Dressline — 1891. 3 Piece unstitched suit by Dressline. Available to order with Cash on Delivery in Pakistan; final stock is confirmed before dispatch.","in stock","new","11000.00 PKR","https://alhumacollection.com/products/jahanara-dl-silk-mehn-1891-jahan-ara-sheesha-silk-dressline/","https://cdn.shopify.com/s/files/1/0906/1783/9987/files/IMG-8519.jpg?v=1783157570","Dressline","Women > Unstitched Suits > Luxury"
"JAVERIA-ORG-OFWHT-3P-04","Javeriya | Orgaza | Dressline — 4","Javeriya | Orgaza | Dressline — 4. 3 Piece unstitched suit by Dressline. Available to order with Cash on Delivery in Pakistan; final stock is confirmed before dispatch.","in stock","new","8700.00 PKR","https://alhumacollection.com/products/javeria-org-ofwht-3p-04-javeriya-orgaza-dressline/","https://cdn.shopify.com/s/files/1/0906/1783/9987/files/7_8d6de4b0-e73f-43c6-ac45-675c90264686.jpg?v=1783159134","Dressline","Women > Unstitched Suits > Luxury"
"JHOOMAR-DL-ORG-FB-231","Jhoomar By Dressline | Fatima Bano — FB-231","Jhoomar By Dressline | Fatima Bano — FB-231. 3 Piece unstitched suit by Dressline. Available to order with Cash on Delivery in Pakistan; final stock is confirmed before dispatch.","in stock","new","9850.00 PKR","https://alhumacollection.com/products/jhoomar-dl-org-fb-231-jhoomar-by-dressline-fatima-bano/","https://cdn.shopify.com/s/files/1/0906/1783/9987/files/14_5dd53371-0c10-48c0-8c46-f0797475dd55.jpg?v=1783158228","Dressline","Women > Unstitched Suits > Luxury"
"JHOOMAR-DL-ORG-FB-233","Jhoomar By Dressline | Fatima Bano — FB-233","Jhoomar By Dressline | Fatima Bano — FB-233. 3 Piece unstitched suit by Dressline. Available to order with Cash on Delivery in Pakistan; final stock is confirmed before dispatch.","in stock","new","9850.00 PKR","https://alhumacollection.com/products/jhoomar-dl-org-fb-233-jhoomar-by-dressline-fatima-bano/","https://cdn.shopify.com/s/files/1/0906/1783/9987/files/5_4c11de17-48b4-4496-9229-2f66d536da96.jpg?v=1783158226","Dressline","Women > Unstitched Suits > Luxury"
"JHOOMAR-DL-ORG-FB-234","Jhoomar By Dressline | Fatima Bano — FB-234","Jhoomar By Dressline | Fatima Bano — FB-234. 3 Piece unstitched suit by Dressline. Available to order with Cash on Delivery in Pakistan; final stock is confirmed before dispatch.","in stock","new","9850.00 PKR","https://alhumacollection.com/products/jhoomar-dl-org-fb-234-jhoomar-by-dressline-fatima-bano/","https://cdn.shopify.com/s/files/1/0906/1783/9987/files/3_fd13f5c4-91f2-4ac8-83d7-e4e7fcec5622.jpg?v=1783158222","Dressline","Women > Unstitched Suits > Luxury"
"KHUWAB-DL-LKLWN-14426-A","Khuwab | Lawn | Dressline — 14426-A","Khuwab | Lawn | Dressline — 14426-A. 3 Piece unstitched suit by Dressline. Available to order with Cash on Delivery in Pakistan; final stock is confirmed before dispatch.","in stock","new","8500.00 PKR","https://alhumacollection.com/products/khuwab-dl-lklwn-14426-a-khuwab-lawn-dressline/","https://cdn.shopify.com/s/files/1/0906/1783/9987/files/18_583cc630-6fa0-4041-af09-00ba0aaf946e.jpg?v=1783157770","Dressline","Women > Unstitched Suits > Luxury"
"KHUWAB-DL-LKLWN-14426-B","Khuwab | Lawn | Dressline — 14426-B","Khuwab | Lawn | Dressline — 14426-B. 3 Piece unstitched suit by Dressline. Available to order with Cash on Delivery in Pakistan; final stock is confirmed before dispatch.","in stock","new","8500.00 PKR","https://alhumacollection.com/products/khuwab-dl-lklwn-14426-b-khuwab-lawn-dressline/","https://cdn.shopify.com/s/files/1/0906/1783/9987/files/9_8801a2dd-0fd5-44b2-bd8a-89295ccdfc31.jpg?v=1783157766","Dressline","Women > Unstitched Suits > Luxury"
"KHUWAB-DL-LKLWN-14426-C","Khuwab | Lawn | Dressline — 14426-C","Khuwab | Lawn | Dressline — 14426-C. 3 Piece unstitched suit by Dressline. Available to order with Cash on Delivery in Pakistan; final stock is confirmed before dispatch.","in stock","new","8500.00 PKR","https://alhumacollection.com/products/khuwab-dl-lklwn-14426-c-khuwab-lawn-dressline/","https://cdn.shopify.com/s/files/1/0906/1783/9987/files/14_961761d7-cb79-4f67-8f94-ae16efa48b3d.jpg?v=1783157762","Dressline","Women > Unstitched Suits > Luxury"
"KHUWAB-DL-LKLWN-14426-E","Khuwab | Lawn| Dressline — 14426-E","Khuwab | Lawn| Dressline — 14426-E. 3 Piece unstitched suit by Dressline. Available to order with Cash on Delivery in Pakistan; final stock is confirmed before dispatch.","in stock","new","8500.00 PKR","https://alhumacollection.com/products/khuwab-dl-lklwn-14426-e-khuwab-lawn-dressline/","https://cdn.shopify.com/s/files/1/0906/1783/9987/files/1_0535d566-d817-4719-95d0-f8627e9c4fbc.jpg?v=1783157765","Dressline","Women > Unstitched Suits > Luxury"
"MUSE-SILK-3P-14371-A","Muse | Dressline | Shesha Silk — 14371-A","Muse | Dressline | Shesha Silk — 14371-A. 3 Piece unstitched suit by Dressline. Available to order with Cash on Delivery in Pakistan; final stock is confirmed before dispatch.","in stock","new","9800.00 PKR","https://alhumacollection.com/products/muse-silk-3p-14371-a-muse-dressline-shesha-silk/","https://cdn.shopify.com/s/files/1/0906/1783/9987/files/8_260fea22-9624-4654-bb31-e42757119850.jpg?v=1783158647","Dressline","Women > Unstitched Suits > Luxury"
"MUSE-SILK-3P-14371-B","Muse | Dressline | Shesha Silk — 14371-B","Muse | Dressline | Shesha Silk — 14371-B. 3 Piece unstitched suit by Dressline. Available to order with Cash on Delivery in Pakistan; final stock is confirmed before dispatch.","in stock","new","9800.00 PKR","https://alhumacollection.com/products/muse-silk-3p-14371-b-muse-dressline-shesha-silk/","https://cdn.shopify.com/s/files/1/0906/1783/9987/files/11_ed633c62-9ef5-4b76-ad48-91b3b43085d1.jpg?v=1783158651","Dressline","Women > Unstitched Suits > Luxury"
"MUSE-SILK-3P-14371-D","Muse | Sheesha | Dressline — 14371-D","Muse | Sheesha | Dressline — 14371-D. 3 Piece unstitched suit by Dressline. Available to order with Cash on Delivery in Pakistan; final stock is confirmed before dispatch.","in stock","new","9800.00 PKR","https://alhumacollection.com/products/muse-silk-3p-14371-d-muse-sheesha-dressline/","https://cdn.shopify.com/s/files/1/0906/1783/9987/files/4_7a2fd4f4-a243-44e7-91fb-d9ac6c359864.jpg?v=1783158645","Dressline","Women > Unstitched Suits > Luxury"
"NOOREH-LUXURY-04","Nooreh | Dressline | Organza — 4","Nooreh | Dressline | Organza — 4. 3 Piece unstitched suit by Dressline. Available to order with Cash on Delivery in Pakistan; final stock is confirmed before dispatch.","in stock","new","9200.00 PKR","https://alhumacollection.com/products/nooreh-luxury-04-nooreh-dressline-organza/","https://cdn.shopify.com/s/files/1/0906/1783/9987/files/12_e2df1a6d-b3de-420c-8696-69ef5fe4028e.png?v=1783159435","Dressline","Women > Unstitched Suits > Luxury"
"NOOREH-LUXURY-02","Nooreh | Organza | Dressline — 2","Nooreh | Organza | Dressline — 2. 3 Piece unstitched suit by Dressline. Available to order with Cash on Delivery in Pakistan; final stock is confirmed before dispatch.","in stock","new","9200.00 PKR","https://alhumacollection.com/products/nooreh-luxury-02-nooreh-organza-dressline/","https://cdn.shopify.com/s/files/1/0906/1783/9987/files/7_1837094a-7bd1-4256-9044-d27b7f592f4a.png?v=1783159439","Dressline","Women > Unstitched Suits > Luxury"
"PANACHE-DL-ORG-14290-B","Panache | Organza | Dressline — 14290-B","Panache | Organza | Dressline — 14290-B. 3 Piece unstitched suit by Dressline. Available to order with Cash on Delivery in Pakistan; final stock is confirmed before dispatch.","in stock","new","10950.00 PKR","https://alhumacollection.com/products/panache-dl-org-14290-b-panache-organza-dressline/","https://cdn.shopify.com/s/files/1/0906/1783/9987/files/33362EB4-AE85-46B2-91C5-988ADF9CB645.jpg?v=1783157583","Dressline","Women > Unstitched Suits > Luxury"
"PANACHE-DL-ORG-14290-C","Panache | Organza | Dressline — 14290-C","Panache | Organza | Dressline — 14290-C. 3 Piece unstitched suit by Dressline. Available to order with Cash on Delivery in Pakistan; final stock is confirmed before dispatch.","in stock","new","10950.00 PKR","https://alhumacollection.com/products/panache-dl-org-14290-c-panache-organza-dressline/","https://cdn.shopify.com/s/files/1/0906/1783/9987/files/378EE572-AD65-4AD7-8BB5-AFB40BBDBDE6.jpg?v=1783157579","Dressline","Women > Unstitched Suits > Luxury"
"PANACHE-DL-ORG-14290-D","Panache | Organza | Dressline — 14290-D","Panache | Organza | Dressline — 14290-D. 3 Piece unstitched suit by Dressline. Available to order with Cash on Delivery in Pakistan; final stock is confirmed before dispatch.","in stock","new","10950.00 PKR","https://alhumacollection.com/products/panache-dl-org-14290-d-panache-organza-dressline/","https://cdn.shopify.com/s/files/1/0906/1783/9987/files/30EACAC7-FED5-4B1C-A2C2-D8EF82E83D54.jpg?v=1783157577","Dressline","Women > Unstitched Suits > Luxury"
"RANGREZ-DL-SILK-PINK-1909","Rangreez | Sheesha Silk | Dressline — 1909 — RANGREZ-DL-SILK-PINK-1909","Rangreez | Sheesha Silk | Dressline — 1909 — RANGREZ-DL-SILK-PINK-1909. 3 Piece unstitched suit by Dressline. Available to order with Cash on Delivery in Pakistan; final stock is confirmed before dispatch.","in stock","new","11000.00 PKR","https://alhumacollection.com/products/rangrez-dl-silk-pink-1909-rangreez-sheesha-silk-dressline/","https://cdn.shopify.com/s/files/1/0906/1783/9987/files/7_05ebc42e-5442-4bc6-ae37-c4bb83c7fc97.jpg?v=1789037893","Dressline","Women > Unstitched Suits > Luxury"
"RANGREZ-DL-SILK-WHIT-1909","Rangreez | Sheesha Silk | Dressline — 1909 — RANGREZ-DL-SILK-WHIT-1909","Rangreez | Sheesha Silk | Dressline — 1909 — RANGREZ-DL-SILK-WHIT-1909. 3 Piece unstitched suit by Dressline. Available to order with Cash on Delivery in Pakistan; final stock is confirmed before dispatch.","in stock","new","11000.00 PKR","https://alhumacollection.com/products/rangrez-dl-silk-whit-1909-rangreez-sheesha-silk-dressline/","https://cdn.shopify.com/s/files/1/0906/1783/9987/files/12_02fa0d59-221c-46ee-bc54-827156743408.jpg?v=1789037869","Dressline","Women > Unstitched Suits > Luxury"
"RANGREZ-DL-SILK-PECH-1910","Rangreez | Sheesha Silk | Dressline — 1910","Rangreez | Sheesha Silk | Dressline — 1910. 3 Piece unstitched suit by Dressline. Available to order with Cash on Delivery in Pakistan; final stock is confirmed before dispatch.","in stock","new","11000.00 PKR","https://alhumacollection.com/products/rangrez-dl-silk-pech-1910-rangreez-sheesha-silk-dressline/","https://cdn.shopify.com/s/files/1/0906/1783/9987/files/17_461389ab-089e-46ca-a35d-6d7dded3308e.jpg?v=1789037827","Dressline","Women > Unstitched Suits > Luxury"
"RIWAJ-DL-CHF-3P-D-1185","Rivaj | Chiffon | Dressline — D-1185","Rivaj | Chiffon | Dressline — D-1185. 3 Piece unstitched suit by Dressline. Available to order with Cash on Delivery in Pakistan; final stock is confirmed before dispatch.","in stock","new","9650.00 PKR","https://alhumacollection.com/products/riwaj-dl-chf-3p-d-1185-rivaj-chiffon-dressline/","https://cdn.shopify.com/s/files/1/0906/1783/9987/files/9_1fceee33-7569-4ceb-b069-97f8f8096ba4.jpg?v=1783157997","Dressline","Women > Unstitched Suits > Luxury"
"RIWAJ-DL-CHF-3P-D-1187","Rivaj | Chiffon | Dressline — D-1187","Rivaj | Chiffon | Dressline — D-1187. 3 Piece unstitched suit by Dressline. Available to order with Cash on Delivery in Pakistan; final stock is confirmed before dispatch.","in stock","new","9650.00 PKR","https://alhumacollection.com/products/riwaj-dl-chf-3p-d-1187-rivaj-chiffon-dressline/","https://cdn.shopify.com/s/files/1/0906/1783/9987/files/13_99ed5f99-2308-4cf9-be1e-485feb7d4783.jpg?v=1783157993","Dressline","Women > Unstitched Suits > Luxury"
"RIWAJ-DL-CHF-3P-D-1188","Rivaj | Chiffon| Dressline — D-1188","Rivaj | Chiffon| Dressline — D-1188. 3 Piece unstitched suit by Dressline. Available to order with Cash on Delivery in Pakistan; final stock is confirmed before dispatch.","in stock","new","9650.00 PKR","https://alhumacollection.com/products/riwaj-dl-chf-3p-d-1188-rivaj-chiffon-dressline/","https://cdn.shopify.com/s/files/1/0906/1783/9987/files/5_fa9241e4-7eb8-473f-925c-f8bdafa37ad1.jpg?v=1783157995","Dressline","Women > Unstitched Suits > Luxury"
"NOOR-ORG-CREAM-ZS-0037","Sania | Organza | Dressline — ZS-0037","Sania | Organza | Dressline — ZS-0037. 3 Piece unstitched suit by Dressline. Available to order with Cash on Delivery in Pakistan; final stock is confirmed before dispatch.","in stock","new","11000.00 PKR","https://alhumacollection.com/products/noor-org-cream-zs-0037-sania-organza-dressline/","https://cdn.shopify.com/s/files/1/0906/1783/9987/files/37_2.png?v=1783159294","Dressline","Women > Unstitched Suits > Luxury"
"NOOR-ORG-GREY-ZS-0039","Sania | Organza | Dressline — ZS-0039","Sania | Organza | Dressline — ZS-0039. 3 Piece unstitched suit by Dressline. Available to order with Cash on Delivery in Pakistan; final stock is confirmed before dispatch.","in stock","new","11000.00 PKR","https://alhumacollection.com/products/noor-org-grey-zs-0039-sania-organza-dressline/","https://cdn.shopify.com/s/files/1/0906/1783/9987/files/39_2.png?v=1783159292","Dressline","Women > Unstitched Suits > Luxury"
"FIRDOUS-ORG-3PC-ZS-0046","Sania | Organza | Dressline — ZS-0046","Sania | Organza | Dressline — ZS-0046. 3 Piece unstitched suit by Dressline. Available to order with Cash on Delivery in Pakistan; final stock is confirmed before dispatch.","in stock","new","10100.00 PKR","https://alhumacollection.com/products/firdous-org-3pc-zs-0046-sania-organza-dressline/","https://cdn.shopify.com/s/files/1/0906/1783/9987/files/46_2.png?v=1783159244","Dressline","Women > Unstitched Suits > Luxury"
"ZEENAT-DL-ORG-ZS-0059","Sania | Organza | Dressline — ZS-0059","Sania | Organza | Dressline — ZS-0059. 3 Piece unstitched suit by Dressline. Available to order with Cash on Delivery in Pakistan; final stock is confirmed before dispatch.","in stock","new","10350.00 PKR","https://alhumacollection.com/products/zeenat-dl-org-zs-0059-sania-organza-dressline/","https://cdn.shopify.com/s/files/1/0906/1783/9987/files/5_6aafc1c6-25a0-46d5-9807-3a7b041da0f0.jpg?v=1783157664","Dressline","Women > Unstitched Suits > Luxury"
"NAQSH-DL-ORG-ZS-0049","Sania By Naqsh | Dressline — ZS-0049","Sania By Naqsh | Dressline — ZS-0049. 3 Piece unstitched suit by Dressline. Available to order with Cash on Delivery in Pakistan; final stock is confirmed before dispatch.","in stock","new","10400.00 PKR","https://alhumacollection.com/products/naqsh-dl-org-zs-0049-sania-by-naqsh-dressline/","https://cdn.shopify.com/s/files/1/0906/1783/9987/files/2_a1705bcf-c33b-4bf3-ab51-26f4f7139a91.jpg?v=1783158248","Dressline","Women > Unstitched Suits > Luxury"
"NAQSH-DL-ORG-ZS-0050","Sania By Naqsh | Dressline — ZS-0050","Sania By Naqsh | Dressline — ZS-0050. 3 Piece unstitched suit by Dressline. Available to order with Cash on Delivery in Pakistan; final stock is confirmed before dispatch.","in stock","new","10400.00 PKR","https://alhumacollection.com/products/naqsh-dl-org-zs-0050-sania-by-naqsh-dressline/","https://cdn.shopify.com/s/files/1/0906/1783/9987/files/12_20dc9364-9056-4adf-9226-d19a3de9d6c5.jpg?v=1783158246","Dressline","Women > Unstitched Suits > Luxury"
"NAQSH-DL-ORG-ZS-0052","Sania By Naqsh | Dressline — ZS-0052","Sania By Naqsh | Dressline — ZS-0052. 3 Piece unstitched suit by Dressline. Available to order with Cash on Delivery in Pakistan; final stock is confirmed before dispatch.","in stock","new","10400.00 PKR","https://alhumacollection.com/products/naqsh-dl-org-zs-0052-sania-by-naqsh-dressline/","https://cdn.shopify.com/s/files/1/0906/1783/9987/files/7_81edb330-3069-434a-8c62-495660bd6e0d.jpg?v=1783158244","Dressline","Women > Unstitched Suits > Luxury"
"SATRNG-LWN-JAMIN-FB-198","Satrangi | Dressline | Lawn — FB-198","Satrangi | Dressline | Lawn — FB-198. 3 Piece unstitched suit by Dressline. Available to order with Cash on Delivery in Pakistan; final stock is confirmed before dispatch.","in stock","new","9050.00 PKR","https://alhumacollection.com/products/satrng-lwn-jamin-fb-198-satrangi-dressline-lawn/","https://cdn.shopify.com/s/files/1/0906/1783/9987/files/9_d0bda627-06dd-411a-94f7-9343049031b6.jpg?v=1783158790","Dressline","Women > Unstitched Suits > Luxury"
"SEHERGUL-DL-ORG-TPINK-01","Seher Gul | Organza | Dressline — 1","Seher Gul | Organza | Dressline — 1. 3 Piece unstitched suit by Dressline. Available to order with Cash on Delivery in Pakistan; final stock is confirmed before dispatch.","in stock","new","9400.00 PKR","https://alhumacollection.com/products/sehergul-dl-org-tpink-01-seher-gul-organza-dressline/","https://cdn.shopify.com/s/files/1/0906/1783/9987/files/13_9b5cbe4c-4665-4a38-bc30-6b2b57938208.jpg?v=1783157991","Dressline","Women > Unstitched Suits > Luxury"
"SEHERGUL-DL-ORG-FEROZ-02","Seher Gul | Organza | Dressline — 2","Seher Gul | Organza | Dressline — 2. 3 Piece unstitched suit by Dressline. Available to order with Cash on Delivery in Pakistan; final stock is confirmed before dispatch.","in stock","new","9400.00 PKR","https://alhumacollection.com/products/sehergul-dl-org-feroz-02-seher-gul-organza-dressline/","https://cdn.shopify.com/s/files/1/0906/1783/9987/files/6_fbebb33f-14d8-4bc0-b81a-2dd0018f6d7a.jpg?v=1783157990","Dressline","Women > Unstitched Suits > Luxury"
"SEHERGUL-DL-ORG-CREM-03","Seher Gul | Organza | Dressline — 3","Seher Gul | Organza | Dressline — 3. 3 Piece unstitched suit by Dressline. Available to order with Cash on Delivery in Pakistan; final stock is confirmed before dispatch.","in stock","new","9400.00 PKR","https://alhumacollection.com/products/sehergul-dl-org-crem-03-seher-gul-organza-dressline/","https://cdn.shopify.com/s/files/1/0906/1783/9987/files/3_3a139710-c385-4821-9552-b8ab3ce441c9.jpg?v=1783157988","Dressline","Women > Unstitched Suits > Luxury"
"SEHERGUL-DL-ORG-PISTA-04","Seher Gul | Organza | Dressline — 4","Seher Gul | Organza | Dressline — 4. 3 Piece unstitched suit by Dressline. Available to order with Cash on Delivery in Pakistan; final stock is confirmed before dispatch.","in stock","new","9400.00 PKR","https://alhumacollection.com/products/sehergul-dl-org-pista-04-seher-gul-organza-dressline/","https://cdn.shopify.com/s/files/1/0906/1783/9987/files/10_aec95c70-5d0f-4f47-84e5-afc69ca93142.jpg?v=1783157986","Dressline","Women > Unstitched Suits > Luxury"
"SHARJEEN-DL-11861-A","Sharjeena | Organza | Dressline — 11861-A","Sharjeena | Organza | Dressline — 11861-A. 3 Piece unstitched suit by Dressline. Available to order with Cash on Delivery in Pakistan; final stock is confirmed before dispatch.","in stock","new","10750.00 PKR","https://alhumacollection.com/products/sharjeen-dl-11861-a-sharjeena-organza-dressline/","https://cdn.shopify.com/s/files/1/0906/1783/9987/files/050A4795.webp?v=1783159353","Dressline","Women > Unstitched Suits > Luxury"
"SHARJEEN-DL-11861-B","Sharjeena | Organza | Dressline — 11861-B","Sharjeena | Organza | Dressline — 11861-B. 3 Piece unstitched suit by Dressline. Available to order with Cash on Delivery in Pakistan; final stock is confirmed before dispatch.","in stock","new","10750.00 PKR","https://alhumacollection.com/products/sharjeen-dl-11861-b-sharjeena-organza-dressline/","https://cdn.shopify.com/s/files/1/0906/1783/9987/files/050A4771.webp?v=1783159351","Dressline","Women > Unstitched Suits > Luxury"
"SHARJEEN-DL-11861-C","Sharjeena | Organza | Dressline — 11861-C","Sharjeena | Organza | Dressline — 11861-C. 3 Piece unstitched suit by Dressline. Available to order with Cash on Delivery in Pakistan; final stock is confirmed before dispatch.","in stock","new","10750.00 PKR","https://alhumacollection.com/products/sharjeen-dl-11861-c-sharjeena-organza-dressline/","https://cdn.shopify.com/s/files/1/0906/1783/9987/files/050A4735.webp?v=1783159350","Dressline","Women > Unstitched Suits > Luxury"
"SHARJEEN-DL-11861-D","Sharjeena | Organza | Dressline — 11861-D","Sharjeena | Organza | Dressline — 11861-D. 3 Piece unstitched suit by Dressline. Available to order with Cash on Delivery in Pakistan; final stock is confirmed before dispatch.","in stock","new","10750.00 PKR","https://alhumacollection.com/products/sharjeen-dl-11861-d-sharjeena-organza-dressline/","https://cdn.shopify.com/s/files/1/0906/1783/9987/files/050A4709.webp?v=1783159349","Dressline","Women > Unstitched Suits > Luxury"
"SHAZMIN-DL-LKORG-1557","Shazmin | Organza | Dressline — 1557","Shazmin | Organza | Dressline — 1557. 3 Piece unstitched suit by Dressline. Available to order with Cash on Delivery in Pakistan; final stock is confirmed before dispatch.","in stock","new","9550.00 PKR","https://alhumacollection.com/products/shazmin-dl-lkorg-1557-shazmin-organza-dressline/","https://cdn.shopify.com/s/files/1/0906/1783/9987/files/12_59db990f-dda6-478b-8ec5-0a5272b1f61f.jpg?v=1783157809","Dressline","Women > Unstitched Suits > Luxury"
"SHAZMIN-DL-LKORG-1558","Shazmin | Organza | Dressline — 1558","Shazmin | Organza | Dressline — 1558. 3 Piece unstitched suit by Dressline. Available to order with Cash on Delivery in Pakistan; final stock is confirmed before dispatch.","in stock","new","9550.00 PKR","https://alhumacollection.com/products/shazmin-dl-lkorg-1558-shazmin-organza-dressline/","https://cdn.shopify.com/s/files/1/0906/1783/9987/files/1_a8f08891-c4ff-4eec-8451-fe7123f70021.jpg?v=1783157812","Dressline","Women > Unstitched Suits > Luxury"
"SHAZMIN-DL-LKORG-1559","Shazmin | Organza | Dressline — 1559","Shazmin | Organza | Dressline — 1559. 3 Piece unstitched suit by Dressline. Available to order with Cash on Delivery in Pakistan; final stock is confirmed before dispatch.","in stock","new","9550.00 PKR","https://alhumacollection.com/products/shazmin-dl-lkorg-1559-shazmin-organza-dressline/","https://cdn.shopify.com/s/files/1/0906/1783/9987/files/15_f420abdf-43ab-4e99-bf29-49a1d3a25b81.jpg?v=1783157811","Dressline","Women > Unstitched Suits > Luxury"
"VIBE-DL-LKVISC-3P-14464","Vibe | Zaib-o-Zeenat | Viscose — 14464","Vibe | Zaib-o-Zeenat | Viscose — 14464. 3 Piece unstitched suit by Dressline. Available to order with Cash on Delivery in Pakistan; final stock is confirmed before dispatch.","in stock","new","9400.00 PKR","https://alhumacollection.com/products/vibe-dl-lkvisc-3p-14464-vibe-zaib-o-zeenat-viscose/","https://cdn.shopify.com/s/files/1/0906/1783/9987/files/533848fc-37ac-42a7-bad4-6d4a548ef95f.jpg?v=1789570422","Dressline","Women > Unstitched Suits > Luxury"
"VIBE-DL-LKVISC-3P-14465-A","Vibe | Zaib-o-Zeenat | Viscose — 14465-A","Vibe | Zaib-o-Zeenat | Viscose — 14465-A. 3 Piece unstitched suit by Dressline. Available to order with Cash on Delivery in Pakistan; final stock is confirmed before dispatch.","in stock","new","9400.00 PKR","https://alhumacollection.com/products/vibe-dl-lkvisc-3p-14465-a-vibe-zaib-o-zeenat-viscose/","https://cdn.shopify.com/s/files/1/0906/1783/9987/files/08cf4ca5-c024-4367-ac0e-ecd0c55c1e2b.jpg?v=1789570462","Dressline","Women > Unstitched Suits > Luxury"
"VIBE-DL-LKVISC-3P-14465-B","Vibe | Zaib-o-Zeenat | Viscose — 14465-B","Vibe | Zaib-o-Zeenat | Viscose — 14465-B. 3 Piece unstitched suit by Dressline. Available to order with Cash on Delivery in Pakistan; final stock is confirmed before dispatch.","in stock","new","9400.00 PKR","https://alhumacollection.com/products/vibe-dl-lkvisc-3p-14465-b-vibe-zaib-o-zeenat-viscose/","https://cdn.shopify.com/s/files/1/0906/1783/9987/files/2_c960e74e-835d-4c46-ba46-cbb6197bda6b.jpg?v=1789570384","Dressline","Women > Unstitched Suits > Luxury"
"VIBE-DL-LKVISC-3P-14465-C","Vibe | Zaib-o-Zeenat | Viscose — 14465-C","Vibe | Zaib-o-Zeenat | Viscose — 14465-C. 3 Piece unstitched suit by Dressline. Available to order with Cash on Delivery in Pakistan; final stock is confirmed before dispatch.","in stock","new","9400.00 PKR","https://alhumacollection.com/products/vibe-dl-lkvisc-3p-14465-c-vibe-zaib-o-zeenat-viscose/","https://cdn.shopify.com/s/files/1/0906/1783/9987/files/14_fefb3c55-0173-4313-bb48-db96c3ae2b51.jpg?v=1789570368","Dressline","Women > Unstitched Suits > Luxury"
"VIBE-DL-LKVISC-3P-14465-D","Vibe | Zaib-o-Zeenat | Viscose — 14465-D","Vibe | Zaib-o-Zeenat | Viscose — 14465-D. 3 Piece unstitched suit by Dressline. Available to order with Cash on Delivery in Pakistan; final stock is confirmed before dispatch.","in stock","new","9400.00 PKR","https://alhumacollection.com/products/vibe-dl-lkvisc-3p-14465-d-vibe-zaib-o-zeenat-viscose/","https://cdn.shopify.com/s/files/1/0906/1783/9987/files/f827a615-2135-4744-ba34-494978ad3d64.jpg?v=1789570483","Dressline","Women > Unstitched Suits > Luxury"
"VIRA-DL-VISC-3P-1949","Vira | Viscose | Dressline — 1949","Vira | Viscose | Dressline — 1949. 3 Piece unstitched suit by Dressline. Available to order with Cash on Delivery in Pakistan; final stock is confirmed before dispatch.","in stock","new","9200.00 PKR","https://alhumacollection.com/products/vira-dl-visc-3p-1949-vira-viscose-dressline/","https://cdn.shopify.com/s/files/1/0906/1783/9987/files/16_bedb8741-605c-429b-b7be-adc28e7ba1fb.jpg?v=1789038039","Dressline","Women > Unstitched Suits > Luxury"
"VIRA-DL-VISC-3P-1950","Vira | Viscose | Dressline — 1950","Vira | Viscose | Dressline — 1950. 3 Piece unstitched suit by Dressline. Available to order with Cash on Delivery in Pakistan; final stock is confirmed before dispatch.","in stock","new","9200.00 PKR","https://alhumacollection.com/products/vira-dl-visc-3p-1950-vira-viscose-dressline/","https://cdn.shopify.com/s/files/1/0906/1783/9987/files/5_a6a5d586-cb22-4ef3-87a8-fe9d01ae52a0.jpg?v=1789038029","Dressline","Women > Unstitched Suits > Luxury"
"VIRA-DL-VISC-3P-1951","Vira | Viscose | Dressline — 1951","Vira | Viscose | Dressline — 1951. 3 Piece unstitched suit by Dressline. Available to order with Cash on Delivery in Pakistan; final stock is confirmed before dispatch.","in stock","new","9200.00 PKR","https://alhumacollection.com/products/vira-dl-visc-3p-1951-vira-viscose-dressline/","https://cdn.shopify.com/s/files/1/0906/1783/9987/files/2_d0141a65-bc11-4f06-a28a-9d45b79aed46.jpg?v=1789038004","Dressline","Women > Unstitched Suits > Luxury"
"VIRA-DL-VISC-3P-1952","Vira | Viscose | Dressline — 1952","Vira | Viscose | Dressline — 1952. 3 Piece unstitched suit by Dressline. Available to order with Cash on Delivery in Pakistan; final stock is confirmed before dispatch.","in stock","new","9200.00 PKR","https://alhumacollection.com/products/vira-dl-visc-3p-1952-vira-viscose-dressline/","https://cdn.shopify.com/s/files/1/0906/1783/9987/files/12_f3323d81-baee-40be-91f8-52c2fc802691.jpg?v=1789037988","Dressline","Women > Unstitched Suits > Luxury"
"VIRA-DL-VISC-3P-1953","Vira | Viscose | Dressline — 1953","Vira | Viscose | Dressline — 1953. 3 Piece unstitched suit by Dressline. Available to order with Cash on Delivery in Pakistan; final stock is confirmed before dispatch.","in stock","new","9200.00 PKR","https://alhumacollection.com/products/vira-dl-visc-3p-1953-vira-viscose-dressline/","https://cdn.shopify.com/s/files/1/0906/1783/9987/files/11_a6985099-8077-436d-8818-e0865694545d.jpg?v=1789037976","Dressline","Women > Unstitched Suits > Luxury"
"WADA-DL-LWN-3P-14415-A","Wada | Lawn | Dressline — 14415-A","Wada | Lawn | Dressline — 14415-A. 3 Piece unstitched suit by Dressline. Available to order with Cash on Delivery in Pakistan; final stock is confirmed before dispatch.","in stock","new","8300.00 PKR","https://alhumacollection.com/products/wada-dl-lwn-3p-14415-a-wada-lawn-dressline/","https://cdn.shopify.com/s/files/1/0906/1783/9987/files/17_6f16bf15-1ccd-4e6b-82e5-47db6420bf55.jpg?v=1783157789","Dressline","Women > Unstitched Suits > Luxury"
"CRYSTAL-DL-ORG-1544","Wada | Lawn | Dressline — 1544","Wada | Lawn | Dressline — 1544. 3 Piece unstitched suit by Dressline. Available to order with Cash on Delivery in Pakistan; final stock is confirmed before dispatch.","in stock","new","10650.00 PKR","https://alhumacollection.com/products/crystal-dl-org-1544-wada-lawn-dressline/","https://cdn.shopify.com/s/files/1/0906/1783/9987/files/16_b213bc80-bb31-4cb7-8c3c-ae8d8e088fed.jpg?v=1783157718","Dressline","Women > Unstitched Suits > Luxury"
"ZEBAISH-DL-SILK-3P-1898","Zebaish | Sheesha Silk | Dressline — 1898","Zebaish | Sheesha Silk | Dressline — 1898. 3 Piece unstitched suit by Dressline. Available to order with Cash on Delivery in Pakistan; final stock is confirmed before dispatch.","in stock","new","10000.00 PKR","https://alhumacollection.com/products/zebaish-dl-silk-3p-1898-zebaish-sheesha-silk-dressline/","https://cdn.shopify.com/s/files/1/0906/1783/9987/files/1_dcf2d49d-5595-49ec-8828-ef694928e68f.jpg?v=1787932896","Dressline","Women > Unstitched Suits > Luxury"
"ZOUQ-DL-ORG-3P-14359","Zouq | Organza | Dressline — 14359","Zouq | Organza | Dressline — 14359. 3 Piece unstitched suit by Dressline. Available to order with Cash on Delivery in Pakistan; final stock is confirmed before dispatch.","in stock","new","8499.00 PKR","https://alhumacollection.com/products/zouq-dl-org-3p-14359-zouq-organza-dressline/","https://cdn.shopify.com/s/files/1/0906/1783/9987/files/1_0afe6b5e-0771-4f11-922b-892f7effa259.jpg?v=1783157653","Dressline","Women > Unstitched Suits > Luxury"
"ZOUQ-DL-ORG-3P-14360","Zouq | Organza | Dressline — 14360","Zouq | Organza | Dressline — 14360. 3 Piece unstitched suit by Dressline. Available to order with Cash on Delivery in Pakistan; final stock is confirmed before dispatch.","in stock","new","8500.00 PKR","https://alhumacollection.com/products/zouq-dl-org-3p-14360-zouq-organza-dressline/","https://cdn.shopify.com/s/files/1/0906/1783/9987/files/6_8322a171-c708-4f76-8d01-c0453e2b0346.jpg?v=1783157650","Dressline","Women > Unstitched Suits > Luxury"
"ZOUQ-DL-ORG-3P-14369","Zouq | Organza | Dressline — 14369","Zouq | Organza | Dressline — 14369. 3 Piece unstitched suit by Dressline. Available to order with Cash on Delivery in Pakistan; final stock is confirmed before dispatch.","in stock","new","8500.00 PKR","https://alhumacollection.com/products/zouq-dl-org-3p-14369-zouq-organza-dressline/","https://cdn.shopify.com/s/files/1/0906/1783/9987/files/11_31faf6b3-3c21-4bc9-86bb-af6a507ae23e.jpg?v=1783157651","Dressline","Women > Unstitched Suits > Luxury"
"ZOUQ-DL-ORG-3P-14379","Zouq | Organza | Dressline — 14379","Zouq | Organza | Dressline — 14379. 3 Piece unstitched suit by Dressline. Available to order with Cash on Delivery in Pakistan; final stock is confirmed before dispatch.","in stock","new","8500.00 PKR","https://alhumacollection.com/products/zouq-dl-org-3p-14379-zouq-organza-dressline/","https://cdn.shopify.com/s/files/1/0906/1783/9987/files/16_c091cb88-d914-4b6d-8fb8-7f6c67d9856e.jpg?v=1783157648","Dressline","Women > Unstitched Suits > Luxury"
"ELAF-3PLWN-V2-UK-EPV-4B","Elaf Premium Digital Printed Lawn 3PC — EPV-4B","Elaf Premium Digital Printed Lawn 3PC — EPV-4B. 3 Piece unstitched suit by Elaf. Available to order with Cash on Delivery in Pakistan; final stock is confirmed before dispatch.","in stock","new","3150.00 PKR","https://alhumacollection.com/products/elaf-3plwn-v2-uk-epv-4b-elaf-premium-digital-printed-lawn-3pc/","https://cdn.shopify.com/s/files/1/0906/1783/9987/files/Gemini_Generated_Image_ylmz99ylmz99ylmz.jpg?v=1788247154","Elaf","Women > Unstitched Suits > Formal"
"ELAF-3PLWN-V2-UK-EPV-6A","Elaf Premium Digital Printed Lawn 3PC — EPV-6A","Elaf Premium Digital Printed Lawn 3PC — EPV-6A. 3 Piece unstitched suit by Elaf. Available to order with Cash on Delivery in Pakistan; final stock is confirmed before dispatch.","in stock","new","3150.00 PKR","https://alhumacollection.com/products/elaf-3plwn-v2-uk-epv-6a-elaf-premium-digital-printed-lawn-3pc/","https://cdn.shopify.com/s/files/1/0906/1783/9987/files/Gemini_Generated_Image_2uy2bk2uy2bk2uy2.jpg?v=1788249674","Elaf","Women > Unstitched Suits > Formal"
"ELAN-2PLWN-V1-ABR-04","Elan Digital Printed All Over Two Piece Lawn 2PC — 4","Elan Digital Printed All Over Two Piece Lawn 2PC — 4. 2 Piece unstitched suit by Elan. Available to order with Cash on Delivery in Pakistan; final stock is confirmed before dispatch.","in stock","new","2195.00 PKR","https://alhumacollection.com/products/elan-2plwn-v1-abr-04-elan-digital-printed-all-over-two-piece-lawn-2pc/","https://cdn.shopify.com/s/files/1/0906/1783/9987/files/ela-04.jpg?v=1786784187","Elan","Women > Unstitched Suits > Formal"
"ELAN-2PLWN-V1-ABR-05","Elan Digital Printed All Over Two Piece Lawn 2PC — 5","Elan Digital Printed All Over Two Piece Lawn 2PC — 5. 2 Piece unstitched suit by Elan. Available to order with Cash on Delivery in Pakistan; final stock is confirmed before dispatch.","in stock","new","2195.00 PKR","https://alhumacollection.com/products/elan-2plwn-v1-abr-05-elan-digital-printed-all-over-two-piece-lawn-2pc/","https://cdn.shopify.com/s/files/1/0906/1783/9987/files/ela-05.jpg?v=1786784304","Elan","Women > Unstitched Suits > Formal"
"ELAN-2PLWN-V1-ABR-09","Elan Digital Printed All Over Two Piece Lawn 2PC — 9","Elan Digital Printed All Over Two Piece Lawn 2PC — 9. 2 Piece unstitched suit by Elan. Available to order with Cash on Delivery in Pakistan; final stock is confirmed before dispatch.","in stock","new","2195.00 PKR","https://alhumacollection.com/products/elan-2plwn-v1-abr-09-elan-digital-printed-all-over-two-piece-lawn-2pc/","https://cdn.shopify.com/s/files/1/0906/1783/9987/files/ela-09.jpg?v=1786783673","Elan","Women > Unstitched Suits > Formal"
"EMAN-GREEN-3PC-AK19","Emaan Adeel Luxury Embroidered Lawn 3PC — GREEN","Emaan Adeel Luxury Embroidered Lawn 3PC — GREEN. 3 Piece unstitched suit by Emaan Adeel. Available to order with Cash on Delivery in Pakistan; final stock is confirmed before dispatch.","in stock","new","8500.00 PKR","https://alhumacollection.com/products/eman-green-3pc-ak19-emaan-adeel-luxury-embroidered-lawn-3pc/","https://cdn.shopify.com/s/files/1/0906/1783/9987/files/6B1A0212-D423-4EBA-ADFC-8C0AF093E983.jpg?v=1783157564","Emaan Adeel","Women > Unstitched Suits > Luxury"
"EMAN-MUSTARD-3PC-AK19","Emaan Adeel Luxury Embroidered Lawn 3PC — MUSTARD","Emaan Adeel Luxury Embroidered Lawn 3PC — MUSTARD. 3 Piece unstitched suit by Emaan Adeel. Available to order with Cash on Delivery in Pakistan; final stock is confirmed before dispatch.","in stock","new","8500.00 PKR","https://alhumacollection.com/products/eman-mustard-3pc-ak19-emaan-adeel-luxury-embroidered-lawn-3pc/","https://cdn.shopify.com/s/files/1/0906/1783/9987/files/69A4490B-7FAA-40B7-852C-B6BD2CC5AA20.jpg?v=1783157564","Emaan Adeel","Women > Unstitched Suits > Luxury"
"EMAN-PISTA-3PC-AK19","Emaan Adeel Luxury Embroidered Lawn 3PC — PISTA","Emaan Adeel Luxury Embroidered Lawn 3PC — PISTA. 3 Piece unstitched suit by Emaan Adeel. Available to order with Cash on Delivery in Pakistan; final stock is confirmed before dispatch.","in stock","new","8500.00 PKR","https://alhumacollection.com/products/eman-pista-3pc-ak19-emaan-adeel-luxury-embroidered-lawn-3pc/","https://cdn.shopify.com/s/files/1/0906/1783/9987/files/6E8C605D-9950-4F55-ACC9-4A9F8009DB37.jpg?v=1783157564","Emaan Adeel","Women > Unstitched Suits > Luxury"
"EMAN-RED-3PC-AK19","Emaan Adeel Luxury Embroidered Lawn 3PC — RED","Emaan Adeel Luxury Embroidered Lawn 3PC — RED. 3 Piece unstitched suit by Emaan Adeel. Available to order with Cash on Delivery in Pakistan; final stock is confirmed before dispatch.","in stock","new","8500.00 PKR","https://alhumacollection.com/products/eman-red-3pc-ak19-emaan-adeel-luxury-embroidered-lawn-3pc/","https://cdn.shopify.com/s/files/1/0906/1783/9987/files/B974B99D-F62E-426A-8853-B31315E518C1.jpg?v=1783157564","Emaan Adeel","Women > Unstitched Suits > Luxury"
"SLUB-KHADDAR-EMBROIDERED-A13","Esra Printed Slub Khaddar With Emb Patches 3PC — 13","Esra Printed Slub Khaddar With Emb Patches 3PC — 13. 3 Piece unstitched suit by Esra. Available to order with Cash on Delivery in Pakistan; final stock is confirmed before dispatch.","in stock","new","5895.00 PKR","https://alhumacollection.com/products/slub-khaddar-embroidered-a13-esra-printed-slub-khaddar-with-emb-patches-3pc/","https://cdn.shopify.com/s/files/1/0906/1783/9987/files/64E17A9B-FCDD-4745-AE07-722C9A7F7C99.jpg?v=1766048822","Esra","Women > Unstitched Suits > Formal"
"FZSQ-HITC-WHITE-DD-01","Faiza Saqlain Heavy Embroidered Lawn 3PC — 1","Faiza Saqlain Heavy Embroidered Lawn 3PC — 1. 3 Piece unstitched suit by Faiza Saqlain. Available to order with Cash on Delivery in Pakistan; final stock is confirmed before dispatch.","in stock","new","8025.00 PKR","https://alhumacollection.com/products/fzsq-hitc-white-dd-01-faiza-saqlain-heavy-embroidered-lawn-3pc/","https://cdn.shopify.com/s/files/1/0906/1783/9987/files/1_f7e08171-1bb8-41e8-ac7f-e9b769213622.webp?v=1777027286","Faiza Saqlain","Women > Unstitched Suits > Formal"
"FABIHA-FERO-BDLIN-V3-3P-02","Fabiha By Feroza Digital Printed Bana Dora Staple Linen 3PC — 2","Fabiha By Feroza Digital Printed Bana Dora Staple Linen 3PC — 2. 3 Piece unstitched suit by Feroza. Available to order with Cash on Delivery in Pakistan; final stock is confirmed before dispatch.","in stock","new","3550.00 PKR","https://alhumacollection.com/products/fabiha-fero-bdlin-v3-3p-02-fabiha-by-feroza-digital-printed-bana-dora-staple-linen-3pc/","https://cdn.shopify.com/s/files/1/0906/1783/9987/files/8_bc0a49ae-c4d5-4e2e-a856-ae1d5fa43b31.jpg?v=1790237907","Feroza","Women > Unstitched Suits > Formal"
"FABIHA-FERO-BDLIN-V3-3P-03","Fabiha By Feroza Digital Printed Bana Dora Staple Linen 3PC — 3","Fabiha By Feroza Digital Printed Bana Dora Staple Linen 3PC — 3. 3 Piece unstitched suit by Feroza. Available to order with Cash on Delivery in Pakistan; final stock is confirmed before dispatch.","in stock","new","3550.00 PKR","https://alhumacollection.com/products/fabiha-fero-bdlin-v3-3p-03-fabiha-by-feroza-digital-printed-bana-dora-staple-linen-3pc/","https://cdn.shopify.com/s/files/1/0906/1783/9987/files/16_dfe51344-5b32-49d0-9714-a8a4a1e0ad3e.jpg?v=1790237943","Feroza","Women > Unstitched Suits > Formal"
"FABIHA-FERO-BDLIN-V3-3P-04","Fabiha By Feroza Digital Printed Bana Dora Staple Linen 3PC — 4","Fabiha By Feroza Digital Printed Bana Dora Staple Linen 3PC — 4. 3 Piece unstitched suit by Feroza. Available to order with Cash on Delivery in Pakistan; final stock is confirmed before dispatch.","in stock","new","3550.00 PKR","https://alhumacollection.com/products/fabiha-fero-bdlin-v3-3p-04-fabiha-by-feroza-digital-printed-bana-dora-staple-linen-3pc/","https://cdn.shopify.com/s/files/1/0906/1783/9987/files/4_ddce29a0-fed8-4f55-b46f-27b3a0e70e1d.jpg?v=1790238021","Feroza","Women > Unstitched Suits > Formal"
"FABIHA-FERO-BDLIN-V3-3P-05","Fabiha By Feroza Digital Printed Bana Dora Staple Linen 3PC — 5","Fabiha By Feroza Digital Printed Bana Dora Staple Linen 3PC — 5. 3 Piece unstitched suit by Feroza. Available to order with Cash on Delivery in Pakistan; final stock is confirmed before dispatch.","in stock","new","3550.00 PKR","https://alhumacollection.com/products/fabiha-fero-bdlin-v3-3p-05-fabiha-by-feroza-digital-printed-bana-dora-staple-linen-3pc/","https://cdn.shopify.com/s/files/1/0906/1783/9987/files/10_c1905745-fed5-4f39-ac64-a3469b590dd2.jpg?v=1790238076","Feroza","Women > Unstitched Suits > Formal"
"FABIHA-FERO-BDLIN-V3-3P-06","Fabiha By Feroza Digital Printed Bana Dora Staple Linen 3PC — 6","Fabiha By Feroza Digital Printed Bana Dora Staple Linen 3PC — 6. 3 Piece unstitched suit by Feroza. Available to order with Cash on Delivery in Pakistan; final stock is confirmed before dispatch.","in stock","new","3550.00 PKR","https://alhumacollection.com/products/fabiha-fero-bdlin-v3-3p-06-fabiha-by-feroza-digital-printed-bana-dora-staple-linen-3pc/","https://cdn.shopify.com/s/files/1/0906/1783/9987/files/13_b80efebe-bc1c-4371-9a74-0b3d09981719.jpg?v=1790238115","Feroza","Women > Unstitched Suits > Formal"
"FABIHA-V6-LAWN-3P-D-10","Fabiha By Feroza Digital Printed Lawn 3PC — D-10","Fabiha By Feroza Digital Printed Lawn 3PC — D-10. 3 Piece unstitched suit by Feroza. Available to order with Cash on Delivery in Pakistan; final stock is confirmed before dispatch.","in stock","new","3595.00 PKR","https://alhumacollection.com/products/fabiha-v6-lawn-3p-d-10-fabiha-by-feroza-digital-printed-lawn-3pc/","https://cdn.shopify.com/s/files/1/0906/1783/9987/files/10-_2_b8380458-d7cb-45f4-bea4-532975fce78e.jpg?v=1777762687","Feroza","Women > Unstitched Suits > Formal"
"FABIHA-V6-LAWN-3P-D-11","Fabiha By Feroza Digital Printed Lawn 3PC — D-11","Fabiha By Feroza Digital Printed Lawn 3PC — D-11. 3 Piece unstitched suit by Feroza. Available to order with Cash on Delivery in Pakistan; final stock is confirmed before dispatch.","in stock","new","3595.00 PKR","https://alhumacollection.com/products/fabiha-v6-lawn-3p-d-11-fabiha-by-feroza-digital-printed-lawn-3pc/","https://cdn.shopify.com/s/files/1/0906/1783/9987/files/11-_1_35229802-15ca-40df-98b5-c4fee1c9decd.jpg?v=1777762686","Feroza","Women > Unstitched Suits > Formal"
"FABIHA-V6-LAWN-3P-D-2","Fabiha By Feroza Digital Printed Lawn 3PC — D-2","Fabiha By Feroza Digital Printed Lawn 3PC — D-2. 3 Piece unstitched suit by Feroza. Available to order with Cash on Delivery in Pakistan; final stock is confirmed before dispatch.","in stock","new","3595.00 PKR","https://alhumacollection.com/products/fabiha-v6-lawn-3p-d-2-fabiha-by-feroza-digital-printed-lawn-3pc/","https://cdn.shopify.com/s/files/1/0906/1783/9987/files/02-_4_e6a011fc-3871-4bb9-844b-8549d573ca79.jpg?v=1777762681","Feroza","Women > Unstitched Suits > Formal"
"FABIHA-V6-LAWN-3P-D-3","Fabiha By Feroza Digital Printed Lawn 3PC — D-3","Fabiha By Feroza Digital Printed Lawn 3PC — D-3. 3 Piece unstitched suit by Feroza. Available to order with Cash on Delivery in Pakistan; final stock is confirmed before dispatch.","in stock","new","3595.00 PKR","https://alhumacollection.com/products/fabiha-v6-lawn-3p-d-3-fabiha-by-feroza-digital-printed-lawn-3pc/","https://cdn.shopify.com/s/files/1/0906/1783/9987/files/03-_2_8df8eacf-6d91-4b8c-b7f5-0daa4f7c9172.jpg?v=1777762680","Feroza","Women > Unstitched Suits > Formal"
"FABIHA-V6-LAWN-3P-D-9","Fabiha By Feroza Digital Printed Lawn 3PC — D-9","Fabiha By Feroza Digital Printed Lawn 3PC — D-9. 3 Piece unstitched suit by Feroza. Available to order with Cash on Delivery in Pakistan; final stock is confirmed before dispatch.","in stock","new","3595.00 PKR","https://alhumacollection.com/products/fabiha-v6-lawn-3p-d-9-fabiha-by-feroza-digital-printed-lawn-3pc/","https://cdn.shopify.com/s/files/1/0906/1783/9987/files/09-_3_551957ed-7c6b-4d3c-8fff-22202dca7729.jpg?v=1777762688","Feroza","Women > Unstitched Suits > Formal"
"FLORENT-LWN-V1-2P-DLWR-12","Florent Digital Printed All Over Lawn 2PC — 12","Florent Digital Printed All Over Lawn 2PC — 12. 2 Piece unstitched suit by Florent. Available to order with Cash on Delivery in Pakistan; final stock is confirmed before dispatch.","in stock","new","2295.00 PKR","https://alhumacollection.com/products/florent-lwn-v1-2p-dlwr-12-florent-digital-printed-all-over-lawn-2pc/","https://cdn.shopify.com/s/files/1/0906/1783/9987/files/IMG_6808_JPG.jpg?v=1784887713","Florent","Women > Unstitched Suits > Formal"
"FLORENT-LWN-FZ-1A","Florent Embroidered | Lawn'26 — FZ-1A","Florent Embroidered | Lawn'26 — FZ-1A. 3 Piece unstitched suit by Florent. Available to order with Cash on Delivery in Pakistan; final stock is confirmed before dispatch.","in stock","new","12200.00 PKR","https://alhumacollection.com/products/florent-lwn-fz-1a-florent-embroidered-lawn-26/","https://cdn.shopify.com/s/files/1/0906/1783/9987/files/9_e0da439e-80f2-4cdc-b891-68a44d1ded4e.jpg?v=1783158613","Florent","Women > Unstitched Suits > Luxury"
"FLORENT-LWN-FZ-2B","Florent Embroidered | Lawn'26 — FZ-2B","Florent Embroidered | Lawn'26 — FZ-2B. 3 Piece unstitched suit by Florent. Available to order with Cash on Delivery in Pakistan; final stock is confirmed before dispatch.","in stock","new","12200.00 PKR","https://alhumacollection.com/products/florent-lwn-fz-2b-florent-embroidered-lawn-26/","https://cdn.shopify.com/s/files/1/0906/1783/9987/files/19_9f2803d1-d411-4e83-b137-3d151ccd693e.jpg?v=1783158596","Florent","Women > Unstitched Suits > Luxury"
"FLORENT-LWN-FZ-3A","Florent Embroidered | Lawn'26 — FZ-3A","Florent Embroidered | Lawn'26 — FZ-3A. 3 Piece unstitched suit by Florent. Available to order with Cash on Delivery in Pakistan; final stock is confirmed before dispatch.","in stock","new","12200.00 PKR","https://alhumacollection.com/products/florent-lwn-fz-3a-florent-embroidered-lawn-26/","https://cdn.shopify.com/s/files/1/0906/1783/9987/files/7_b627773e-3496-4754-b5a8-ae37baf86aea.jpg?v=1783158611","Florent","Women > Unstitched Suits > Luxury"
"FLORENT-LWN-FZ-3B","Florent Embroidered | Lawn'26 — FZ-3B","Florent Embroidered | Lawn'26 — FZ-3B. 3 Piece unstitched suit by Florent. Available to order with Cash on Delivery in Pakistan; final stock is confirmed before dispatch.","in stock","new","12200.00 PKR","https://alhumacollection.com/products/florent-lwn-fz-3b-florent-embroidered-lawn-26/","https://cdn.shopify.com/s/files/1/0906/1783/9987/files/30_bf86ebd0-46ae-4cdd-bff4-69bef75fb26a.jpg?v=1783158598","Florent","Women > Unstitched Suits > Luxury"
"FLORENT-LWN-FZ-4A","Florent Embroidered | Lawn'26 — FZ-4A","Florent Embroidered | Lawn'26 — FZ-4A. 3 Piece unstitched suit by Florent. Available to order with Cash on Delivery in Pakistan; final stock is confirmed before dispatch.","in stock","new","12200.00 PKR","https://alhumacollection.com/products/florent-lwn-fz-4a-florent-embroidered-lawn-26/","https://cdn.shopify.com/s/files/1/0906/1783/9987/files/39_844d9891-a42b-4b4d-97c1-c53291c61c73.jpg?v=1783158608","Florent","Women > Unstitched Suits > Luxury"
"FLORENT-LWN-FZ-5A","Florent Embroidered | Lawn'26 — FZ-5A","Florent Embroidered | Lawn'26 — FZ-5A. 3 Piece unstitched suit by Florent. Available to order with Cash on Delivery in Pakistan; final stock is confirmed before dispatch.","in stock","new","12200.00 PKR","https://alhumacollection.com/products/florent-lwn-fz-5a-florent-embroidered-lawn-26/","https://cdn.shopify.com/s/files/1/0906/1783/9987/files/43_f14e3ffc-bb4e-4c24-afec-76975f261cca.jpg?v=1783158606","Florent","Women > Unstitched Suits > Luxury"
"FLORENT-LWN-FZ-6A","Florent Embroidered | Lawn'26 — FZ-6A","Florent Embroidered | Lawn'26 — FZ-6A. 3 Piece unstitched suit by Florent. Available to order with Cash on Delivery in Pakistan; final stock is confirmed before dispatch.","in stock","new","12200.00 PKR","https://alhumacollection.com/products/florent-lwn-fz-6a-florent-embroidered-lawn-26/","https://cdn.shopify.com/s/files/1/0906/1783/9987/files/37_5da1daba-fa9b-440f-a4d1-1084aeffdede.jpg?v=1783158603","Florent","Women > Unstitched Suits > Luxury"
"FLORENT-LWN-FZ-6B","Florent Embroidered | Lawn'26 — FZ-6B","Florent Embroidered | Lawn'26 — FZ-6B. 3 Piece unstitched suit by Florent. Available to order with Cash on Delivery in Pakistan; final stock is confirmed before dispatch.","in stock","new","12200.00 PKR","https://alhumacollection.com/products/florent-lwn-fz-6b-florent-embroidered-lawn-26/","https://cdn.shopify.com/s/files/1/0906/1783/9987/files/28_388055aa-c38f-4c53-806d-5ea351c230ec.jpg?v=1783158591","Florent","Women > Unstitched Suits > Luxury"
"FLORENT-LWN-FZ-8A","Florent Embroidered | Lawn'26 — FZ-8A","Florent Embroidered | Lawn'26 — FZ-8A. 3 Piece unstitched suit by Florent. Available to order with Cash on Delivery in Pakistan; final stock is confirmed before dispatch.","in stock","new","12200.00 PKR","https://alhumacollection.com/products/florent-lwn-fz-8a-florent-embroidered-lawn-26/","https://cdn.shopify.com/s/files/1/0906/1783/9987/files/21_9137ea00-86c8-45ed-bf26-11a1a11c6272.jpg?v=1783158602","Florent","Women > Unstitched Suits > Luxury"
"FLORENT-LWN-FZ-8B","Florent Embroidered | Lawn'26 — FZ-8B","Florent Embroidered | Lawn'26 — FZ-8B. 3 Piece unstitched suit by Florent. Available to order with Cash on Delivery in Pakistan; final stock is confirmed before dispatch.","in stock","new","12200.00 PKR","https://alhumacollection.com/products/florent-lwn-fz-8b-florent-embroidered-lawn-26/","https://cdn.shopify.com/s/files/1/0906/1783/9987/files/4_48787798-b942-475b-aa28-ad6435c5350b.jpg?v=1783158587","Florent","Women > Unstitched Suits > Luxury"
"ZYNC-LAWN-3P-FZ-1A","Zync By Florent | Lawn'26 — FZ-1A","Zync By Florent | Lawn'26 — FZ-1A. 3 Piece unstitched suit by Florent. Available to order with Cash on Delivery in Pakistan; final stock is confirmed before dispatch.","in stock","new","10000.00 PKR","https://alhumacollection.com/products/zync-lawn-3p-fz-1a-zync-by-florent-lawn-26/","https://cdn.shopify.com/s/files/1/0906/1783/9987/files/2_d58e1db1-76a8-496f-8553-602b2478fade.png?v=1783158430","Florent","Women > Unstitched Suits > Luxury"
"ZYNC-LAWN-3P-FZ-2A","Zync By Florent | Lawn'26 — FZ-2A","Zync By Florent | Lawn'26 — FZ-2A. 3 Piece unstitched suit by Florent. Available to order with Cash on Delivery in Pakistan; final stock is confirmed before dispatch.","in stock","new","7893.00 PKR","https://alhumacollection.com/products/zync-lawn-3p-fz-2a-zync-by-florent-lawn-26/","https://cdn.shopify.com/s/files/1/0906/1783/9987/files/8_04dc6c11-d8c7-4db2-b275-b7a49608270f.png?v=1783158428","Florent","Women > Unstitched Suits > Luxury"
"ZYNC-LAWN-3P-FZ-5A","Zync By Florent | Lawn'26 — FZ-5A","Zync By Florent | Lawn'26 — FZ-5A. 3 Piece unstitched suit by Florent. Available to order with Cash on Delivery in Pakistan; final stock is confirmed before dispatch.","in stock","new","7893.00 PKR","https://alhumacollection.com/products/zync-lawn-3p-fz-5a-zync-by-florent-lawn-26/","https://cdn.shopify.com/s/files/1/0906/1783/9987/files/26_42a18014-c38c-40b9-94bc-b9f556c8ee70.png?v=1783158424","Florent","Women > Unstitched Suits > Luxury"
"ZYNC-LAWN-3P-FZ-5B","Zync By Florent | Lawn'26 — FZ-5B","Zync By Florent | Lawn'26 — FZ-5B. 3 Piece unstitched suit by Florent. Available to order with Cash on Delivery in Pakistan; final stock is confirmed before dispatch.","in stock","new","7893.00 PKR","https://alhumacollection.com/products/zync-lawn-3p-fz-5b-zync-by-florent-lawn-26/","https://cdn.shopify.com/s/files/1/0906/1783/9987/files/29_f8eadef8-dbe3-4a0b-bd82-786fc73ddd47.png?v=1783158406","Florent","Women > Unstitched Suits > Luxury"
"ZYNC-LAWN-3P-FZ-6B","Zync By Florent | Lawn'26 — FZ-6B","Zync By Florent | Lawn'26 — FZ-6B. 3 Piece unstitched suit by Florent. Available to order with Cash on Delivery in Pakistan; final stock is confirmed before dispatch.","in stock","new","7893.00 PKR","https://alhumacollection.com/products/zync-lawn-3p-fz-6b-zync-by-florent-lawn-26/","https://cdn.shopify.com/s/files/1/0906/1783/9987/files/35_455408fe-8c96-477d-99ae-8b8ec9c3eece.png?v=1783158407","Florent","Women > Unstitched Suits > Luxury"
"ZYNC-LAWN-3P-FZ-7A","Zync By Florent | Lawn'26 — FZ-7A","Zync By Florent | Lawn'26 — FZ-7A. 3 Piece unstitched suit by Florent. Available to order with Cash on Delivery in Pakistan; final stock is confirmed before dispatch.","in stock","new","7893.00 PKR","https://alhumacollection.com/products/zync-lawn-3p-fz-7a-zync-by-florent-lawn-26/","https://cdn.shopify.com/s/files/1/0906/1783/9987/files/38_ac8f3a6e-26b7-4ec3-a6af-f6bc348fcfd3.png?v=1783158417","Florent","Women > Unstitched Suits > Luxury"
"GUL-3PLIN-V4-AHMD-52002","Gul Ahmed Digital Printed Fancy Linen 3PC — 52002","Gul Ahmed Digital Printed Fancy Linen 3PC — 52002. 3 Piece unstitched suit by Gul Ahmad. Available to order with Cash on Delivery in Pakistan; final stock is confirmed before dispatch.","in stock","new","3150.00 PKR","https://alhumacollection.com/products/gul-3plin-v4-ahmd-52002-gul-ahmed-digital-printed-fancy-linen-3pc/","https://cdn.shopify.com/s/files/1/0906/1783/9987/files/Gemini_Generated_Image_o6zjvqo6zjvqo6zj.jpg?v=1788779679","Gul Ahmad","Women > Unstitched Suits > Formal"
"GUL-3PLIN-V4-AHMD-52006","Gul Ahmed Digital Printed Fancy Linen 3PC — 52006","Gul Ahmed Digital Printed Fancy Linen 3PC — 52006. 3 Piece unstitched suit by Gul Ahmad. Available to order with Cash on Delivery in Pakistan; final stock is confirmed before dispatch.","in stock","new","3150.00 PKR","https://alhumacollection.com/products/gul-3plin-v4-ahmd-52006-gul-ahmed-digital-printed-fancy-linen-3pc/","https://cdn.shopify.com/s/files/1/0906/1783/9987/files/Gemini_Generated_Image_nmq4g2nmq4g2nmq4.jpg?v=1788783549","Gul Ahmad","Women > Unstitched Suits > Formal"
"GUL-3PLIN-V4-AHMD-52045","Gul Ahmed Digital Printed Fancy Linen 3PC — 52045","Gul Ahmed Digital Printed Fancy Linen 3PC — 52045. 3 Piece unstitched suit by Gul Ahmad. Available to order with Cash on Delivery in Pakistan; final stock is confirmed before dispatch.","in stock","new","3150.00 PKR","https://alhumacollection.com/products/gul-3plin-v4-ahmd-52045-gul-ahmed-digital-printed-fancy-linen-3pc/","https://cdn.shopify.com/s/files/1/0906/1783/9987/files/Gemini_Generated_Image_uqfk5euqfk5euqfk.jpg?v=1788851005","Gul Ahmad","Women > Unstitched Suits > Formal"
"GUL-3PLIN-V4-AHMD-52133","Gul Ahmed Digital Printed Fancy Linen 3PC — 52133","Gul Ahmed Digital Printed Fancy Linen 3PC — 52133. 3 Piece unstitched suit by Gul Ahmad. Available to order with Cash on Delivery in Pakistan; final stock is confirmed before dispatch.","in stock","new","3150.00 PKR","https://alhumacollection.com/products/gul-3plin-v4-ahmd-52133-gul-ahmed-digital-printed-fancy-linen-3pc/","https://cdn.shopify.com/s/files/1/0906/1783/9987/files/Gemini_Generated_Image_tkd6mutkd6mutkd6.jpg?v=1788779211","Gul Ahmad","Women > Unstitched Suits > Formal"
"HIJAB-LWN-OFF-WHITE-3P-05","Asra — 5","Asra — 5. 3 Piece unstitched suit by Hijab Omer. Available to order with Cash on Delivery in Pakistan; final stock is confirmed before dispatch.","in stock","new","10450.00 PKR","https://alhumacollection.com/products/hijab-lwn-off-white-3p-05-asra/","https://cdn.shopify.com/s/files/1/0906/1783/9987/files/493562818_1205393311596067_302259000504222905_n.jpg?v=1768840676","Hijab Omer","Women > Unstitched Suits > Luxury"
"HIJAB-LWN-CARROT-3P-06","Bella — 6","Bella — 6. 3 Piece unstitched suit by Hijab Omer. Available to order with Cash on Delivery in Pakistan; final stock is confirmed before dispatch.","in stock","new","10450.00 PKR","https://alhumacollection.com/products/hijab-lwn-carrot-3p-06-bella/","https://cdn.shopify.com/s/files/1/0906/1783/9987/files/493760168_1205421011593297_3126268059491610783_n.jpg?v=1768840680","Hijab Omer","Women > Unstitched Suits > Luxury"
"HIJAB-LWN-OGOLD-3P-09","Esme — 9","Esme — 9. 3 Piece unstitched suit by Hijab Omer. Available to order with Cash on Delivery in Pakistan; final stock is confirmed before dispatch.","in stock","new","10450.00 PKR","https://alhumacollection.com/products/hijab-lwn-ogold-3p-09-esme/","https://cdn.shopify.com/s/files/1/0906/1783/9987/files/493319298_1205421944926537_2669440861498171862_n.jpg?v=1768840684","Hijab Omer","Women > Unstitched Suits > Luxury"
"HIJAB-LWN-LAVENDER-3P-03","Lara — 3","Lara — 3. 3 Piece unstitched suit by Hijab Omer. Available to order with Cash on Delivery in Pakistan; final stock is confirmed before dispatch.","in stock","new","10450.00 PKR","https://alhumacollection.com/products/hijab-lwn-lavender-3p-03-lara/","https://cdn.shopify.com/s/files/1/0906/1783/9987/files/493925496_1205406288261436_7674262174372489683_n.jpg?v=1768840674","Hijab Omer","Women > Unstitched Suits > Luxury"
"HIJAB-LWN-S-GREEN-3P-08","Omavi — 8","Omavi — 8. 3 Piece unstitched suit by Hijab Omer. Available to order with Cash on Delivery in Pakistan; final stock is confirmed before dispatch.","in stock","new","10450.00 PKR","https://alhumacollection.com/products/hijab-lwn-s-green-3p-08-omavi/","https://cdn.shopify.com/s/files/1/0906/1783/9987/files/493999076_1205421104926621_532891036360877847_n.jpg?v=1768840679","Hijab Omer","Women > Unstitched Suits > Luxury"
"HIJAB-LWN-BLACK-3P-10","Raya — 10","Raya — 10. 3 Piece unstitched suit by Hijab Omer. Available to order with Cash on Delivery in Pakistan; final stock is confirmed before dispatch.","in stock","new","10450.00 PKR","https://alhumacollection.com/products/hijab-lwn-black-3p-10-raya/","https://cdn.shopify.com/s/files/1/0906/1783/9987/files/493537730_1205414018260663_9107632727925908556_n.jpg?v=1768840683","Hijab Omer","Women > Unstitched Suits > Luxury"
"HUMDUM-EMBROIDERED-D03","Humdum Luxury Emb Linen 3PC — 3","Humdum Luxury Emb Linen 3PC — 3. 3 Piece unstitched suit by Humdum. Available to order with Cash on Delivery in Pakistan; final stock is confirmed before dispatch.","in stock","new","5900.00 PKR","https://alhumacollection.com/products/humdum-embroidered-d03-humdum-luxury-emb-linen-3pc/","https://cdn.shopify.com/s/files/1/0906/1783/9987/files/4AB3C1CB-5667-43FA-90D5-E6AE4C1742F9.jpg?v=1765448617","Humdum","Women > Unstitched Suits > Luxury"
"IMP-EMBCK-MEHN-2P-ABR-09","Imported Chikenkari Digital Lawn 2PC — 9","Imported Chikenkari Digital Lawn 2PC — 9. 2 Piece unstitched suit by Imported. Available to order with Cash on Delivery in Pakistan; final stock is confirmed before dispatch.","in stock","new","4490.00 PKR","https://alhumacollection.com/products/imp-embck-mehn-2p-abr-09-imported-chikenkari-digital-lawn-2pc/","https://cdn.shopify.com/s/files/1/0906/1783/9987/files/IMG-4010.jpg?v=1781013555","Imported","Women > Unstitched Suits > Formal"
"IMP-EMBCK-FEROZ-2P-ABR-19","Imported Emb Chickenkari Lawn 2PC — 19 — IMP-EMBCK-FEROZ-2P-ABR-19","Imported Emb Chickenkari Lawn 2PC — 19 — IMP-EMBCK-FEROZ-2P-ABR-19. 2 Piece unstitched suit by Imported. Available to order with Cash on Delivery in Pakistan; final stock is confirmed before dispatch.","in stock","new","4490.00 PKR","https://alhumacollection.com/products/imp-embck-feroz-2p-abr-19-imported-emb-chickenkari-lawn-2pc/","https://cdn.shopify.com/s/files/1/0906/1783/9987/files/14639_2.jpg?v=1784989987","Imported","Women > Unstitched Suits > Formal"
"IMP-EMBCK-PURP-2P-ABR-19","Imported Emb Chickenkari Lawn 2PC — 19 — IMP-EMBCK-PURP-2P-ABR-19","Imported Emb Chickenkari Lawn 2PC — 19 — IMP-EMBCK-PURP-2P-ABR-19. 2 Piece unstitched suit by Imported. Available to order with Cash on Delivery in Pakistan; final stock is confirmed before dispatch.","in stock","new","4490.00 PKR","https://alhumacollection.com/products/imp-embck-purp-2p-abr-19-imported-emb-chickenkari-lawn-2pc/","https://cdn.shopify.com/s/files/1/0906/1783/9987/files/14640_2.jpg?v=1784990013","Imported","Women > Unstitched Suits > Formal"
"IMP-EMBCK-PISTA-2P-ABR-19","Imported Emb Chickenkari Lawn 2PC — 19 — IMP-EMBCK-PISTA-2P-ABR-19","Imported Emb Chickenkari Lawn 2PC — 19 — IMP-EMBCK-PISTA-2P-ABR-19. 2 Piece unstitched suit by Imported. Available to order with Cash on Delivery in Pakistan; final stock is confirmed before dispatch.","in stock","new","4490.00 PKR","https://alhumacollection.com/products/imp-embck-pista-2p-abr-19-imported-emb-chickenkari-lawn-2pc/","https://cdn.shopify.com/s/files/1/0906/1783/9987/files/IMG_6987_JPG.jpg?v=1785150179","Imported","Women > Unstitched Suits > Formal"
"IMP-EMBCK-PECH-2P-ABR-19","Imported Emb Chickenkari Lawn 2PC — 19 — IMP-EMBCK-PECH-2P-ABR-19","Imported Emb Chickenkari Lawn 2PC — 19 — IMP-EMBCK-PECH-2P-ABR-19. 2 Piece unstitched suit by Imported. Available to order with Cash on Delivery in Pakistan; final stock is confirmed before dispatch.","in stock","new","4490.00 PKR","https://alhumacollection.com/products/imp-embck-pech-2p-abr-19-imported-emb-chickenkari-lawn-2pc/","https://cdn.shopify.com/s/files/1/0906/1783/9987/files/14637_2.jpg?v=1784989958","Imported","Women > Unstitched Suits > Formal"
"IMP-EMBCK-TPINK-2P-ABR-19","Imported Emb Chickenkari Lawn 2PC — 19 — IMP-EMBCK-TPINK-2P-ABR-19","Imported Emb Chickenkari Lawn 2PC — 19 — IMP-EMBCK-TPINK-2P-ABR-19. 2 Piece unstitched suit by Imported. Available to order with Cash on Delivery in Pakistan; final stock is confirmed before dispatch.","in stock","new","4490.00 PKR","https://alhumacollection.com/products/imp-embck-tpink-2p-abr-19-imported-emb-chickenkari-lawn-2pc/","https://cdn.shopify.com/s/files/1/0906/1783/9987/files/4636_2.jpg?v=1784989934","Imported","Women > Unstitched Suits > Formal"
"IMP-EMBCK-PISTA-2P-ABR-05","Imported Emb Chickenkari Lawn 2PC — 5 — IMP-EMBCK-PISTA-2P-ABR-05","Imported Emb Chickenkari Lawn 2PC — 5 — IMP-EMBCK-PISTA-2P-ABR-05. 2 Piece unstitched suit by Imported. Available to order with Cash on Delivery in Pakistan; final stock is confirmed before dispatch.","in stock","new","4490.00 PKR","https://alhumacollection.com/products/imp-embck-pista-2p-abr-05-imported-emb-chickenkari-lawn-2pc/","https://cdn.shopify.com/s/files/1/0906/1783/9987/files/14560_1_211b4440-5fbc-436b-a707-7d66ede9802a.jpg?v=1785149433","Imported","Women > Unstitched Suits > Formal"
"IMP-EMBCK-TPNK-2P-ABR-05","Imported Emb Chickenkari Lawn 2PC — 5 — IMP-EMBCK-TPNK-2P-ABR-05","Imported Emb Chickenkari Lawn 2PC — 5 — IMP-EMBCK-TPNK-2P-ABR-05. 2 Piece unstitched suit by Imported. Available to order with Cash on Delivery in Pakistan; final stock is confirmed before dispatch.","in stock","new","4490.00 PKR","https://alhumacollection.com/products/imp-embck-tpnk-2p-abr-05-imported-emb-chickenkari-lawn-2pc/","https://cdn.shopify.com/s/files/1/0906/1783/9987/files/14561_2_b867fc61-ba4a-4280-ac11-c3789b7bbcfb.jpg?v=1784991668","Imported","Women > Unstitched Suits > Formal"
"IMP-EMBCK-LEMN-2P-ABR-05","Imported Emb Chickenkari Lawn 2PC — 5 — IMP-EMBCK-LEMN-2P-ABR-05","Imported Emb Chickenkari Lawn 2PC — 5 — IMP-EMBCK-LEMN-2P-ABR-05. 2 Piece unstitched suit by Imported. Available to order with Cash on Delivery in Pakistan; final stock is confirmed before dispatch.","in stock","new","4490.00 PKR","https://alhumacollection.com/products/imp-embck-lemn-2p-abr-05-imported-emb-chickenkari-lawn-2pc/","https://cdn.shopify.com/s/files/1/0906/1783/9987/files/14557_2.jpg?v=1784991519","Imported","Women > Unstitched Suits > Formal"
"IMP-EMBCK-LPISTA-2P-ABR-05","Imported Emb Chickenkari Lawn 2PC — 5 — IMP-EMBCK-LPISTA-2P-ABR-05","Imported Emb Chickenkari Lawn 2PC — 5 — IMP-EMBCK-LPISTA-2P-ABR-05. 2 Piece unstitched suit by Imported. Available to order with Cash on Delivery in Pakistan; final stock is confirmed before dispatch.","in stock","new","4490.00 PKR","https://alhumacollection.com/products/imp-embck-lpista-2p-abr-05-imported-emb-chickenkari-lawn-2pc/","https://cdn.shopify.com/s/files/1/0906/1783/9987/files/yaaaaaaaa_2.jpg?v=1785149323","Imported","Women > Unstitched Suits > Formal"
"IMP-EMBCK-LJAMN-2P-ABR-05","Imported Emb Chickenkari Lawn 2PC — 5 — IMP-EMBCK-LJAMN-2P-ABR-05","Imported Emb Chickenkari Lawn 2PC — 5 — IMP-EMBCK-LJAMN-2P-ABR-05. 2 Piece unstitched suit by Imported. Available to order with Cash on Delivery in Pakistan; final stock is confirmed before dispatch.","in stock","new","4490.00 PKR","https://alhumacollection.com/products/imp-embck-ljamn-2p-abr-05-imported-emb-chickenkari-lawn-2pc/","https://cdn.shopify.com/s/files/1/0906/1783/9987/files/14556_2_8636a66b-09ec-4fec-a0fa-622c53a45512.jpg?v=1785147883","Imported","Women > Unstitched Suits > Formal"
"IMP-EMBCK-BRWN-2P-ABR-12","Imported Emb Chickenkari Lawn 3PC — 12 — IMP-EMBCK-BRWN-2P-ABR-12","Imported Emb Chickenkari Lawn 3PC — 12 — IMP-EMBCK-BRWN-2P-ABR-12. 3 Piece unstitched suit by Imported. Available to order with Cash on Delivery in Pakistan; final stock is confirmed before dispatch.","in stock","new","5095.00 PKR","https://alhumacollection.com/products/imp-embck-brwn-2p-abr-12-imported-emb-chickenkari-lawn-3pc/","https://cdn.shopify.com/s/files/1/0906/1783/9987/files/14606_2.jpg?v=1784548960","Imported","Women > Unstitched Suits > Formal"
"IMP-EMBCK-PAROT-2P-ABR-12","Imported Emb Chickenkari Lawn 3PC — 12 — IMP-EMBCK-PAROT-2P-ABR-12","Imported Emb Chickenkari Lawn 3PC — 12 — IMP-EMBCK-PAROT-2P-ABR-12. 3 Piece unstitched suit by Imported. Available to order with Cash on Delivery in Pakistan; final stock is confirmed before dispatch.","in stock","new","5095.00 PKR","https://alhumacollection.com/products/imp-embck-parot-2p-abr-12-imported-emb-chickenkari-lawn-3pc/","https://cdn.shopify.com/s/files/1/0906/1783/9987/files/14604_2.jpg?v=1784549063","Imported","Women > Unstitched Suits > Formal"
"IMP-EMBCK-GREY-2P-ABR-30","Imported Emb Chickenkari Lawn 3PC — 30","Imported Emb Chickenkari Lawn 3PC — 30. 3 Piece unstitched suit by Imported. Available to order with Cash on Delivery in Pakistan; final stock is confirmed before dispatch.","in stock","new","5095.00 PKR","https://alhumacollection.com/products/imp-embck-grey-2p-abr-30-imported-emb-chickenkari-lawn-3pc/","https://cdn.shopify.com/s/files/1/0906/1783/9987/files/14674_1.jpg?v=1784547672","Imported","Women > Unstitched Suits > Formal"
"IMP-EMBCK-LPISTA-2P-ABR-08","Imported Embroidered & Digital Lawn 2PC — 8","Imported Embroidered & Digital Lawn 2PC — 8. 2 Piece unstitched suit by Imported. Available to order with Cash on Delivery in Pakistan; final stock is confirmed before dispatch.","in stock","new","4490.00 PKR","https://alhumacollection.com/products/imp-embck-lpista-2p-abr-08-imported-embroidered-and-digital-lawn-2pc/","https://cdn.shopify.com/s/files/1/0906/1783/9987/files/IMG-4031.jpg?v=1781013497","Imported","Women > Unstitched Suits > Formal"
"IMROZ-BLACK-3PC-AK39","Imrozia Luxury Embroidered Lawn 3PC — BLACK","Imrozia Luxury Embroidered Lawn 3PC — BLACK. 3 Piece unstitched suit by Imrozia. Available to order with Cash on Delivery in Pakistan; final stock is confirmed before dispatch.","in stock","new","8500.00 PKR","https://alhumacollection.com/products/imroz-black-3pc-ak39-imrozia-luxury-embroidered-lawn-3pc/","https://cdn.shopify.com/s/files/1/0906/1783/9987/files/6286082F-82D3-4D23-AC37-7BB50711229C.jpg?v=1783157554","Imrozia","Women > Unstitched Suits > Luxury"
"IMROZ-SKIN-3PC-AK39","Imrozia Luxury Embroidered Lawn 3PC — SKIN","Imrozia Luxury Embroidered Lawn 3PC — SKIN. 3 Piece unstitched suit by Imrozia. Available to order with Cash on Delivery in Pakistan; final stock is confirmed before dispatch.","in stock","new","8500.00 PKR","https://alhumacollection.com/products/imroz-skin-3pc-ak39-imrozia-luxury-embroidered-lawn-3pc/","https://cdn.shopify.com/s/files/1/0906/1783/9987/files/1DC435E8-0A88-424E-8AE4-156D8DA17FA4.jpg?v=1783157554","Imrozia","Women > Unstitched Suits > Luxury"
"JADE-EMB-PLAIN-3P-1887","Jade Plain Embroidered Lawn 3PC — 1887","Jade Plain Embroidered Lawn 3PC — 1887. 3 Piece unstitched suit by Jade. Available to order with Cash on Delivery in Pakistan; final stock is confirmed before dispatch.","in stock","new","6367.00 PKR","https://alhumacollection.com/products/jade-emb-plain-3p-1887-jade-plain-embroidered-lawn-3pc/","https://cdn.shopify.com/s/files/1/0906/1783/9987/files/IMG-4497.jpg?v=1776807963","Jade","Women > Unstitched Suits > Formal"
"JAZMIN-S26-JZ-D05","Jazmin Luxury Embroidered Lawn 3PC — D05","Jazmin Luxury Embroidered Lawn 3PC — D05. 3 Piece unstitched suit by Jazmin. Available to order with Cash on Delivery in Pakistan; final stock is confirmed before dispatch.","in stock","new","7770.00 PKR","https://alhumacollection.com/products/jazmin-s26-jz-d05-jazmin-luxury-embroidered-lawn-3pc/","https://cdn.shopify.com/s/files/1/0906/1783/9987/files/a185fa63-db9f-4445-b8ab-d12c5ef89054.png?v=1783359884","Jazmin","Women > Unstitched Suits > Luxury"
"JUGNU-DHNK-3P-EHT-1992","Jugnu Emb Dhanak 3PC — 1992","Jugnu Emb Dhanak 3PC — 1992. 3 Piece unstitched suit by Jugnu. Available to order with Cash on Delivery in Pakistan; final stock is confirmed before dispatch.","in stock","new","6200.00 PKR","https://alhumacollection.com/products/jugnu-dhnk-3p-eht-1992-jugnu-emb-dhanak-3pc/","https://cdn.shopify.com/s/files/1/0906/1783/9987/files/web_0019_DSC07024-ed2f.webp?v=1790412602","Jugnu","Women > Unstitched Suits > Formal"
"KAYSERIA-BDLINEN-3P-JLALCUT-01","Kayseria Digital Printed Bana Dora Linen 3PC — 1 — KAYSERIA-BDLINEN-3P-JLALCUT-01","Kayseria Digital Printed Bana Dora Linen 3PC — 1 — KAYSERIA-BDLINEN-3P-JLALCUT-01. 3 Piece unstitched suit by Kayseria. Available to order with Cash on Delivery in Pakistan; final stock is confirmed before dispatch.","in stock","new","3350.00 PKR","https://alhumacollection.com/products/kayseria-bdlinen-3p-jlalcut-01-kayseria-digital-printed-bana-dora-linen-3pc/","https://cdn.shopify.com/s/files/1/0906/1783/9987/files/01_2_e2966beb-5d21-4f01-a5b9-e53c7ff5aa3a.jpg?v=1787811930","Kayseria","Women > Unstitched Suits > Formal"
"KAYSERIA-LINEN-V2-3P-JLALCUT-01","Kayseria Digital Printed Bana Dora Linen 3PC — 1 — KAYSERIA-LINEN-V2-3P-JLALCUT-01","Kayseria Digital Printed Bana Dora Linen 3PC — 1 — KAYSERIA-LINEN-V2-3P-JLALCUT-01. 3 Piece unstitched suit by Kayseria. Available to order with Cash on Delivery in Pakistan; final stock is confirmed before dispatch.","in stock","new","3295.00 PKR","https://alhumacollection.com/products/kayseria-linen-v2-3p-jlalcut-01-kayseria-digital-printed-bana-dora-linen-3pc/","https://cdn.shopify.com/s/files/1/0906/1783/9987/files/IMG-0772.jpg?v=1790091970","Kayseria","Women > Unstitched Suits > Formal"
"KAYSERIA-BDLINEN-3P-JLALCUT-10","Kayseria Digital Printed Bana Dora Linen 3PC — 10 — KAYSERIA-BDLINEN-3P-JLALCUT-10","Kayseria Digital Printed Bana Dora Linen 3PC — 10 — KAYSERIA-BDLINEN-3P-JLALCUT-10. 3 Piece unstitched suit by Kayseria. Available to order with Cash on Delivery in Pakistan; final stock is confirmed before dispatch.","in stock","new","3350.00 PKR","https://alhumacollection.com/products/kayseria-bdlinen-3p-jlalcut-10-kayseria-digital-printed-bana-dora-linen-3pc/","https://cdn.shopify.com/s/files/1/0906/1783/9987/files/10_2_6e987ef9-172f-42ef-9ac9-4026e6ce9d2c.jpg?v=1787811689","Kayseria","Women > Unstitched Suits > Formal"
"KAYSERIA-LINEN-V2-3P-JLALCUT-10","Kayseria Digital Printed Bana Dora Linen 3PC — 10 — KAYSERIA-LINEN-V2-3P-JLALCUT-10","Kayseria Digital Printed Bana Dora Linen 3PC — 10 — KAYSERIA-LINEN-V2-3P-JLALCUT-10. 3 Piece unstitched suit by Kayseria. Available to order with Cash on Delivery in Pakistan; final stock is confirmed before dispatch.","in stock","new","3295.00 PKR","https://alhumacollection.com/products/kayseria-linen-v2-3p-jlalcut-10-kayseria-digital-printed-bana-dora-linen-3pc/","https://cdn.shopify.com/s/files/1/0906/1783/9987/files/IMG-0756.jpg?v=1790091678","Kayseria","Women > Unstitched Suits > Formal"
"KAYSERIA-BDLINEN-3P-JLALCUT-11","Kayseria Digital Printed Bana Dora Linen 3PC — 11 — KAYSERIA-BDLINEN-3P-JLALCUT-11","Kayseria Digital Printed Bana Dora Linen 3PC — 11 — KAYSERIA-BDLINEN-3P-JLALCUT-11. 3 Piece unstitched suit by Kayseria. Available to order with Cash on Delivery in Pakistan; final stock is confirmed before dispatch.","in stock","new","3350.00 PKR","https://alhumacollection.com/products/kayseria-bdlinen-3p-jlalcut-11-kayseria-digital-printed-bana-dora-linen-3pc/","https://cdn.shopify.com/s/files/1/0906/1783/9987/files/11_2_c3893c9b-8b83-4734-9357-f02860cde44d.jpg?v=1787811603","Kayseria","Women > Unstitched Suits > Formal"
"KAYSERIA-LINEN-V2-3P-JLALCUT-11","Kayseria Digital Printed Bana Dora Linen 3PC — 11 — KAYSERIA-LINEN-V2-3P-JLALCUT-11","Kayseria Digital Printed Bana Dora Linen 3PC — 11 — KAYSERIA-LINEN-V2-3P-JLALCUT-11. 3 Piece unstitched suit by Kayseria. Available to order with Cash on Delivery in Pakistan; final stock is confirmed before dispatch.","in stock","new","3295.00 PKR","https://alhumacollection.com/products/kayseria-linen-v2-3p-jlalcut-11-kayseria-digital-printed-bana-dora-linen-3pc/","https://cdn.shopify.com/s/files/1/0906/1783/9987/files/IMG-0750.jpg?v=1790091592","Kayseria","Women > Unstitched Suits > Formal"
"KAYSERIA-BDLINEN-3P-JLALCUT-12","Kayseria Digital Printed Bana Dora Linen 3PC — 12 — KAYSERIA-BDLINEN-3P-JLALCUT-12","Kayseria Digital Printed Bana Dora Linen 3PC — 12 — KAYSERIA-BDLINEN-3P-JLALCUT-12. 3 Piece unstitched suit by Kayseria. Available to order with Cash on Delivery in Pakistan; final stock is confirmed before dispatch.","in stock","new","3350.00 PKR","https://alhumacollection.com/products/kayseria-bdlinen-3p-jlalcut-12-kayseria-digital-printed-bana-dora-linen-3pc/","https://cdn.shopify.com/s/files/1/0906/1783/9987/files/12_2_f221dcee-d46a-4a1e-8877-b2b9f8bdf0a7.jpg?v=1787811542","Kayseria","Women > Unstitched Suits > Formal"
"KAYSERIA-LINEN-V2-3P-JLALCUT-12","Kayseria Digital Printed Bana Dora Linen 3PC — 12 — KAYSERIA-LINEN-V2-3P-JLALCUT-12","Kayseria Digital Printed Bana Dora Linen 3PC — 12 — KAYSERIA-LINEN-V2-3P-JLALCUT-12. 3 Piece unstitched suit by Kayseria. Available to order with Cash on Delivery in Pakistan; final stock is confirmed before dispatch.","in stock","new","3295.00 PKR","https://alhumacollection.com/products/kayseria-linen-v2-3p-jlalcut-12-kayseria-digital-printed-bana-dora-linen-3pc/","https://cdn.shopify.com/s/files/1/0906/1783/9987/files/IMG-0764.jpg?v=1790091551","Kayseria","Women > Unstitched Suits > Formal"
"KAYSERIA-BDLINEN-3P-JLALCUT-13","Kayseria Digital Printed Bana Dora Linen 3PC — 13 — KAYSERIA-BDLINEN-3P-JLALCUT-13","Kayseria Digital Printed Bana Dora Linen 3PC — 13 — KAYSERIA-BDLINEN-3P-JLALCUT-13. 3 Piece unstitched suit by Kayseria. Available to order with Cash on Delivery in Pakistan; final stock is confirmed before dispatch.","in stock","new","3350.00 PKR","https://alhumacollection.com/products/kayseria-bdlinen-3p-jlalcut-13-kayseria-digital-printed-bana-dora-linen-3pc/","https://cdn.shopify.com/s/files/1/0906/1783/9987/files/13_2_67578a3a-9fd9-47b2-aae9-28f373fd28e3.jpg?v=1787811450","Kayseria","Women > Unstitched Suits > Formal"
"KAYSERIA-LINEN-V2-3P-JLALCUT-13","Kayseria Digital Printed Bana Dora Linen 3PC — 13 — KAYSERIA-LINEN-V2-3P-JLALCUT-13","Kayseria Digital Printed Bana Dora Linen 3PC — 13 — KAYSERIA-LINEN-V2-3P-JLALCUT-13. 3 Piece unstitched suit by Kayseria. Available to order with Cash on Delivery in Pakistan; final stock is confirmed before dispatch.","in stock","new","3295.00 PKR","https://alhumacollection.com/products/kayseria-linen-v2-3p-jlalcut-13-kayseria-digital-printed-bana-dora-linen-3pc/","https://cdn.shopify.com/s/files/1/0906/1783/9987/files/IMG-0768.jpg?v=1790091520","Kayseria","Women > Unstitched Suits > Formal"
"KAYSERIA-BDLINEN-3P-JLALCUT-14","Kayseria Digital Printed Bana Dora Linen 3PC — 14 — KAYSERIA-BDLINEN-3P-JLALCUT-14","Kayseria Digital Printed Bana Dora Linen 3PC — 14 — KAYSERIA-BDLINEN-3P-JLALCUT-14. 3 Piece unstitched suit by Kayseria. Available to order with Cash on Delivery in Pakistan; final stock is confirmed before dispatch.","in stock","new","3350.00 PKR","https://alhumacollection.com/products/kayseria-bdlinen-3p-jlalcut-14-kayseria-digital-printed-bana-dora-linen-3pc/","https://cdn.shopify.com/s/files/1/0906/1783/9987/files/14_2_d546d062-8163-4117-b582-6e3f48d15826.jpg?v=1787811486","Kayseria","Women > Unstitched Suits > Formal"
"KAYSERIA-LINEN-V2-3P-JLALCUT-14","Kayseria Digital Printed Bana Dora Linen 3PC — 14 — KAYSERIA-LINEN-V2-3P-JLALCUT-14","Kayseria Digital Printed Bana Dora Linen 3PC — 14 — KAYSERIA-LINEN-V2-3P-JLALCUT-14. 3 Piece unstitched suit by Kayseria. Available to order with Cash on Delivery in Pakistan; final stock is confirmed before dispatch.","in stock","new","3295.00 PKR","https://alhumacollection.com/products/kayseria-linen-v2-3p-jlalcut-14-kayseria-digital-printed-bana-dora-linen-3pc/","https://cdn.shopify.com/s/files/1/0906/1783/9987/files/IMG-0748.jpg?v=1790090963","Kayseria","Women > Unstitched Suits > Formal"
"KAYSERIA-LINEN-V2-3P-JLALCUT-15","Kayseria Digital Printed Bana Dora Linen 3PC — 15","Kayseria Digital Printed Bana Dora Linen 3PC — 15. 3 Piece unstitched suit by Kayseria. Available to order with Cash on Delivery in Pakistan; final stock is confirmed before dispatch.","in stock","new","3295.00 PKR","https://alhumacollection.com/products/kayseria-linen-v2-3p-jlalcut-15-kayseria-digital-printed-bana-dora-linen-3pc/","https://cdn.shopify.com/s/files/1/0906/1783/9987/files/IMG-0746.jpg?v=1790090893","Kayseria","Women > Unstitched Suits > Formal"
"KAYSERIA-LINEN-V2-3P-JLALCUT-16","Kayseria Digital Printed Bana Dora Linen 3PC — 16","Kayseria Digital Printed Bana Dora Linen 3PC — 16. 3 Piece unstitched suit by Kayseria. Available to order with Cash on Delivery in Pakistan; final stock is confirmed before dispatch.","in stock","new","3295.00 PKR","https://alhumacollection.com/products/kayseria-linen-v2-3p-jlalcut-16-kayseria-digital-printed-bana-dora-linen-3pc/","https://cdn.shopify.com/s/files/1/0906/1783/9987/files/IMG-0766.jpg?v=1790090853","Kayseria","Women > Unstitched Suits > Formal"
"KAYSERIA-LINEN-V2-3P-JLALCUT-17","Kayseria Digital Printed Bana Dora Linen 3PC — 17","Kayseria Digital Printed Bana Dora Linen 3PC — 17. 3 Piece unstitched suit by Kayseria. Available to order with Cash on Delivery in Pakistan; final stock is confirmed before dispatch.","in stock","new","3295.00 PKR","https://alhumacollection.com/products/kayseria-linen-v2-3p-jlalcut-17-kayseria-digital-printed-bana-dora-linen-3pc/","https://cdn.shopify.com/s/files/1/0906/1783/9987/files/IMG-0762.jpg?v=1790090816","Kayseria","Women > Unstitched Suits > Formal"
"KAYSERIA-LINEN-V2-3P-JLALCUT-18","Kayseria Digital Printed Bana Dora Linen 3PC — 18","Kayseria Digital Printed Bana Dora Linen 3PC — 18. 3 Piece unstitched suit by Kayseria. Available to order with Cash on Delivery in Pakistan; final stock is confirmed before dispatch.","in stock","new","3295.00 PKR","https://alhumacollection.com/products/kayseria-linen-v2-3p-jlalcut-18-kayseria-digital-printed-bana-dora-linen-3pc/","https://cdn.shopify.com/s/files/1/0906/1783/9987/files/IMG-0770.jpg?v=1790090756","Kayseria","Women > Unstitched Suits > Formal"
"KAYSERIA-BDLINEN-3P-JLALCUT-02","Kayseria Digital Printed Bana Dora Linen 3PC — 2 — KAYSERIA-BDLINEN-3P-JLALCUT-02","Kayseria Digital Printed Bana Dora Linen 3PC — 2 — KAYSERIA-BDLINEN-3P-JLALCUT-02. 3 Piece unstitched suit by Kayseria. Available to order with Cash on Delivery in Pakistan; final stock is confirmed before dispatch.","in stock","new","3350.00 PKR","https://alhumacollection.com/products/kayseria-bdlinen-3p-jlalcut-02-kayseria-digital-printed-bana-dora-linen-3pc/","https://cdn.shopify.com/s/files/1/0906/1783/9987/files/02_2_2843d45e-3143-45ed-af32-f1e5cda1adb9.jpg?v=1787811911","Kayseria","Women > Unstitched Suits > Formal"
"KAYSERIA-LINEN-V2-3P-JLALCUT-02","Kayseria Digital Printed Bana Dora Linen 3PC — 2 — KAYSERIA-LINEN-V2-3P-JLALCUT-02","Kayseria Digital Printed Bana Dora Linen 3PC — 2 — KAYSERIA-LINEN-V2-3P-JLALCUT-02. 3 Piece unstitched suit by Kayseria. Available to order with Cash on Delivery in Pakistan; final stock is confirmed before dispatch.","in stock","new","3295.00 PKR","https://alhumacollection.com/products/kayseria-linen-v2-3p-jlalcut-02-kayseria-digital-printed-bana-dora-linen-3pc/","https://cdn.shopify.com/s/files/1/0906/1783/9987/files/IMG-0780.jpg?v=1790091944","Kayseria","Women > Unstitched Suits > Formal"
"KAYSERIA-LINEN-V2-3P-JLALCUT-03","Kayseria Digital Printed Bana Dora Linen 3PC — 3","Kayseria Digital Printed Bana Dora Linen 3PC — 3. 3 Piece unstitched suit by Kayseria. Available to order with Cash on Delivery in Pakistan; final stock is confirmed before dispatch.","in stock","new","3295.00 PKR","https://alhumacollection.com/products/kayseria-linen-v2-3p-jlalcut-03-kayseria-digital-printed-bana-dora-linen-3pc/","https://cdn.shopify.com/s/files/1/0906/1783/9987/files/IMG-0778.jpg?v=1790091907","Kayseria","Women > Unstitched Suits > Formal"
"KAYSERIA-LINEN-V2-3P-JLALCUT-04","Kayseria Digital Printed Bana Dora Linen 3PC — 4","Kayseria Digital Printed Bana Dora Linen 3PC — 4. 3 Piece unstitched suit by Kayseria. Available to order with Cash on Delivery in Pakistan; final stock is confirmed before dispatch.","in stock","new","3295.00 PKR","https://alhumacollection.com/products/kayseria-linen-v2-3p-jlalcut-04-kayseria-digital-printed-bana-dora-linen-3pc/","https://cdn.shopify.com/s/files/1/0906/1783/9987/files/IMG-0774.jpg?v=1790091875","Kayseria","Women > Unstitched Suits > Formal"
"KAYSERIA-BDLINEN-3P-JLALCUT-05","Kayseria Digital Printed Bana Dora Linen 3PC — 5 — KAYSERIA-BDLINEN-3P-JLALCUT-05","Kayseria Digital Printed Bana Dora Linen 3PC — 5 — KAYSERIA-BDLINEN-3P-JLALCUT-05. 3 Piece unstitched suit by Kayseria. Available to order with Cash on Delivery in Pakistan; final stock is confirmed before dispatch.","in stock","new","3350.00 PKR","https://alhumacollection.com/products/kayseria-bdlinen-3p-jlalcut-05-kayseria-digital-printed-bana-dora-linen-3pc/","https://cdn.shopify.com/s/files/1/0906/1783/9987/files/05_2_7a8e5c16-a289-4297-ab38-0f602d16f64f.jpg?v=1787811811","Kayseria","Women > Unstitched Suits > Formal"
"KAYSERIA-LINEN-V2-3P-JLALCUT-05","Kayseria Digital Printed Bana Dora Linen 3PC — 5 — KAYSERIA-LINEN-V2-3P-JLALCUT-05","Kayseria Digital Printed Bana Dora Linen 3PC — 5 — KAYSERIA-LINEN-V2-3P-JLALCUT-05. 3 Piece unstitched suit by Kayseria. Available to order with Cash on Delivery in Pakistan; final stock is confirmed before dispatch.","in stock","new","3295.00 PKR","https://alhumacollection.com/products/kayseria-linen-v2-3p-jlalcut-05-kayseria-digital-printed-bana-dora-linen-3pc/","https://cdn.shopify.com/s/files/1/0906/1783/9987/files/IMG-0758.jpg?v=1790091841","Kayseria","Women > Unstitched Suits > Formal"
"KAYSERIA-LINEN-V2-3P-JLALCUT-06","Kayseria Digital Printed Bana Dora Linen 3PC — 6","Kayseria Digital Printed Bana Dora Linen 3PC — 6. 3 Piece unstitched suit by Kayseria. Available to order with Cash on Delivery in Pakistan; final stock is confirmed before dispatch.","in stock","new","3295.00 PKR","https://alhumacollection.com/products/kayseria-linen-v2-3p-jlalcut-06-kayseria-digital-printed-bana-dora-linen-3pc/","https://cdn.shopify.com/s/files/1/0906/1783/9987/files/IMG-0760.jpg?v=1790091818","Kayseria","Women > Unstitched Suits > Formal"
"KAYSERIA-BDLINEN-3P-JLALCUT-07","Kayseria Digital Printed Bana Dora Linen 3PC — 7 — KAYSERIA-BDLINEN-3P-JLALCUT-07","Kayseria Digital Printed Bana Dora Linen 3PC — 7 — KAYSERIA-BDLINEN-3P-JLALCUT-07. 3 Piece unstitched suit by Kayseria. Available to order with Cash on Delivery in Pakistan; final stock is confirmed before dispatch.","in stock","new","3350.00 PKR","https://alhumacollection.com/products/kayseria-bdlinen-3p-jlalcut-07-kayseria-digital-printed-bana-dora-linen-3pc/","https://cdn.shopify.com/s/files/1/0906/1783/9987/files/07_2_3dab3163-e08a-4a17-9659-e1cdc818d548.jpg?v=1787811751","Kayseria","Women > Unstitched Suits > Formal"
"KAYSERIA-LINEN-V2-3P-JLALCUT-07","Kayseria Digital Printed Bana Dora Linen 3PC — 7 — KAYSERIA-LINEN-V2-3P-JLALCUT-07","Kayseria Digital Printed Bana Dora Linen 3PC — 7 — KAYSERIA-LINEN-V2-3P-JLALCUT-07. 3 Piece unstitched suit by Kayseria. Available to order with Cash on Delivery in Pakistan; final stock is confirmed before dispatch.","in stock","new","3295.00 PKR","https://alhumacollection.com/products/kayseria-linen-v2-3p-jlalcut-07-kayseria-digital-printed-bana-dora-linen-3pc/","https://cdn.shopify.com/s/files/1/0906/1783/9987/files/IMG-0776.jpg?v=1790091793","Kayseria","Women > Unstitched Suits > Formal"
"KAYSERIA-LINEN-V2-3P-JLALCUT-08","Kayseria Digital Printed Bana Dora Linen 3PC — 8","Kayseria Digital Printed Bana Dora Linen 3PC — 8. 3 Piece unstitched suit by Kayseria. Available to order with Cash on Delivery in Pakistan; final stock is confirmed before dispatch.","in stock","new","3295.00 PKR","https://alhumacollection.com/products/kayseria-linen-v2-3p-jlalcut-08-kayseria-digital-printed-bana-dora-linen-3pc/","https://cdn.shopify.com/s/files/1/0906/1783/9987/files/IMG-0754.jpg?v=1790091752","Kayseria","Women > Unstitched Suits > Formal"
"KAYSERIA-BDLINEN-3P-JLALCUT-09","Kayseria Digital Printed Bana Dora Linen 3PC — 9 — KAYSERIA-BDLINEN-3P-JLALCUT-09","Kayseria Digital Printed Bana Dora Linen 3PC — 9 — KAYSERIA-BDLINEN-3P-JLALCUT-09. 3 Piece unstitched suit by Kayseria. Available to order with Cash on Delivery in Pakistan; final stock is confirmed before dispatch.","in stock","new","3350.00 PKR","https://alhumacollection.com/products/kayseria-bdlinen-3p-jlalcut-09-kayseria-digital-printed-bana-dora-linen-3pc/","https://cdn.shopify.com/s/files/1/0906/1783/9987/files/09_2_9b48dbfd-7dea-4404-bde9-f3a369cda43f.jpg?v=1787811346","Kayseria","Women > Unstitched Suits > Formal"
"KAYSERIA-LINEN-V2-3P-JLALCUT-09","Kayseria Digital Printed Bana Dora Linen 3PC — 9 — KAYSERIA-LINEN-V2-3P-JLALCUT-09","Kayseria Digital Printed Bana Dora Linen 3PC — 9 — KAYSERIA-LINEN-V2-3P-JLALCUT-09. 3 Piece unstitched suit by Kayseria. Available to order with Cash on Delivery in Pakistan; final stock is confirmed before dispatch.","in stock","new","3295.00 PKR","https://alhumacollection.com/products/kayseria-linen-v2-3p-jlalcut-09-kayseria-digital-printed-bana-dora-linen-3pc/","https://cdn.shopify.com/s/files/1/0906/1783/9987/files/IMG-0752.jpg?v=1790091703","Kayseria","Women > Unstitched Suits > Formal"
"LAAM-DHNK-3P-EHT-2034","Laam Emb Dhanak 3PC — 2034","Laam Emb Dhanak 3PC — 2034. 3 Piece unstitched suit by Laam. Available to order with Cash on Delivery in Pakistan; final stock is confirmed before dispatch.","in stock","new","6200.00 PKR","https://alhumacollection.com/products/laam-dhnk-3p-eht-2034-laam-emb-dhanak-3pc/","https://cdn.shopify.com/s/files/1/0906/1783/9987/files/LNF.50.BLACK.1_750x1262_1f39840b-fb5d-4f53-93b9-ff30f4b6fa23.webp?v=1790411721","Laam","Women > Unstitched Suits > Formal"
"AFREEN-LALA-HM-PRNT-10","Afreen By Lala Airjet Printed Lawn 3PC — 10","Afreen By Lala Airjet Printed Lawn 3PC — 10. 3 Piece unstitched suit by Lala. Available to order with Cash on Delivery in Pakistan; final stock is confirmed before dispatch.","in stock","new","2990.00 PKR","https://alhumacollection.com/products/afreen-lala-hm-prnt-10-afreen-by-lala-airjet-printed-lawn-3pc/","https://cdn.shopify.com/s/files/1/0906/1783/9987/files/img19-Copy_1d0ea099-4fd0-4294-800c-877c52bb1b24.jpg?v=1787466534","Lala","Women > Unstitched Suits > Formal"
"AFREEN-LALA-HM-PRNT-07","Afreen By Lala Airjet Printed Lawn 3PC — 7","Afreen By Lala Airjet Printed Lawn 3PC — 7. 3 Piece unstitched suit by Lala. Available to order with Cash on Delivery in Pakistan; final stock is confirmed before dispatch.","in stock","new","2990.00 PKR","https://alhumacollection.com/products/afreen-lala-hm-prnt-07-afreen-by-lala-airjet-printed-lawn-3pc/","https://cdn.shopify.com/s/files/1/0906/1783/9987/files/img79_6d148c6d-d0bf-4d11-a392-a87c356646a8.jpg?v=1787466176","Lala","Women > Unstitched Suits > Formal"
"LIBAAS-DHNK-3P-EHT-2035","Libaas Emb Dhanak 3PC — 2035","Libaas Emb Dhanak 3PC — 2035. 3 Piece unstitched suit by Libaas. Available to order with Cash on Delivery in Pakistan; final stock is confirmed before dispatch.","in stock","new","6200.00 PKR","https://alhumacollection.com/products/libaas-dhnk-3p-eht-2035-libaas-emb-dhanak-3pc/","https://cdn.shopify.com/s/files/1/0906/1783/9987/files/Gemini_Generated_Image_381n8i381n8i381n.jpg?v=1790413203","Libaas","Women > Unstitched Suits > Formal"
"LIMELIGHT-2PLWN-V2-ABR-01","Limelight Digital Printed All Over Two Piece Lawn 2PC — 1","Limelight Digital Printed All Over Two Piece Lawn 2PC — 1. 2 Piece unstitched suit by Limelight. Available to order with Cash on Delivery in Pakistan; final stock is confirmed before dispatch.","in stock","new","2195.00 PKR","https://alhumacollection.com/products/limelight-2plwn-v2-abr-01-limelight-digital-printed-all-over-two-piece-lawn-2pc/","https://cdn.shopify.com/s/files/1/0906/1783/9987/files/lime-01.jpg?v=1786790951","Limelight","Women > Unstitched Suits > Formal"
"LIMELIGHT-2PLWN-V2-ABR-11","Limelight Digital Printed All Over Two Piece Lawn 2PC — 11","Limelight Digital Printed All Over Two Piece Lawn 2PC — 11. 2 Piece unstitched suit by Limelight. Available to order with Cash on Delivery in Pakistan; final stock is confirmed before dispatch.","in stock","new","2195.00 PKR","https://alhumacollection.com/products/limelight-2plwn-v2-abr-11-limelight-digital-printed-all-over-two-piece-lawn-2pc/","https://cdn.shopify.com/s/files/1/0906/1783/9987/files/lime-11.jpg?v=1786720911","Limelight","Women > Unstitched Suits > Formal"
"LIMELIGHT-2PLWN-V2-ABR-12","Limelight Digital Printed All Over Two Piece Lawn 2PC — 12","Limelight Digital Printed All Over Two Piece Lawn 2PC — 12. 2 Piece unstitched suit by Limelight. Available to order with Cash on Delivery in Pakistan; final stock is confirmed before dispatch.","in stock","new","2195.00 PKR","https://alhumacollection.com/products/limelight-2plwn-v2-abr-12-limelight-digital-printed-all-over-two-piece-lawn-2pc/","https://cdn.shopify.com/s/files/1/0906/1783/9987/files/lime-12.jpg?v=1786792318","Limelight","Women > Unstitched Suits > Formal"
"LIMELIGHT-2PLWN-V2-ABR-02","Limelight Digital Printed All Over Two Piece Lawn 2PC — 2","Limelight Digital Printed All Over Two Piece Lawn 2PC — 2. 2 Piece unstitched suit by Limelight. Available to order with Cash on Delivery in Pakistan; final stock is confirmed before dispatch.","in stock","new","2195.00 PKR","https://alhumacollection.com/products/limelight-2plwn-v2-abr-02-limelight-digital-printed-all-over-two-piece-lawn-2pc/","https://cdn.shopify.com/s/files/1/0906/1783/9987/files/lime-02.jpg?v=1786732064","Limelight","Women > Unstitched Suits > Formal"
"LIMELIGHT-2PLWN-V2-ABR-03","Limelight Digital Printed All Over Two Piece Lawn 2PC — 3","Limelight Digital Printed All Over Two Piece Lawn 2PC — 3. 2 Piece unstitched suit by Limelight. Available to order with Cash on Delivery in Pakistan; final stock is confirmed before dispatch.","in stock","new","2195.00 PKR","https://alhumacollection.com/products/limelight-2plwn-v2-abr-03-limelight-digital-printed-all-over-two-piece-lawn-2pc/","https://cdn.shopify.com/s/files/1/0906/1783/9987/files/lime-03.jpg?v=1786791010","Limelight","Women > Unstitched Suits > Formal"
"LIMELIGHT-2PLWN-V2-ABR-05","Limelight Digital Printed All Over Two Piece Lawn 2PC — 5","Limelight Digital Printed All Over Two Piece Lawn 2PC — 5. 2 Piece unstitched suit by Limelight. Available to order with Cash on Delivery in Pakistan; final stock is confirmed before dispatch.","in stock","new","2195.00 PKR","https://alhumacollection.com/products/limelight-2plwn-v2-abr-05-limelight-digital-printed-all-over-two-piece-lawn-2pc/","https://cdn.shopify.com/s/files/1/0906/1783/9987/files/lime-05.jpg?v=1786791428","Limelight","Women > Unstitched Suits > Formal"
"LIMELIGHT-2PLWN-V2-ABR-06","Limelight Digital Printed All Over Two Piece Lawn 2PC — 6","Limelight Digital Printed All Over Two Piece Lawn 2PC — 6. 2 Piece unstitched suit by Limelight. Available to order with Cash on Delivery in Pakistan; final stock is confirmed before dispatch.","in stock","new","2195.00 PKR","https://alhumacollection.com/products/limelight-2plwn-v2-abr-06-limelight-digital-printed-all-over-two-piece-lawn-2pc/","https://cdn.shopify.com/s/files/1/0906/1783/9987/files/lime-06.jpg?v=1786791077","Limelight","Women > Unstitched Suits > Formal"
"LIMELIGHT-U4300SU-3PC-489","Limelight Printed Lawn 3PC — 489","Limelight Printed Lawn 3PC — 489. 3 Piece unstitched suit by Limelight. Available to order with Cash on Delivery in Pakistan; final stock is confirmed before dispatch.","in stock","new","3750.00 PKR","https://alhumacollection.com/products/limelight-u4300su-3pc-489-limelight-printed-lawn-3pc/","https://cdn.shopify.com/s/files/1/0906/1783/9987/files/4300-489_1.webp?v=1772312587","Limelight","Women > Unstitched Suits > Formal"
"LIMELIGHT-U4387SU-3PC-565","Limelight Printed Lawn 3PC — 565","Limelight Printed Lawn 3PC — 565. 3 Piece unstitched suit by Limelight. Available to order with Cash on Delivery in Pakistan; final stock is confirmed before dispatch.","in stock","new","3750.00 PKR","https://alhumacollection.com/products/limelight-u4387su-3pc-565-limelight-printed-lawn-3pc/","https://cdn.shopify.com/s/files/1/0906/1783/9987/files/4387-565_1.webp?v=1772309904","Limelight","Women > Unstitched Suits > Formal"
"MAHIRA-LKLWN-V1-3P-FAR-01","Mahira Essential Printed & Emb Laserkari Lawn 3PC — 1","Mahira Essential Printed & Emb Laserkari Lawn 3PC — 1. 3 Piece unstitched suit by Mahira. Available to order with Cash on Delivery in Pakistan; final stock is confirmed before dispatch.","in stock","new","5250.00 PKR","https://alhumacollection.com/products/mahira-lklwn-v1-3p-far-01-mahira-essential-printed-and-emb-laserkari-lawn-3pc/","https://cdn.shopify.com/s/files/1/0906/1783/9987/files/WhatsAppImage2026-08-15at8.11.05PM_10.jpg?v=1786809077","Mahira","Women > Unstitched Suits > Formal"
"MAHIRA-LKLWN-V1-3P-FAR-16","Mahira Essential Printed & Emb Laserkari Lawn 3PC — 16","Mahira Essential Printed & Emb Laserkari Lawn 3PC — 16. 3 Piece unstitched suit by Mahira. Available to order with Cash on Delivery in Pakistan; final stock is confirmed before dispatch.","in stock","new","5195.00 PKR","https://alhumacollection.com/products/mahira-lklwn-v1-3p-far-16-mahira-essential-printed-and-emb-laserkari-lawn-3pc/","https://cdn.shopify.com/s/files/1/0906/1783/9987/files/WhatsAppImage2026-08-15at8.11.05PM.jpg?v=1786808554","Mahira","Women > Unstitched Suits > Formal"
"MAHIRA-LKLWN-V1-3P-FAR-08","Mahira Essential Printed & Emb Laserkari Lawn 3PC — 8","Mahira Essential Printed & Emb Laserkari Lawn 3PC — 8. 3 Piece unstitched suit by Mahira. Available to order with Cash on Delivery in Pakistan; final stock is confirmed before dispatch.","in stock","new","5250.00 PKR","https://alhumacollection.com/products/mahira-lklwn-v1-3p-far-08-mahira-essential-printed-and-emb-laserkari-lawn-3pc/","https://cdn.shopify.com/s/files/1/0906/1783/9987/files/WhatsAppImage2026-08-15at8.11.05PM_14.jpg?v=1786809294","Mahira","Women > Unstitched Suits > Formal"
"ANAYA-MHN-LWN-3P-ANA-008","Anaya By Mahnur | Vol-1 | Lawn'26 — ANA-008","Anaya By Mahnur | Vol-1 | Lawn'26 — ANA-008. 3 Piece unstitched suit by Mahnur. Available to order with Cash on Delivery in Pakistan; final stock is confirmed before dispatch.","in stock","new","6993.00 PKR","https://alhumacollection.com/products/anaya-mhn-lwn-3p-ana-008-anaya-by-mahnur-vol-1-lawn-26/","https://cdn.shopify.com/s/files/1/0906/1783/9987/files/56_88e04308-6b61-40c0-bd7a-bd06ed67d1c2.jpg?v=1783158983","Mahnur","Women > Unstitched Suits > Luxury"
"JAHAAN-MHNR-3P-MJ-02","Jahaan By Mahnur | Lawn'26 — MJ-02","Jahaan By Mahnur | Lawn'26 — MJ-02. 3 Piece unstitched suit by Mahnur. Available to order with Cash on Delivery in Pakistan; final stock is confirmed before dispatch.","in stock","new","7743.00 PKR","https://alhumacollection.com/products/jahaan-mhnr-3p-mj-02-jahaan-by-mahnur-lawn-26/","https://cdn.shopify.com/s/files/1/0906/1783/9987/files/2_a3e24943-5f25-4e79-b0d8-1f925fda20ea.jpg?v=1783158104","Mahnur","Women > Unstitched Suits > Luxury"
"JAHAAN-MHNR-3P-MJ-03","Jahaan By Mahnur | Lawn'26 — MJ-03","Jahaan By Mahnur | Lawn'26 — MJ-03. 3 Piece unstitched suit by Mahnur. Available to order with Cash on Delivery in Pakistan; final stock is confirmed before dispatch.","in stock","new","7743.00 PKR","https://alhumacollection.com/products/jahaan-mhnr-3p-mj-03-jahaan-by-mahnur-lawn-26/","https://cdn.shopify.com/s/files/1/0906/1783/9987/files/17_f7f85cf7-3c81-46c9-ad30-01ad3c92130c.jpg?v=1783158102","Mahnur","Women > Unstitched Suits > Luxury"
"JAHAAN-MHNR-3P-MJ-05","Jahaan By Mahnur | Lawn'26 — MJ-05","Jahaan By Mahnur | Lawn'26 — MJ-05. 3 Piece unstitched suit by Mahnur. Available to order with Cash on Delivery in Pakistan; final stock is confirmed before dispatch.","in stock","new","7743.00 PKR","https://alhumacollection.com/products/jahaan-mhnr-3p-mj-05-jahaan-by-mahnur-lawn-26/","https://cdn.shopify.com/s/files/1/0906/1783/9987/files/23_662efc19-0d4b-4fee-a102-1ffeef4742ec.jpg?v=1783158103","Mahnur","Women > Unstitched Suits > Luxury"
"JAHAAN-MHNR-3P-MJ-09","Jahaan By Mahnur | Lawn'26 — MJ-09","Jahaan By Mahnur | Lawn'26 — MJ-09. 3 Piece unstitched suit by Mahnur. Available to order with Cash on Delivery in Pakistan; final stock is confirmed before dispatch.","in stock","new","7743.00 PKR","https://alhumacollection.com/products/jahaan-mhnr-3p-mj-09-jahaan-by-mahnur-lawn-26/","https://cdn.shopify.com/s/files/1/0906/1783/9987/files/20_466c54ac-0b99-4aeb-9b9d-c2870c9bcc71.jpg?v=1783158094","Mahnur","Women > Unstitched Suits > Luxury"
"LEILA-MHN-LWN-L-02","Leila By Mahnur | Lawn'26 — L-02","Leila By Mahnur | Lawn'26 — L-02. 3 Piece unstitched suit by Mahnur. Available to order with Cash on Delivery in Pakistan; final stock is confirmed before dispatch.","in stock","new","8118.00 PKR","https://alhumacollection.com/products/leila-mhn-lwn-l-02-leila-by-mahnur-lawn-26/","https://cdn.shopify.com/s/files/1/0906/1783/9987/files/31_1b81a1dc-8f3b-4a25-a3e1-7e6ea69c4b33.jpg?v=1783158512","Mahnur","Women > Unstitched Suits > Luxury"
"LEILA-MHN-LWN-L-10","Leila By Mahnur | Lawn'26 — L-10","Leila By Mahnur | Lawn'26 — L-10. 3 Piece unstitched suit by Mahnur. Available to order with Cash on Delivery in Pakistan; final stock is confirmed before dispatch.","in stock","new","8118.00 PKR","https://alhumacollection.com/products/leila-mhn-lwn-l-10-leila-by-mahnur-lawn-26/","https://cdn.shopify.com/s/files/1/0906/1783/9987/files/25_e0fc744f-042d-4bab-8936-bbf72992681a.jpg?v=1783158498","Mahnur","Women > Unstitched Suits > Luxury"
"MAHNUR-DHNK-3P-EHT-2032","Mahnur Emb Dhanak 3PC — 2032","Mahnur Emb Dhanak 3PC — 2032. 3 Piece unstitched suit by Mahnur. Available to order with Cash on Delivery in Pakistan; final stock is confirmed before dispatch.","in stock","new","6200.00 PKR","https://alhumacollection.com/products/mahnur-dhnk-3p-eht-2032-mahnur-emb-dhanak-3pc/","https://cdn.shopify.com/s/files/1/0906/1783/9987/files/F-02_7.webp?v=1790410263","Mahnur","Women > Unstitched Suits > Formal"
"NILOFER-MHN-LWN-NL-01","Nilofer By Mahnur | Lawn'26 — NL-01","Nilofer By Mahnur | Lawn'26 — NL-01. 3 Piece unstitched suit by Mahnur. Available to order with Cash on Delivery in Pakistan; final stock is confirmed before dispatch.","in stock","new","9993.00 PKR","https://alhumacollection.com/products/nilofer-mhn-lwn-nl-01-nilofer-by-mahnur-lawn-26/","https://cdn.shopify.com/s/files/1/0906/1783/9987/files/35_90a166d7-c1e9-4db5-9369-4d2f6146003e.jpg?v=1783157938","Mahnur","Women > Unstitched Suits > Luxury"
"NILOFER-MHN-LWN-NL-05","Nilofer By Mahnur | Lawn'26 — NL-05","Nilofer By Mahnur | Lawn'26 — NL-05. 3 Piece unstitched suit by Mahnur. Available to order with Cash on Delivery in Pakistan; final stock is confirmed before dispatch.","in stock","new","9993.00 PKR","https://alhumacollection.com/products/nilofer-mhn-lwn-nl-05-nilofer-by-mahnur-lawn-26/","https://cdn.shopify.com/s/files/1/0906/1783/9987/files/15_5281ec86-60d7-4650-8fc7-2bc55652b373.jpg?v=1783157931","Mahnur","Women > Unstitched Suits > Luxury"
"NILOFER-MHN-LWN-NL-06","Nilofer By Mahnur | Lawn'26 — NL-06","Nilofer By Mahnur | Lawn'26 — NL-06. 3 Piece unstitched suit by Mahnur. Available to order with Cash on Delivery in Pakistan; final stock is confirmed before dispatch.","in stock","new","9993.00 PKR","https://alhumacollection.com/products/nilofer-mhn-lwn-nl-06-nilofer-by-mahnur-lawn-26/","https://cdn.shopify.com/s/files/1/0906/1783/9987/files/19_b32f8086-d9f4-4ab4-b4ae-dda1f9dc47c6.jpg?v=1783157933","Mahnur","Women > Unstitched Suits > Luxury"
"NILOFER-MHN-LWN-NL-09","Nilofer By Mahnur | Lawn'26 — NL-09","Nilofer By Mahnur | Lawn'26 — NL-09. 3 Piece unstitched suit by Mahnur. Available to order with Cash on Delivery in Pakistan; final stock is confirmed before dispatch.","in stock","new","9993.00 PKR","https://alhumacollection.com/products/nilofer-mhn-lwn-nl-09-nilofer-by-mahnur-lawn-26/","https://cdn.shopify.com/s/files/1/0906/1783/9987/files/39_f581e224-23c8-458a-b8e5-999276d8d508.jpg?v=1783157921","Mahnur","Women > Unstitched Suits > Luxury"
"NOVA-PRSHY-KHD-NV-01","Nova By Mahnur | Khaddar'26 — NV-01","Nova By Mahnur | Khaddar'26 — NV-01. 3 Piece unstitched suit by Mahnur. Available to order with Cash on Delivery in Pakistan; final stock is confirmed before dispatch.","in stock","new","9790.00 PKR","https://alhumacollection.com/products/nova-prshy-khd-nv-01-nova-by-mahnur-khaddar-26/","https://cdn.shopify.com/s/files/1/0906/1783/9987/files/9_21709700-203d-4823-82fa-57c6efc98a03.jpg?v=1790171484","Mahnur","Women > Unstitched Suits > Luxury"
"NOVA-PRSHY-KHD-NV-02","Nova By Mahnur | Khaddar'26 — NV-02","Nova By Mahnur | Khaddar'26 — NV-02. 3 Piece unstitched suit by Mahnur. Available to order with Cash on Delivery in Pakistan; final stock is confirmed before dispatch.","in stock","new","9790.00 PKR","https://alhumacollection.com/products/nova-prshy-khd-nv-02-nova-by-mahnur-khaddar-26/","https://cdn.shopify.com/s/files/1/0906/1783/9987/files/33_afec7800-0ed4-4bfe-b20b-05d7ce1822e8.jpg?v=1790171511","Mahnur","Women > Unstitched Suits > Luxury"
"NOVA-PRSHY-KHD-NV-03","Nova By Mahnur | Khaddar'26 — NV-03","Nova By Mahnur | Khaddar'26 — NV-03. 3 Piece unstitched suit by Mahnur. Available to order with Cash on Delivery in Pakistan; final stock is confirmed before dispatch.","in stock","new","9790.00 PKR","https://alhumacollection.com/products/nova-prshy-khd-nv-03-nova-by-mahnur-khaddar-26/","https://cdn.shopify.com/s/files/1/0906/1783/9987/files/49_c691eca1-dcda-41bb-b618-3f30ffb60aaf.jpg?v=1790171526","Mahnur","Women > Unstitched Suits > Luxury"
"NOVA-PRSHY-KHD-NV-04","Nova By Mahnur | Khaddar'26 — NV-04","Nova By Mahnur | Khaddar'26 — NV-04. 3 Piece unstitched suit by Mahnur. Available to order with Cash on Delivery in Pakistan; final stock is confirmed before dispatch.","in stock","new","9790.00 PKR","https://alhumacollection.com/products/nova-prshy-khd-nv-04-nova-by-mahnur-khaddar-26/","https://cdn.shopify.com/s/files/1/0906/1783/9987/files/26_361f32de-4dbd-433f-854c-50812be72c28.jpg?v=1790171545","Mahnur","Women > Unstitched Suits > Luxury"
"NOVA-PRSHY-KHD-NV-05","Nova By Mahnur | Khaddar'26 — NV-05","Nova By Mahnur | Khaddar'26 — NV-05. 3 Piece unstitched suit by Mahnur. Available to order with Cash on Delivery in Pakistan; final stock is confirmed before dispatch.","in stock","new","9790.00 PKR","https://alhumacollection.com/products/nova-prshy-khd-nv-05-nova-by-mahnur-khaddar-26/","https://cdn.shopify.com/s/files/1/0906/1783/9987/files/6_57632c73-adf2-4c6a-8b90-9395b25aac3c.jpg?v=1790171565","Mahnur","Women > Unstitched Suits > Luxury"
"NOVA-PRSHY-KHD-NV-07","Nova By Mahnur | Khaddar'26 — NV-07","Nova By Mahnur | Khaddar'26 — NV-07. 3 Piece unstitched suit by Mahnur. Available to order with Cash on Delivery in Pakistan; final stock is confirmed before dispatch.","in stock","new","9790.00 PKR","https://alhumacollection.com/products/nova-prshy-khd-nv-07-nova-by-mahnur-khaddar-26/","https://cdn.shopify.com/s/files/1/0906/1783/9987/files/17_d42cda10-175b-47d1-8816-7487e8f889c6.jpg?v=1790172658","Mahnur","Women > Unstitched Suits > Luxury"
"NOVA-PRSHY-KHD-NV-08","Nova By Mahnur | Khaddar'26 — NV-08","Nova By Mahnur | Khaddar'26 — NV-08. 3 Piece unstitched suit by Mahnur. Available to order with Cash on Delivery in Pakistan; final stock is confirmed before dispatch.","in stock","new","9790.00 PKR","https://alhumacollection.com/products/nova-prshy-khd-nv-08-nova-by-mahnur-khaddar-26/","https://cdn.shopify.com/s/files/1/0906/1783/9987/files/1_11829b13-6e13-4faa-a1f4-59eb16bdcb9f.jpg?v=1790171658","Mahnur","Women > Unstitched Suits > Luxury"
"NOVA-PRSHY-KHD-NV-09","Nova By Mahnur | Khaddar'26 — NV-09","Nova By Mahnur | Khaddar'26 — NV-09. 3 Piece unstitched suit by Mahnur. Available to order with Cash on Delivery in Pakistan; final stock is confirmed before dispatch.","in stock","new","9790.00 PKR","https://alhumacollection.com/products/nova-prshy-khd-nv-09-nova-by-mahnur-khaddar-26/","https://cdn.shopify.com/s/files/1/0906/1783/9987/files/41_cf2a029b-bb67-4f42-99e3-732ec4ef5490.jpg?v=1790171676","Mahnur","Women > Unstitched Suits > Luxury"
"NOVA-PRSHY-KHD-NV-10","Nova By Mahnur | Khaddar'26 — NV-10","Nova By Mahnur | Khaddar'26 — NV-10. 3 Piece unstitched suit by Mahnur. Available to order with Cash on Delivery in Pakistan; final stock is confirmed before dispatch.","in stock","new","9790.00 PKR","https://alhumacollection.com/products/nova-prshy-khd-nv-10-nova-by-mahnur-khaddar-26/","https://cdn.shopify.com/s/files/1/0906/1783/9987/files/14_33fed569-9bc4-411b-9d00-a0c96e29aa71.jpg?v=1790171701","Mahnur","Women > Unstitched Suits > Luxury"
"NOVA-PRSHY-KHD-NV-11","Nova By Mahnur | Khaddar'26 — NV-11","Nova By Mahnur | Khaddar'26 — NV-11. 3 Piece unstitched suit by Mahnur. Available to order with Cash on Delivery in Pakistan; final stock is confirmed before dispatch.","in stock","new","9790.00 PKR","https://alhumacollection.com/products/nova-prshy-khd-nv-11-nova-by-mahnur-khaddar-26/","https://cdn.shopify.com/s/files/1/0906/1783/9987/files/45_8683fc90-dd89-4dec-a8e4-4cbdd27eec32.jpg?v=1790171722","Mahnur","Women > Unstitched Suits > Luxury"
"NOVA-PRSHY-KHD-NV-12","Nova By Mahnur | Khaddar'26 — NV-12","Nova By Mahnur | Khaddar'26 — NV-12. 3 Piece unstitched suit by Mahnur. Available to order with Cash on Delivery in Pakistan; final stock is confirmed before dispatch.","in stock","new","9790.00 PKR","https://alhumacollection.com/products/nova-prshy-khd-nv-12-nova-by-mahnur-khaddar-26/","https://cdn.shopify.com/s/files/1/0906/1783/9987/files/22_79728e73-6d12-4c1f-b453-438d5c13431c.jpg?v=1790171744","Mahnur","Women > Unstitched Suits > Luxury"
"NOVA-PRSHY-KHD-NV-13","Nova By Mahnur | Khaddar'26 — NV-13","Nova By Mahnur | Khaddar'26 — NV-13. 3 Piece unstitched suit by Mahnur. Available to order with Cash on Delivery in Pakistan; final stock is confirmed before dispatch.","in stock","new","9790.00 PKR","https://alhumacollection.com/products/nova-prshy-khd-nv-13-nova-by-mahnur-khaddar-26/","https://cdn.shopify.com/s/files/1/0906/1783/9987/files/30_b6c0e970-8377-4ab3-8d82-b9151d881e74.jpg?v=1790171768","Mahnur","Women > Unstitched Suits > Luxury"
"NOVA-PRSHY-KHD-NV-14","Nova By Mahnur | Khaddar'26 — NV-14","Nova By Mahnur | Khaddar'26 — NV-14. 3 Piece unstitched suit by Mahnur. Available to order with Cash on Delivery in Pakistan; final stock is confirmed before dispatch.","in stock","new","9790.00 PKR","https://alhumacollection.com/products/nova-prshy-khd-nv-14-nova-by-mahnur-khaddar-26/","https://cdn.shopify.com/s/files/1/0906/1783/9987/files/37_d3e795e6-6b63-4daf-aa98-d21dee8fee6a.jpg?v=1790171796","Mahnur","Women > Unstitched Suits > Luxury"
"SAGE-PRSHY-VISC-3P-IM-02","Sage By Mahnur | Winter'26 — IM-02","Sage By Mahnur | Winter'26 — IM-02. 3 Piece unstitched suit by Mahnur. Available to order with Cash on Delivery in Pakistan; final stock is confirmed before dispatch.","in stock","new","8990.00 PKR","https://alhumacollection.com/products/sage-prshy-visc-3p-im-02-sage-by-mahnur-winter-26/","https://cdn.shopify.com/s/files/1/0906/1783/9987/files/02_1_fc24df0c-5462-47a2-bef8-da507844db16.webp?v=1789741636","Mahnur","Women > Unstitched Suits > Luxury"
"SAGE-PRSHY-VISC-3P-IM-04","Sage By Mahnur | Winter'26 — IM-04","Sage By Mahnur | Winter'26 — IM-04. 3 Piece unstitched suit by Mahnur. Available to order with Cash on Delivery in Pakistan; final stock is confirmed before dispatch.","in stock","new","8990.00 PKR","https://alhumacollection.com/products/sage-prshy-visc-3p-im-04-sage-by-mahnur-winter-26/","https://cdn.shopify.com/s/files/1/0906/1783/9987/files/04_13.webp?v=1789741498","Mahnur","Women > Unstitched Suits > Luxury"
"SAGE-PRSHY-VISC-3P-IM-05","Sage By Mahnur | Winter'26 — IM-05","Sage By Mahnur | Winter'26 — IM-05. 3 Piece unstitched suit by Mahnur. Available to order with Cash on Delivery in Pakistan; final stock is confirmed before dispatch.","in stock","new","8990.00 PKR","https://alhumacollection.com/products/sage-prshy-visc-3p-im-05-sage-by-mahnur-winter-26/","https://cdn.shopify.com/s/files/1/0906/1783/9987/files/05_1_4aba1780-a9d4-4644-9fd9-6f929a96d493.webp?v=1789741388","Mahnur","Women > Unstitched Suits > Luxury"
"SAGE-PRSHY-VISC-3P-IM-06","Sage By Mahnur | Winter'26 — IM-06","Sage By Mahnur | Winter'26 — IM-06. 3 Piece unstitched suit by Mahnur. Available to order with Cash on Delivery in Pakistan; final stock is confirmed before dispatch.","in stock","new","8990.00 PKR","https://alhumacollection.com/products/sage-prshy-visc-3p-im-06-sage-by-mahnur-winter-26/","https://cdn.shopify.com/s/files/1/0906/1783/9987/files/06_1_f1e5479c-5e66-4fa5-8d27-4c4e60bdc611.webp?v=1789741350","Mahnur","Women > Unstitched Suits > Luxury"
"SAGE-PRSHY-VISC-3P-IM-07","Sage By Mahnur | Winter'26 — IM-07","Sage By Mahnur | Winter'26 — IM-07. 3 Piece unstitched suit by Mahnur. Available to order with Cash on Delivery in Pakistan; final stock is confirmed before dispatch.","in stock","new","8990.00 PKR","https://alhumacollection.com/products/sage-prshy-visc-3p-im-07-sage-by-mahnur-winter-26/","https://cdn.shopify.com/s/files/1/0906/1783/9987/files/07_1_4d308caf-09cc-4b2a-8226-04064f3f058c.webp?v=1789741327","Mahnur","Women > Unstitched Suits > Luxury"
"SAGE-PRSHY-VISC-3P-IM-08","Sage By Mahnur | Winter'26 — IM-08","Sage By Mahnur | Winter'26 — IM-08. 3 Piece unstitched suit by Mahnur. Available to order with Cash on Delivery in Pakistan; final stock is confirmed before dispatch.","in stock","new","8990.00 PKR","https://alhumacollection.com/products/sage-prshy-visc-3p-im-08-sage-by-mahnur-winter-26/","https://cdn.shopify.com/s/files/1/0906/1783/9987/files/08_1_42b5ab0c-9fa2-43a8-9936-8fb42ec55d70.webp?v=1789741255","Mahnur","Women > Unstitched Suits > Luxury"
"SAGE-PRSHY-VISC-3P-IM-09","Sage By Mahnur | Winter'26 — IM-09","Sage By Mahnur | Winter'26 — IM-09. 3 Piece unstitched suit by Mahnur. Available to order with Cash on Delivery in Pakistan; final stock is confirmed before dispatch.","in stock","new","8990.00 PKR","https://alhumacollection.com/products/sage-prshy-visc-3p-im-09-sage-by-mahnur-winter-26/","https://cdn.shopify.com/s/files/1/0906/1783/9987/files/09_1_67b36ff8-ada8-4584-a23a-3f37a3e0c9ec.webp?v=1789741293","Mahnur","Women > Unstitched Suits > Luxury"
"SAGE-PRSHY-VISC-3P-IM-10","Sage By Mahnur | Winter'26 — IM-10","Sage By Mahnur | Winter'26 — IM-10. 3 Piece unstitched suit by Mahnur. Available to order with Cash on Delivery in Pakistan; final stock is confirmed before dispatch.","in stock","new","8990.00 PKR","https://alhumacollection.com/products/sage-prshy-visc-3p-im-10-sage-by-mahnur-winter-26/","https://cdn.shopify.com/s/files/1/0906/1783/9987/files/10_7_2fa403d3-4ca9-48d0-a602-ed5a1dd20be1.webp?v=1789741212","Mahnur","Women > Unstitched Suits > Luxury"
"SAGE-PRSHY-VISC-3P-IM-11","Sage By Mahnur | Winter'26 — IM-11","Sage By Mahnur | Winter'26 — IM-11. 3 Piece unstitched suit by Mahnur. Available to order with Cash on Delivery in Pakistan; final stock is confirmed before dispatch.","in stock","new","8990.00 PKR","https://alhumacollection.com/products/sage-prshy-visc-3p-im-11-sage-by-mahnur-winter-26/","https://cdn.shopify.com/s/files/1/0906/1783/9987/files/11_1_fb86da85-4c68-4571-a1f5-254e982b6193.webp?v=1789741172","Mahnur","Women > Unstitched Suits > Luxury"
"SAGE-PRSHY-VISC-3P-IM-12","Sage By Mahnur | Winter'26 — IM-12","Sage By Mahnur | Winter'26 — IM-12. 3 Piece unstitched suit by Mahnur. Available to order with Cash on Delivery in Pakistan; final stock is confirmed before dispatch.","in stock","new","8990.00 PKR","https://alhumacollection.com/products/sage-prshy-visc-3p-im-12-sage-by-mahnur-winter-26/","https://cdn.shopify.com/s/files/1/0906/1783/9987/files/12_1_94f5659a-632c-406c-97c1-e7b273b776a9.webp?v=1789741135","Mahnur","Women > Unstitched Suits > Luxury"
"SAGE-PRSHY-VISC-3P-IM-13","Sage By Mahnur | Winter'26 — IM-13","Sage By Mahnur | Winter'26 — IM-13. 3 Piece unstitched suit by Mahnur. Available to order with Cash on Delivery in Pakistan; final stock is confirmed before dispatch.","in stock","new","8990.00 PKR","https://alhumacollection.com/products/sage-prshy-visc-3p-im-13-sage-by-mahnur-winter-26/","https://cdn.shopify.com/s/files/1/0906/1783/9987/files/13_5.webp?v=1789741058","Mahnur","Women > Unstitched Suits > Luxury"
"SAGE-PRSHY-VISC-3P-IM-15","Sage By Mahnur | Winter'26 — IM-15","Sage By Mahnur | Winter'26 — IM-15. 3 Piece unstitched suit by Mahnur. Available to order with Cash on Delivery in Pakistan; final stock is confirmed before dispatch.","in stock","new","8990.00 PKR","https://alhumacollection.com/products/sage-prshy-visc-3p-im-15-sage-by-mahnur-winter-26/","https://cdn.shopify.com/s/files/1/0906/1783/9987/files/15_8.webp?v=1789741023","Mahnur","Women > Unstitched Suits > Luxury"
"SAGE-PRSHY-VISC-3P-IM-16","Sage By Mahnur | Winter'26 — IM-16","Sage By Mahnur | Winter'26 — IM-16. 3 Piece unstitched suit by Mahnur. Available to order with Cash on Delivery in Pakistan; final stock is confirmed before dispatch.","in stock","new","8990.00 PKR","https://alhumacollection.com/products/sage-prshy-visc-3p-im-16-sage-by-mahnur-winter-26/","https://cdn.shopify.com/s/files/1/0906/1783/9987/files/16_8.webp?v=1789740964","Mahnur","Women > Unstitched Suits > Luxury"
"SHANAYA-LWN-3P-SH-09","Shanaya By Mahnur Vol-2 | Lawn'26 — SH-09","Shanaya By Mahnur Vol-2 | Lawn'26 — SH-09. 3 Piece unstitched suit by Mahnur. Available to order with Cash on Delivery in Pakistan; final stock is confirmed before dispatch.","in stock","new","9242.00 PKR","https://alhumacollection.com/products/shanaya-lwn-3p-sh-09-shanaya-by-mahnur-vol-2-lawn-26/","https://cdn.shopify.com/s/files/1/0906/1783/9987/files/SH-09_8.webp?v=1783158438","Mahnur","Women > Unstitched Suits > Luxury"
"SHANAYA-LWN-3P-SH-10","Shanaya By Mahnur Vol-2 | Lawn'26 — SH-10","Shanaya By Mahnur Vol-2 | Lawn'26 — SH-10. 3 Piece unstitched suit by Mahnur. Available to order with Cash on Delivery in Pakistan; final stock is confirmed before dispatch.","in stock","new","9242.00 PKR","https://alhumacollection.com/products/shanaya-lwn-3p-sh-10-shanaya-by-mahnur-vol-2-lawn-26/","https://cdn.shopify.com/s/files/1/0906/1783/9987/files/12_33cf6564-700d-4bd1-b87f-ad92997adf7e.jpg?v=1783158436","Mahnur","Women > Unstitched Suits > Luxury"
"SHANAYA-LWN-3P-SH-13","Shanaya By Mahnur Vol-2 | Lawn'26 — SH-13","Shanaya By Mahnur Vol-2 | Lawn'26 — SH-13. 3 Piece unstitched suit by Mahnur. Available to order with Cash on Delivery in Pakistan; final stock is confirmed before dispatch.","in stock","new","9242.00 PKR","https://alhumacollection.com/products/shanaya-lwn-3p-sh-13-shanaya-by-mahnur-vol-2-lawn-26/","https://cdn.shopify.com/s/files/1/0906/1783/9987/files/24_932fc8cb-b189-4e42-87c4-03177e6e9695.jpg?v=1783158432","Mahnur","Women > Unstitched Suits > Luxury"
"SIRENE-LWN-3P-S-05","Sirene By Mahnur | Lawn'26 — S-05","Sirene By Mahnur | Lawn'26 — S-05. 3 Piece unstitched suit by Mahnur. Available to order with Cash on Delivery in Pakistan; final stock is confirmed before dispatch.","in stock","new","12993.00 PKR","https://alhumacollection.com/products/sirene-lwn-3p-s-05-sirene-by-mahnur-lawn-26/","https://cdn.shopify.com/s/files/1/0906/1783/9987/files/29_633d12e3-6392-48c6-bf65-999e10ff1e9e.jpg?v=1783158776","Mahnur","Women > Unstitched Suits > Luxury"
"SIRENE-LWN-3P-S-12","Sirene By Mahnur | Lawn'26 — S-12","Sirene By Mahnur | Lawn'26 — S-12. 3 Piece unstitched suit by Mahnur. Available to order with Cash on Delivery in Pakistan; final stock is confirmed before dispatch.","in stock","new","12993.00 PKR","https://alhumacollection.com/products/sirene-lwn-3p-s-12-sirene-by-mahnur-lawn-26/","https://cdn.shopify.com/s/files/1/0906/1783/9987/files/52_626f208d-7157-4892-98e0-32508ae33ca2.jpg?v=1783158762","Mahnur","Women > Unstitched Suits > Luxury"
"MALHAR-LINEN-3PV1-HM-NOOR-1","Malhaar Digital Printed Linen 3PC — 1","Malhaar Digital Printed Linen 3PC — 1. 3 Piece unstitched suit by Malhaar. Available to order with Cash on Delivery in Pakistan; final stock is confirmed before dispatch.","in stock","new","3495.00 PKR","https://alhumacollection.com/products/malhar-linen-3pv1-hm-noor-1-malhaar-digital-printed-linen-3pc/","https://cdn.shopify.com/s/files/1/0906/1783/9987/files/01_6cad41f4-700a-4b5d-bcc0-973537d6dc2c.jpg?v=1788270765","Malhaar","Women > Unstitched Suits > Formal"
"MALHAR-LINEN-3PV1-HM-BAHAR-10","Malhaar Digital Printed Linen 3PC — 10","Malhaar Digital Printed Linen 3PC — 10. 3 Piece unstitched suit by Malhaar. Available to order with Cash on Delivery in Pakistan; final stock is confirmed before dispatch.","in stock","new","3495.00 PKR","https://alhumacollection.com/products/malhar-linen-3pv1-hm-bahar-10-malhaar-digital-printed-linen-3pc/","https://cdn.shopify.com/s/files/1/0906/1783/9987/files/10_2_4fda176e-594c-4370-9967-72968757e1bd.jpg?v=1788270661","Malhaar","Women > Unstitched Suits > Formal"
"MALHAR-LINEN-3PV1-HM-NAZNIN-11","Malhaar Digital Printed Linen 3PC — 11","Malhaar Digital Printed Linen 3PC — 11. 3 Piece unstitched suit by Malhaar. Available to order with Cash on Delivery in Pakistan; final stock is confirmed before dispatch.","in stock","new","3495.00 PKR","https://alhumacollection.com/products/malhar-linen-3pv1-hm-naznin-11-malhaar-digital-printed-linen-3pc/","https://cdn.shopify.com/s/files/1/0906/1783/9987/files/11_2_136d95ac-8e0c-4a78-9bcf-1e0fdcf2bd1c.jpg?v=1788270630","Malhaar","Women > Unstitched Suits > Formal"
"MALHAR-LINEN-3PV1-HM-FRIYA-2","Malhaar Digital Printed Linen 3PC — 2","Malhaar Digital Printed Linen 3PC — 2. 3 Piece unstitched suit by Malhaar. Available to order with Cash on Delivery in Pakistan; final stock is confirmed before dispatch.","in stock","new","3495.00 PKR","https://alhumacollection.com/products/malhar-linen-3pv1-hm-friya-2-malhaar-digital-printed-linen-3pc/","https://cdn.shopify.com/s/files/1/0906/1783/9987/files/02_2_e47db306-b478-4dd5-9af7-cc2204ffd7e5.jpg?v=1788270788","Malhaar","Women > Unstitched Suits > Formal"
"MALHAR-LINEN-3PV1-HM-LEILA-3","Malhaar Digital Printed Linen 3PC — 3","Malhaar Digital Printed Linen 3PC — 3. 3 Piece unstitched suit by Malhaar. Available to order with Cash on Delivery in Pakistan; final stock is confirmed before dispatch.","in stock","new","3495.00 PKR","https://alhumacollection.com/products/malhar-linen-3pv1-hm-leila-3-malhaar-digital-printed-linen-3pc/","https://cdn.shopify.com/s/files/1/0906/1783/9987/files/03_f23b8948-6924-4450-b97a-3d5e3843dd8f.jpg?v=1788270814","Malhaar","Women > Unstitched Suits > Formal"
"MALHAR-LINEN-3PV1-HM-AFREEN-4","Malhaar Digital Printed Linen 3PC — 4","Malhaar Digital Printed Linen 3PC — 4. 3 Piece unstitched suit by Malhaar. Available to order with Cash on Delivery in Pakistan; final stock is confirmed before dispatch.","in stock","new","3495.00 PKR","https://alhumacollection.com/products/malhar-linen-3pv1-hm-afreen-4-malhaar-digital-printed-linen-3pc/","https://cdn.shopify.com/s/files/1/0906/1783/9987/files/04_2_1aefa586-505a-4ed9-87db-9897207e49b2.jpg?v=1788270863","Malhaar","Women > Unstitched Suits > Formal"
"MALHAR-LINEN-3PV1-HM-ARIANA-5","Malhaar Digital Printed Linen 3PC — 5","Malhaar Digital Printed Linen 3PC — 5. 3 Piece unstitched suit by Malhaar. Available to order with Cash on Delivery in Pakistan; final stock is confirmed before dispatch.","in stock","new","3495.00 PKR","https://alhumacollection.com/products/malhar-linen-3pv1-hm-ariana-5-malhaar-digital-printed-linen-3pc/","https://cdn.shopify.com/s/files/1/0906/1783/9987/files/05_2_87b5f03e-4360-4ebe-abbf-14b7ca17638e.jpg?v=1788270842","Malhaar","Women > Unstitched Suits > Formal"
"MALHAR-LINEN-3PV1-HM-CYRA-8","Malhaar Digital Printed Linen 3PC — 8","Malhaar Digital Printed Linen 3PC — 8. 3 Piece unstitched suit by Malhaar. Available to order with Cash on Delivery in Pakistan; final stock is confirmed before dispatch.","in stock","new","3495.00 PKR","https://alhumacollection.com/products/malhar-linen-3pv1-hm-cyra-8-malhaar-digital-printed-linen-3pc/","https://cdn.shopify.com/s/files/1/0906/1783/9987/files/08_2_f12c2934-d17b-47ca-a7aa-166a784a1945.jpg?v=1788270740","Malhaar","Women > Unstitched Suits > Formal"
"MARIAB-LWN-WHITE-3P-D-17153","Maria B Digital Printed Lawn With Chiffon Dupatta 3PC — D-17153","Maria B Digital Printed Lawn With Chiffon Dupatta 3PC — D-17153. 3 Piece unstitched suit by Maria B. Available to order with Cash on Delivery in Pakistan; final stock is confirmed before dispatch.","in stock","new","5195.00 PKR","https://alhumacollection.com/products/mariab-lwn-white-3p-d-17153-maria-b-digital-printed-lawn-with-chiffon-dupatta-3pc/","https://cdn.shopify.com/s/files/1/0906/1783/9987/files/D-9AFront_B_319c48bd-b47a-40c1-9212-6ccd32e1d770.jpg?v=1786540982","Maria B","Women > Unstitched Suits > Formal"
"MARIAB-LWN-PURP-3P-D-17154","Maria B Digital Printed Lawn With Chiffon Dupatta 3PC — D-17154","Maria B Digital Printed Lawn With Chiffon Dupatta 3PC — D-17154. 3 Piece unstitched suit by Maria B. Available to order with Cash on Delivery in Pakistan; final stock is confirmed before dispatch.","in stock","new","5195.00 PKR","https://alhumacollection.com/products/mariab-lwn-purp-3p-d-17154-maria-b-digital-printed-lawn-with-chiffon-dupatta-3pc/","https://cdn.shopify.com/s/files/1/0906/1783/9987/files/D-9BSide_C_7722e669-00df-4cc3-8e82-ce668a4104e1.webp?v=1786540728","Maria B","Women > Unstitched Suits > Formal"
"MARIAB-LWN-3P-1890","Maria B Luxury Emb Lawn 3PC — 1890","Maria B Luxury Emb Lawn 3PC — 1890. 3 Piece unstitched suit by Maria B. Available to order with Cash on Delivery in Pakistan; final stock is confirmed before dispatch.","in stock","new","7600.00 PKR","https://alhumacollection.com/products/mariab-lwn-3p-1890-maria-b-luxury-emb-lawn-3pc/","https://cdn.shopify.com/s/files/1/0906/1783/9987/files/Catalogueluxelawn2026_00029.webp?v=1777740305","Maria B","Women > Unstitched Suits > Luxury"
"MARIAB-GREY-3PC-AK20","Maria B Luxury Embroidered Lawn 3PC — GREY","Maria B Luxury Embroidered Lawn 3PC — GREY. 3 Piece unstitched suit by Maria B. Available to order with Cash on Delivery in Pakistan; final stock is confirmed before dispatch.","in stock","new","8500.00 PKR","https://alhumacollection.com/products/mariab-grey-3pc-ak20-maria-b-luxury-embroidered-lawn-3pc/","https://cdn.shopify.com/s/files/1/0906/1783/9987/files/26B92123-FEA0-4563-A5A1-BAB4B76A040A.jpg?v=1783157565","Maria B","Women > Unstitched Suits > Luxury"
"MARIAB-PINK-3PC-AK20","Maria B Luxury Embroidered Lawn 3PC — PINK","Maria B Luxury Embroidered Lawn 3PC — PINK. 3 Piece unstitched suit by Maria B. Available to order with Cash on Delivery in Pakistan; final stock is confirmed before dispatch.","in stock","new","8500.00 PKR","https://alhumacollection.com/products/mariab-pink-3pc-ak20-maria-b-luxury-embroidered-lawn-3pc/","https://cdn.shopify.com/s/files/1/0906/1783/9987/files/58EA6296-AC9E-491C-9482-F7D61D9E8710.jpg?v=1783157565","Maria B","Women > Unstitched Suits > Luxury"
"MB-LWN-3P-BIKRM-1271","Maria B Plain Embroidered Lawn 3PC — 1271","Maria B Plain Embroidered Lawn 3PC — 1271. 3 Piece unstitched suit by Maria B. Available to order with Cash on Delivery in Pakistan; final stock is confirmed before dispatch.","in stock","new","6325.00 PKR","https://alhumacollection.com/products/mb-lwn-3p-bikrm-1271-maria-b-plain-embroidered-lawn-3pc/","https://cdn.shopify.com/s/files/1/0906/1783/9987/files/0064_Layer_14_dd346f68-e6d5-4a9e-b01f-fad05fb90720.webp?v=1782903668","Maria B","Women > Unstitched Suits > Formal"
"MASHAIM-KHD-V1-3P-HM-01","Mashaim Digital Printed Khaddar 3PC — 1","Mashaim Digital Printed Khaddar 3PC — 1. 3 Piece unstitched suit by Mashaim. Available to order with Cash on Delivery in Pakistan; final stock is confirmed before dispatch.","in stock","new","3495.00 PKR","https://alhumacollection.com/products/mashaim-khd-v1-3p-hm-01-mashaim-digital-printed-khaddar-3pc/","https://cdn.shopify.com/s/files/1/0906/1783/9987/files/01_2_4df0a646-d2e2-4b7f-b794-fe525ebb538c.jpg?v=1788183698","Mashaim","Women > Unstitched Suits > Formal"
"MASHAIM-KHD-V1-3P-HM-02","Mashaim Digital Printed Khaddar 3PC — 2","Mashaim Digital Printed Khaddar 3PC — 2. 3 Piece unstitched suit by Mashaim. Available to order with Cash on Delivery in Pakistan; final stock is confirmed before dispatch.","in stock","new","3495.00 PKR","https://alhumacollection.com/products/mashaim-khd-v1-3p-hm-02-mashaim-digital-printed-khaddar-3pc/","https://cdn.shopify.com/s/files/1/0906/1783/9987/files/02_2_3eda5196-a276-4765-834e-f2829fde9fce.jpg?v=1788183720","Mashaim","Women > Unstitched Suits > Formal"
"MASHAIM-KHD-V1-3P-HM-03","Mashaim Digital Printed Khaddar 3PC — 3","Mashaim Digital Printed Khaddar 3PC — 3. 3 Piece unstitched suit by Mashaim. Available to order with Cash on Delivery in Pakistan; final stock is confirmed before dispatch.","in stock","new","3495.00 PKR","https://alhumacollection.com/products/mashaim-khd-v1-3p-hm-03-mashaim-digital-printed-khaddar-3pc/","https://cdn.shopify.com/s/files/1/0906/1783/9987/files/03_1_8ba09f79-7a11-49b4-9c88-8421ed6c1e0f.jpg?v=1788183742","Mashaim","Women > Unstitched Suits > Formal"
"MASHAIM-KHD-V1-3P-HM-07","Mashaim Digital Printed Khaddar 3PC — 7","Mashaim Digital Printed Khaddar 3PC — 7. 3 Piece unstitched suit by Mashaim. Available to order with Cash on Delivery in Pakistan; final stock is confirmed before dispatch.","in stock","new","3495.00 PKR","https://alhumacollection.com/products/mashaim-khd-v1-3p-hm-07-mashaim-digital-printed-khaddar-3pc/","https://cdn.shopify.com/s/files/1/0906/1783/9987/files/07_e156f081-c7a5-4a4d-bf06-724de4baffa7.jpg?v=1788184127","Mashaim","Women > Unstitched Suits > Formal"
"MASHAIM-KHD-V1-3P-HM-08","Mashaim Digital Printed Khaddar 3PC — 8","Mashaim Digital Printed Khaddar 3PC — 8. 3 Piece unstitched suit by Mashaim. Available to order with Cash on Delivery in Pakistan; final stock is confirmed before dispatch.","in stock","new","3495.00 PKR","https://alhumacollection.com/products/mashaim-khd-v1-3p-hm-08-mashaim-digital-printed-khaddar-3pc/","https://cdn.shopify.com/s/files/1/0906/1783/9987/files/08_2_1d41d7bd-c3ef-4af6-94ef-d050e82c8d1d.jpg?v=1788184155","Mashaim","Women > Unstitched Suits > Formal"
"MASHAIM-LIN-V1-3P-HM-01","Mashaim Digital Printed Linen 3PC — 1","Mashaim Digital Printed Linen 3PC — 1. 3 Piece unstitched suit by Mashaim. Available to order with Cash on Delivery in Pakistan; final stock is confirmed before dispatch.","in stock","new","3350.00 PKR","https://alhumacollection.com/products/mashaim-lin-v1-3p-hm-01-mashaim-digital-printed-linen-3pc/","https://cdn.shopify.com/s/files/1/0906/1783/9987/files/1_89deff2b-94eb-4882-b2bb-9740335adf21.jpg?v=1789823916","Mashaim","Women > Unstitched Suits > Formal"
"MASHAIM-LIN-V1-3P-HM-04","Mashaim Digital Printed Linen 3PC — 4","Mashaim Digital Printed Linen 3PC — 4. 3 Piece unstitched suit by Mashaim. Available to order with Cash on Delivery in Pakistan; final stock is confirmed before dispatch.","in stock","new","3350.00 PKR","https://alhumacollection.com/products/mashaim-lin-v1-3p-hm-04-mashaim-digital-printed-linen-3pc/","https://cdn.shopify.com/s/files/1/0906/1783/9987/files/19_b75865dc-9387-4280-ac87-839b826b56ce.jpg?v=1789824054","Mashaim","Women > Unstitched Suits > Formal"
"MASHAIM-LIN-V1-3P-HM-05","Mashaim Digital Printed Linen 3PC — 5","Mashaim Digital Printed Linen 3PC — 5. 3 Piece unstitched suit by Mashaim. Available to order with Cash on Delivery in Pakistan; final stock is confirmed before dispatch.","in stock","new","3350.00 PKR","https://alhumacollection.com/products/mashaim-lin-v1-3p-hm-05-mashaim-digital-printed-linen-3pc/","https://cdn.shopify.com/s/files/1/0906/1783/9987/files/16_5535f4d6-3388-4881-8b58-eae88f3af373.jpg?v=1789824121","Mashaim","Women > Unstitched Suits > Formal"
"MASHAIM-LIN-V1-3P-HM-08","Mashaim Digital Printed Linen 3PC — 8","Mashaim Digital Printed Linen 3PC — 8. 3 Piece unstitched suit by Mashaim. Available to order with Cash on Delivery in Pakistan; final stock is confirmed before dispatch.","in stock","new","3350.00 PKR","https://alhumacollection.com/products/mashaim-lin-v1-3p-hm-08-mashaim-digital-printed-linen-3pc/","https://cdn.shopify.com/s/files/1/0906/1783/9987/files/13_9264b76c-63b2-4efb-a55e-882bd6172f7f.jpg?v=1789824309","Mashaim","Women > Unstitched Suits > Formal"
"MASHAIM-LIN-V1-3P-HM-09","Mashaim Digital Printed Linen 3PC — 9","Mashaim Digital Printed Linen 3PC — 9. 3 Piece unstitched suit by Mashaim. Available to order with Cash on Delivery in Pakistan; final stock is confirmed before dispatch.","in stock","new","3350.00 PKR","https://alhumacollection.com/products/mashaim-lin-v1-3p-hm-09-mashaim-digital-printed-linen-3pc/","https://cdn.shopify.com/s/files/1/0906/1783/9987/files/23_f7db3fad-5072-495e-b9cc-f67c81cbbdd8.jpg?v=1789824362","Mashaim","Women > Unstitched Suits > Formal"
"MAUSUM-KHD-NEPTUNE-3PC-02","Mausummery Digital Printed Khaddar 3PC — 2","Mausummery Digital Printed Khaddar 3PC — 2. 3 Piece unstitched suit by Mausummery. Available to order with Cash on Delivery in Pakistan; final stock is confirmed before dispatch.","in stock","new","5050.00 PKR","https://alhumacollection.com/products/mausum-khd-neptune-3pc-02-mausummery-digital-printed-khaddar-3pc/","https://cdn.shopify.com/s/files/1/0906/1783/9987/files/3CFEE7D3-4972-4F7C-B993-423103834D43.jpg?v=1764169745","Mausummery","Women > Unstitched Suits > Formal"
"MAUSUM-3PLIN-V2-HM-ACONITE-1","Mausummery Digital Printed Linen 3PC — 1 — MAUSUM-3PLIN-V2-HM-ACONITE-1","Mausummery Digital Printed Linen 3PC — 1 — MAUSUM-3PLIN-V2-HM-ACONITE-1. 3 Piece unstitched suit by Mausummery. Available to order with Cash on Delivery in Pakistan; final stock is confirmed before dispatch.","in stock","new","5050.00 PKR","https://alhumacollection.com/products/mausum-3plin-v2-hm-aconite-1-mausummery-digital-printed-linen-3pc/","https://cdn.shopify.com/s/files/1/0906/1783/9987/files/01_2_b4290e5a-41eb-453b-9516-495b48425acd.png?v=1787817535","Mausummery","Women > Unstitched Suits > Formal"
"MAUSUM-V1-AZALEA-3PC-1","Mausummery Digital Printed Linen 3PC — 1 — MAUSUM-V1-AZALEA-3PC-1","Mausummery Digital Printed Linen 3PC — 1 — MAUSUM-V1-AZALEA-3PC-1. 3 Piece unstitched suit by Mausummery. Available to order with Cash on Delivery in Pakistan; final stock is confirmed before dispatch.","in stock","new","5050.00 PKR","https://alhumacollection.com/products/mausum-v1-azalea-3pc-1-mausummery-digital-printed-linen-3pc/","https://cdn.shopify.com/s/files/1/0906/1783/9987/files/8703_2.jpg?v=1786102716","Mausummery","Women > Unstitched Suits > Formal"
"MAUSUM-V1-BEGONIA-3PC-11","Mausummery Digital Printed Linen 3PC — 11","Mausummery Digital Printed Linen 3PC — 11. 3 Piece unstitched suit by Mausummery. Available to order with Cash on Delivery in Pakistan; final stock is confirmed before dispatch.","in stock","new","5050.00 PKR","https://alhumacollection.com/products/mausum-v1-begonia-3pc-11-mausummery-digital-printed-linen-3pc/","https://cdn.shopify.com/s/files/1/0906/1783/9987/files/8751_2.jpg?v=1786102632","Mausummery","Women > Unstitched Suits > Formal"
"MAUSUM-V1-DAISY-3PC-2","Mausummery Digital Printed Linen 3PC — 2 — MAUSUM-V1-DAISY-3PC-2","Mausummery Digital Printed Linen 3PC — 2 — MAUSUM-V1-DAISY-3PC-2. 3 Piece unstitched suit by Mausummery. Available to order with Cash on Delivery in Pakistan; final stock is confirmed before dispatch.","in stock","new","5050.00 PKR","https://alhumacollection.com/products/mausum-v1-daisy-3pc-2-mausummery-digital-printed-linen-3pc/","https://cdn.shopify.com/s/files/1/0906/1783/9987/files/8704_2.jpg?v=1786103124","Mausummery","Women > Unstitched Suits > Formal"
"MAUSUM-3PLIN-V2-HM-SAPPHIRE-2","Mausummery Digital Printed Linen 3PC — 2 — MAUSUM-3PLIN-V2-HM-SAPPHIRE-2","Mausummery Digital Printed Linen 3PC — 2 — MAUSUM-3PLIN-V2-HM-SAPPHIRE-2. 3 Piece unstitched suit by Mausummery. Available to order with Cash on Delivery in Pakistan; final stock is confirmed before dispatch.","in stock","new","5050.00 PKR","https://alhumacollection.com/products/mausum-3plin-v2-hm-sapphire-2-mausummery-digital-printed-linen-3pc/","https://cdn.shopify.com/s/files/1/0906/1783/9987/files/02_2_6cca25de-b785-46a4-8fc7-51d2b84c9886.png?v=1787817498","Mausummery","Women > Unstitched Suits > Formal"
"MAUSUM-3PLIN-V2-HM-CYCLAMEN-3","Mausummery Digital Printed Linen 3PC — 3 — MAUSUM-3PLIN-V2-HM-CYCLAMEN-3","Mausummery Digital Printed Linen 3PC — 3 — MAUSUM-3PLIN-V2-HM-CYCLAMEN-3. 3 Piece unstitched suit by Mausummery. Available to order with Cash on Delivery in Pakistan; final stock is confirmed before dispatch.","in stock","new","5050.00 PKR","https://alhumacollection.com/products/mausum-3plin-v2-hm-cyclamen-3-mausummery-digital-printed-linen-3pc/","https://cdn.shopify.com/s/files/1/0906/1783/9987/files/03_2_1c4e1057-e551-4b8b-99d3-7be17fc29336.png?v=1787817448","Mausummery","Women > Unstitched Suits > Formal"
"MAUSUM-V1-LILY-3PC-3","Mausummery Digital Printed Linen 3PC — 3 — MAUSUM-V1-LILY-3PC-3","Mausummery Digital Printed Linen 3PC — 3 — MAUSUM-V1-LILY-3PC-3. 3 Piece unstitched suit by Mausummery. Available to order with Cash on Delivery in Pakistan; final stock is confirmed before dispatch.","in stock","new","5050.00 PKR","https://alhumacollection.com/products/mausum-v1-lily-3pc-3-mausummery-digital-printed-linen-3pc/","https://cdn.shopify.com/s/files/1/0906/1783/9987/files/8705_2.jpg?v=1786103012","Mausummery","Women > Unstitched Suits > Formal"
"MAUSUM-V1-ALSTROEMERIA-3PC-4","Mausummery Digital Printed Linen 3PC — 4 — MAUSUM-V1-ALSTROEMERIA-3PC-4","Mausummery Digital Printed Linen 3PC — 4 — MAUSUM-V1-ALSTROEMERIA-3PC-4. 3 Piece unstitched suit by Mausummery. Available to order with Cash on Delivery in Pakistan; final stock is confirmed before dispatch.","in stock","new","5050.00 PKR","https://alhumacollection.com/products/mausum-v1-alstroemeria-3pc-4-mausummery-digital-printed-linen-3pc/","https://cdn.shopify.com/s/files/1/0906/1783/9987/files/8706_2.jpg?v=1786102977","Mausummery","Women > Unstitched Suits > Formal"
"MAUSUM-3PLIN-V2-HM-RUBY-4","Mausummery Digital Printed Linen 3PC — 4 — MAUSUM-3PLIN-V2-HM-RUBY-4","Mausummery Digital Printed Linen 3PC — 4 — MAUSUM-3PLIN-V2-HM-RUBY-4. 3 Piece unstitched suit by Mausummery. Available to order with Cash on Delivery in Pakistan; final stock is confirmed before dispatch.","in stock","new","5050.00 PKR","https://alhumacollection.com/products/mausum-3plin-v2-hm-ruby-4-mausummery-digital-printed-linen-3pc/","https://cdn.shopify.com/s/files/1/0906/1783/9987/files/04_2_3a31cd49-4cc6-4809-bf1a-bf43bf8d8dc8.png?v=1787817475","Mausummery","Women > Unstitched Suits > Formal"
"MAUSUM-V1-ALYSSA-3PC-5","Mausummery Digital Printed Linen 3PC — 5 — MAUSUM-V1-ALYSSA-3PC-5","Mausummery Digital Printed Linen 3PC — 5 — MAUSUM-V1-ALYSSA-3PC-5. 3 Piece unstitched suit by Mausummery. Available to order with Cash on Delivery in Pakistan; final stock is confirmed before dispatch.","in stock","new","5050.00 PKR","https://alhumacollection.com/products/mausum-v1-alyssa-3pc-5-mausummery-digital-printed-linen-3pc/","https://cdn.shopify.com/s/files/1/0906/1783/9987/files/8707_2.jpg?v=1786102941","Mausummery","Women > Unstitched Suits > Formal"
"MAUSUM-3PLIN-V2-HM-AMETHYST-5","Mausummery Digital Printed Linen 3PC — 5 — MAUSUM-3PLIN-V2-HM-AMETHYST-5","Mausummery Digital Printed Linen 3PC — 5 — MAUSUM-3PLIN-V2-HM-AMETHYST-5. 3 Piece unstitched suit by Mausummery. Available to order with Cash on Delivery in Pakistan; final stock is confirmed before dispatch.","in stock","new","5050.00 PKR","https://alhumacollection.com/products/mausum-3plin-v2-hm-amethyst-5-mausummery-digital-printed-linen-3pc/","https://cdn.shopify.com/s/files/1/0906/1783/9987/files/05_b573f381-891b-42f0-abe0-839e6499b776.png?v=1787817421","Mausummery","Women > Unstitched Suits > Formal"
"MAUSUM-V1-PEONY-3PC-6","Mausummery Digital Printed Linen 3PC — 6 — MAUSUM-V1-PEONY-3PC-6","Mausummery Digital Printed Linen 3PC — 6 — MAUSUM-V1-PEONY-3PC-6. 3 Piece unstitched suit by Mausummery. Available to order with Cash on Delivery in Pakistan; final stock is confirmed before dispatch.","in stock","new","5050.00 PKR","https://alhumacollection.com/products/mausum-v1-peony-3pc-6-mausummery-digital-printed-linen-3pc/","https://cdn.shopify.com/s/files/1/0906/1783/9987/files/8708_2.jpg?v=1786102900","Mausummery","Women > Unstitched Suits > Formal"
"MAUSUM-3PLIN-V2-HM-FRIYA-6","Mausummery Digital Printed Linen 3PC — 6 — MAUSUM-3PLIN-V2-HM-FRIYA-6","Mausummery Digital Printed Linen 3PC — 6 — MAUSUM-3PLIN-V2-HM-FRIYA-6. 3 Piece unstitched suit by Mausummery. Available to order with Cash on Delivery in Pakistan; final stock is confirmed before dispatch.","in stock","new","5050.00 PKR","https://alhumacollection.com/products/mausum-3plin-v2-hm-friya-6-mausummery-digital-printed-linen-3pc/","https://cdn.shopify.com/s/files/1/0906/1783/9987/files/06_2_2bc2c591-89b6-445b-8223-b81803cebde5.png?v=1787817339","Mausummery","Women > Unstitched Suits > Formal"
"MAUSUM-3PLIN-V2-HM-BERYL-7","Mausummery Digital Printed Linen 3PC — 7 — MAUSUM-3PLIN-V2-HM-BERYL-7","Mausummery Digital Printed Linen 3PC — 7 — MAUSUM-3PLIN-V2-HM-BERYL-7. 3 Piece unstitched suit by Mausummery. Available to order with Cash on Delivery in Pakistan; final stock is confirmed before dispatch.","in stock","new","5050.00 PKR","https://alhumacollection.com/products/mausum-3plin-v2-hm-beryl-7-mausummery-digital-printed-linen-3pc/","https://cdn.shopify.com/s/files/1/0906/1783/9987/files/07_2_d99a04b6-8971-4794-aec5-b0489e0b8ba3.png?v=1787817365","Mausummery","Women > Unstitched Suits > Formal"
"MAUSUM-V1-CALLA-LILY-3PC-7","Mausummery Digital Printed Linen 3PC — 7 — MAUSUM-V1-CALLA-LILY-3PC-7","Mausummery Digital Printed Linen 3PC — 7 — MAUSUM-V1-CALLA-LILY-3PC-7. 3 Piece unstitched suit by Mausummery. Available to order with Cash on Delivery in Pakistan; final stock is confirmed before dispatch.","in stock","new","5050.00 PKR","https://alhumacollection.com/products/mausum-v1-calla-lily-3pc-7-mausummery-digital-printed-linen-3pc/","https://cdn.shopify.com/s/files/1/0906/1783/9987/files/8709_2.jpg?v=1786102838","Mausummery","Women > Unstitched Suits > Formal"
"MAUSUM-V1-IRIS-3PC-9","Mausummery Digital Printed Linen 3PC — 9","Mausummery Digital Printed Linen 3PC — 9. 3 Piece unstitched suit by Mausummery. Available to order with Cash on Delivery in Pakistan; final stock is confirmed before dispatch.","in stock","new","5050.00 PKR","https://alhumacollection.com/products/mausum-v1-iris-3pc-9-mausummery-digital-printed-linen-3pc/","https://cdn.shopify.com/s/files/1/0906/1783/9987/files/8711_2.jpg?v=1786102748","Mausummery","Women > Unstitched Suits > Formal"
"MAUSUM-EMBLWN-AMETHYST-02","Mausummery Embroidered & Printed Lawn 3PC — 2","Mausummery Embroidered & Printed Lawn 3PC — 2. 3 Piece unstitched suit by Mausummery. Available to order with Cash on Delivery in Pakistan; final stock is confirmed before dispatch.","in stock","new","7100.00 PKR","https://alhumacollection.com/products/mausum-emblwn-amethyst-02-mausummery-embroidered-and-printed-lawn-3pc/","https://cdn.shopify.com/s/files/1/0906/1783/9987/files/IMG-0439.jpg?v=1775472559","Mausummery","Women > Unstitched Suits > Luxury"
"MAUSUM-EMBLWN-ORCHID-03","Mausummery Embroidered & Printed Lawn 3PC — 3","Mausummery Embroidered & Printed Lawn 3PC — 3. 3 Piece unstitched suit by Mausummery. Available to order with Cash on Delivery in Pakistan; final stock is confirmed before dispatch.","in stock","new","7100.00 PKR","https://alhumacollection.com/products/mausum-emblwn-orchid-03-mausummery-embroidered-and-printed-lawn-3pc/","https://cdn.shopify.com/s/files/1/0906/1783/9987/files/IMG-0433.jpg?v=1776938392","Mausummery","Women > Unstitched Suits > Luxury"
"MAUSUM-EMBLWN-EMERALD-04","Mausummery Embroidered & Printed Lawn 3PC — 4","Mausummery Embroidered & Printed Lawn 3PC — 4. 3 Piece unstitched suit by Mausummery. Available to order with Cash on Delivery in Pakistan; final stock is confirmed before dispatch.","in stock","new","7100.00 PKR","https://alhumacollection.com/products/mausum-emblwn-emerald-04-mausummery-embroidered-and-printed-lawn-3pc/","https://cdn.shopify.com/s/files/1/0906/1783/9987/files/IMG-0430.jpg?v=1775472681","Mausummery","Women > Unstitched Suits > Luxury"
"MIXBRAND-PRNKHD-2P-BL-106","Mix Brand Digital Printed Allover Khaddar 2PC — 106","Mix Brand Digital Printed Allover Khaddar 2PC — 106. 2 Piece unstitched suit by Mix Brand. Available to order with Cash on Delivery in Pakistan; final stock is confirmed before dispatch.","in stock","new","2095.00 PKR","https://alhumacollection.com/products/mixbrand-prnkhd-2p-bl-106-mix-brand-digital-printed-allover-khaddar-2pc/","https://cdn.shopify.com/s/files/1/0906/1783/9987/files/IMG_0270.jpg?v=1789480895","Mix Brand","Women > Unstitched Suits > Formal"
"MIXBRAND-PRNKHD-2P-BL-109","Mix Brand Digital Printed Allover Khaddar 2PC — 109","Mix Brand Digital Printed Allover Khaddar 2PC — 109. 2 Piece unstitched suit by Mix Brand. Available to order with Cash on Delivery in Pakistan; final stock is confirmed before dispatch.","in stock","new","2095.00 PKR","https://alhumacollection.com/products/mixbrand-prnkhd-2p-bl-109-mix-brand-digital-printed-allover-khaddar-2pc/","https://cdn.shopify.com/s/files/1/0906/1783/9987/files/WhatsAppImage2026-09-14at6.56.30PM_2.jpg?v=1789397066","Mix Brand","Women > Unstitched Suits > Formal"
"MIXBRAND-PRNKHD-2P-BL-111","Mix Brand Digital Printed Allover Khaddar 2PC — 111","Mix Brand Digital Printed Allover Khaddar 2PC — 111. 2 Piece unstitched suit by Mix Brand. Available to order with Cash on Delivery in Pakistan; final stock is confirmed before dispatch.","in stock","new","2095.00 PKR","https://alhumacollection.com/products/mixbrand-prnkhd-2p-bl-111-mix-brand-digital-printed-allover-khaddar-2pc/","https://cdn.shopify.com/s/files/1/0906/1783/9987/files/WhatsAppImage2026-09-15at5.18.56PM.jpg?v=1789475088","Mix Brand","Women > Unstitched Suits > Formal"
"MIXBRAND-PRNKHD-2P-BL-12","Mix Brand Digital Printed Allover Khaddar 2PC — 12","Mix Brand Digital Printed Allover Khaddar 2PC — 12. 2 Piece unstitched suit by Mix Brand. Available to order with Cash on Delivery in Pakistan; final stock is confirmed before dispatch.","in stock","new","2095.00 PKR","https://alhumacollection.com/products/mixbrand-prnkhd-2p-bl-12-mix-brand-digital-printed-allover-khaddar-2pc/","https://cdn.shopify.com/s/files/1/0906/1783/9987/files/12_fccdf75b-4387-4d9f-92f5-0318d32ce549.jpg?v=1789230302","Mix Brand","Women > Unstitched Suits > Formal"
"MIXBRAND-PRNKHD-2P-BL-14","Mix Brand Digital Printed Allover Khaddar 2PC — 14","Mix Brand Digital Printed Allover Khaddar 2PC — 14. 2 Piece unstitched suit by Mix Brand. Available to order with Cash on Delivery in Pakistan; final stock is confirmed before dispatch.","in stock","new","2095.00 PKR","https://alhumacollection.com/products/mixbrand-prnkhd-2p-bl-14-mix-brand-digital-printed-allover-khaddar-2pc/","https://cdn.shopify.com/s/files/1/0906/1783/9987/files/14_1b9c6c89-a8c2-452d-8ad2-b6d8491b613d.jpg?v=1789230241","Mix Brand","Women > Unstitched Suits > Formal"
"MIXBRAND-PRNKHD-2P-BL-143","Mix Brand Digital Printed Allover Khaddar 2PC — 143","Mix Brand Digital Printed Allover Khaddar 2PC — 143. 2 Piece unstitched suit by Mix Brand. Available to order with Cash on Delivery in Pakistan; final stock is confirmed before dispatch.","in stock","new","2095.00 PKR","https://alhumacollection.com/products/mixbrand-prnkhd-2p-bl-143-mix-brand-digital-printed-allover-khaddar-2pc/","https://cdn.shopify.com/s/files/1/0906/1783/9987/files/WhatsAppImage2026-09-14at2.10.34PM_1.jpg?v=1789398504","Mix Brand","Women > Unstitched Suits > Formal"
"MIXBRAND-PRNKHD-2P-BL-144","Mix Brand Digital Printed Allover Khaddar 2PC — 144","Mix Brand Digital Printed Allover Khaddar 2PC — 144. 2 Piece unstitched suit by Mix Brand. Available to order with Cash on Delivery in Pakistan; final stock is confirmed before dispatch.","in stock","new","2095.00 PKR","https://alhumacollection.com/products/mixbrand-prnkhd-2p-bl-144-mix-brand-digital-printed-allover-khaddar-2pc/","https://cdn.shopify.com/s/files/1/0906/1783/9987/files/IMG_0281_a178ff8b-f989-494f-aaa2-b2129f342003.jpg?v=1789481696","Mix Brand","Women > Unstitched Suits > Formal"
"MIXBRAND-PRNKHD-2P-BL-15","Mix Brand Digital Printed Allover Khaddar 2PC — 15","Mix Brand Digital Printed Allover Khaddar 2PC — 15. 2 Piece unstitched suit by Mix Brand. Available to order with Cash on Delivery in Pakistan; final stock is confirmed before dispatch.","in stock","new","2095.00 PKR","https://alhumacollection.com/products/mixbrand-prnkhd-2p-bl-15-mix-brand-digital-printed-allover-khaddar-2pc/","https://cdn.shopify.com/s/files/1/0906/1783/9987/files/15_7674f0a2-a762-434e-9232-e8cc4dbc48b8.jpg?v=1789230269","Mix Brand","Women > Unstitched Suits > Formal"
"MIXBRAND-PRNKHD-2P-BL-155","Mix Brand Digital Printed Allover Khaddar 2PC — 155","Mix Brand Digital Printed Allover Khaddar 2PC — 155. 2 Piece unstitched suit by Mix Brand. Available to order with Cash on Delivery in Pakistan; final stock is confirmed before dispatch.","in stock","new","2095.00 PKR","https://alhumacollection.com/products/mixbrand-prnkhd-2p-bl-155-mix-brand-digital-printed-allover-khaddar-2pc/","https://cdn.shopify.com/s/files/1/0906/1783/9987/files/IMG_0254.jpg?v=1789479831","Mix Brand","Women > Unstitched Suits > Formal"
"MIXBRAND-PRNKHD-2P-BL-159","Mix Brand Digital Printed Allover Khaddar 2PC — 159","Mix Brand Digital Printed Allover Khaddar 2PC — 159. 2 Piece unstitched suit by Mix Brand. Available to order with Cash on Delivery in Pakistan; final stock is confirmed before dispatch.","in stock","new","2095.00 PKR","https://alhumacollection.com/products/mixbrand-prnkhd-2p-bl-159-mix-brand-digital-printed-allover-khaddar-2pc/","https://cdn.shopify.com/s/files/1/0906/1783/9987/files/WhatsAppImage2026-09-14at6.56.29PM.jpg?v=1789397383","Mix Brand","Women > Unstitched Suits > Formal"
"MIXBRAND-PRNKHD-2P-BL-18","Mix Brand Digital Printed Allover Khaddar 2PC — 18","Mix Brand Digital Printed Allover Khaddar 2PC — 18. 2 Piece unstitched suit by Mix Brand. Available to order with Cash on Delivery in Pakistan; final stock is confirmed before dispatch.","in stock","new","2095.00 PKR","https://alhumacollection.com/products/mixbrand-prnkhd-2p-bl-18-mix-brand-digital-printed-allover-khaddar-2pc/","https://cdn.shopify.com/s/files/1/0906/1783/9987/files/18_ea27658f-1975-4d48-8276-5a7fa41f9522.jpg?v=1789230170","Mix Brand","Women > Unstitched Suits > Formal"
"MIXBRAND-PRNKHD-2P-BL-181","Mix Brand Digital Printed Allover Khaddar 2PC — 181","Mix Brand Digital Printed Allover Khaddar 2PC — 181. 2 Piece unstitched suit by Mix Brand. Available to order with Cash on Delivery in Pakistan; final stock is confirmed before dispatch.","in stock","new","2095.00 PKR","https://alhumacollection.com/products/mixbrand-prnkhd-2p-bl-181-mix-brand-digital-printed-allover-khaddar-2pc/","https://cdn.shopify.com/s/files/1/0906/1783/9987/files/IMG_0242.jpg?v=1789479018","Mix Brand","Women > Unstitched Suits > Formal"
"MIXBRAND-PRNKHD-2P-BL-186","Mix Brand Digital Printed Allover Khaddar 2PC — 186","Mix Brand Digital Printed Allover Khaddar 2PC — 186. 2 Piece unstitched suit by Mix Brand. Available to order with Cash on Delivery in Pakistan; final stock is confirmed before dispatch.","in stock","new","2095.00 PKR","https://alhumacollection.com/products/mixbrand-prnkhd-2p-bl-186-mix-brand-digital-printed-allover-khaddar-2pc/","https://cdn.shopify.com/s/files/1/0906/1783/9987/files/WhatsAppImage2026-09-14at2.08.50PM_1.jpg?v=1789401180","Mix Brand","Women > Unstitched Suits > Formal"
"MIXBRAND-PRNKHD-2P-BL-201","Mix Brand Digital Printed Allover Khaddar 2PC — 201","Mix Brand Digital Printed Allover Khaddar 2PC — 201. 2 Piece unstitched suit by Mix Brand. Available to order with Cash on Delivery in Pakistan; final stock is confirmed before dispatch.","in stock","new","2095.00 PKR","https://alhumacollection.com/products/mixbrand-prnkhd-2p-bl-201-mix-brand-digital-printed-allover-khaddar-2pc/","https://cdn.shopify.com/s/files/1/0906/1783/9987/files/IMG_0306.jpg?v=1789735754","Mix Brand","Women > Unstitched Suits > Formal"
"MIXBRAND-PRNKHD-2P-BL-203","Mix Brand Digital Printed Allover Khaddar 2PC — 203","Mix Brand Digital Printed Allover Khaddar 2PC — 203. 2 Piece unstitched suit by Mix Brand. Available to order with Cash on Delivery in Pakistan; final stock is confirmed before dispatch.","in stock","new","2095.00 PKR","https://alhumacollection.com/products/mixbrand-prnkhd-2p-bl-203-mix-brand-digital-printed-allover-khaddar-2pc/","https://cdn.shopify.com/s/files/1/0906/1783/9987/files/IMG_0302.jpg?v=1789735649","Mix Brand","Women > Unstitched Suits > Formal"
"MIXBRAND-PRNKHD-2P-BL-204","Mix Brand Digital Printed Allover Khaddar 2PC — 204","Mix Brand Digital Printed Allover Khaddar 2PC — 204. 2 Piece unstitched suit by Mix Brand. Available to order with Cash on Delivery in Pakistan; final stock is confirmed before dispatch.","in stock","new","2095.00 PKR","https://alhumacollection.com/products/mixbrand-prnkhd-2p-bl-204-mix-brand-digital-printed-allover-khaddar-2pc/","https://cdn.shopify.com/s/files/1/0906/1783/9987/files/IMG_0307.jpg?v=1789735671","Mix Brand","Women > Unstitched Suits > Formal"
"MIXBRAND-PRNKHD-2P-BL-205","Mix Brand Digital Printed Allover Khaddar 2PC — 205","Mix Brand Digital Printed Allover Khaddar 2PC — 205. 2 Piece unstitched suit by Mix Brand. Available to order with Cash on Delivery in Pakistan; final stock is confirmed before dispatch.","in stock","new","2095.00 PKR","https://alhumacollection.com/products/mixbrand-prnkhd-2p-bl-205-mix-brand-digital-printed-allover-khaddar-2pc/","https://cdn.shopify.com/s/files/1/0906/1783/9987/files/IMG_0303.jpg?v=1789735573","Mix Brand","Women > Unstitched Suits > Formal"
"MIXBRAND-PRNKHD-2P-BL-209","Mix Brand Digital Printed Allover Khaddar 2PC — 209","Mix Brand Digital Printed Allover Khaddar 2PC — 209. 2 Piece unstitched suit by Mix Brand. Available to order with Cash on Delivery in Pakistan; final stock is confirmed before dispatch.","in stock","new","2095.00 PKR","https://alhumacollection.com/products/mixbrand-prnkhd-2p-bl-209-mix-brand-digital-printed-allover-khaddar-2pc/","https://cdn.shopify.com/s/files/1/0906/1783/9987/files/IMG_0317.jpg?v=1789735484","Mix Brand","Women > Unstitched Suits > Formal"
"MIXBRAND-PRNKHD-2P-BL-21","Mix Brand Digital Printed Allover Khaddar 2PC — 21","Mix Brand Digital Printed Allover Khaddar 2PC — 21. 2 Piece unstitched suit by Mix Brand. Available to order with Cash on Delivery in Pakistan; final stock is confirmed before dispatch.","in stock","new","2095.00 PKR","https://alhumacollection.com/products/mixbrand-prnkhd-2p-bl-21-mix-brand-digital-printed-allover-khaddar-2pc/","https://cdn.shopify.com/s/files/1/0906/1783/9987/files/21_d4d014a2-af64-4c5a-b7e4-da6cdd30dee9.jpg?v=1789230153","Mix Brand","Women > Unstitched Suits > Formal"
"MIXBRAND-PRNKHD-2P-BL-217","Mix Brand Digital Printed Allover Khaddar 2PC — 217","Mix Brand Digital Printed Allover Khaddar 2PC — 217. 2 Piece unstitched suit by Mix Brand. Available to order with Cash on Delivery in Pakistan; final stock is confirmed before dispatch.","in stock","new","2095.00 PKR","https://alhumacollection.com/products/mixbrand-prnkhd-2p-bl-217-mix-brand-digital-printed-allover-khaddar-2pc/","https://cdn.shopify.com/s/files/1/0906/1783/9987/files/IMG_0308.jpg?v=1789735055","Mix Brand","Women > Unstitched Suits > Formal"
"MIXBRAND-PRNKHD-2P-BL-22","Mix Brand Digital Printed Allover Khaddar 2PC — 22","Mix Brand Digital Printed Allover Khaddar 2PC — 22. 2 Piece unstitched suit by Mix Brand. Available to order with Cash on Delivery in Pakistan; final stock is confirmed before dispatch.","in stock","new","2095.00 PKR","https://alhumacollection.com/products/mixbrand-prnkhd-2p-bl-22-mix-brand-digital-printed-allover-khaddar-2pc/","https://cdn.shopify.com/s/files/1/0906/1783/9987/files/22_711b3f61-6cd1-4ec8-a1b8-9c897c34d733.jpg?v=1789230087","Mix Brand","Women > Unstitched Suits > Formal"
"MIXBRAND-PRNKHD-2P-BL-226","Mix Brand Digital Printed Allover Khaddar 2PC — 226","Mix Brand Digital Printed Allover Khaddar 2PC — 226. 2 Piece unstitched suit by Mix Brand. Available to order with Cash on Delivery in Pakistan; final stock is confirmed before dispatch.","in stock","new","2095.00 PKR","https://alhumacollection.com/products/mixbrand-prnkhd-2p-bl-226-mix-brand-digital-printed-allover-khaddar-2pc/","https://cdn.shopify.com/s/files/1/0906/1783/9987/files/IMG_0336.jpg?v=1789745876","Mix Brand","Women > Unstitched Suits > Formal"
"MIXBRAND-PRNKHD-2P-BL-227","Mix Brand Digital Printed Allover Khaddar 2PC — 227","Mix Brand Digital Printed Allover Khaddar 2PC — 227. 2 Piece unstitched suit by Mix Brand. Available to order with Cash on Delivery in Pakistan; final stock is confirmed before dispatch.","in stock","new","2095.00 PKR","https://alhumacollection.com/products/mixbrand-prnkhd-2p-bl-227-mix-brand-digital-printed-allover-khaddar-2pc/","https://cdn.shopify.com/s/files/1/0906/1783/9987/files/IMG_0333.jpg?v=1789745801","Mix Brand","Women > Unstitched Suits > Formal"
"MIXBRAND-PRNKHD-2P-BL-229","Mix Brand Digital Printed Allover Khaddar 2PC — 229","Mix Brand Digital Printed Allover Khaddar 2PC — 229. 2 Piece unstitched suit by Mix Brand. Available to order with Cash on Delivery in Pakistan; final stock is confirmed before dispatch.","in stock","new","2095.00 PKR","https://alhumacollection.com/products/mixbrand-prnkhd-2p-bl-229-mix-brand-digital-printed-allover-khaddar-2pc/","https://cdn.shopify.com/s/files/1/0906/1783/9987/files/IMG_0335.jpg?v=1789745653","Mix Brand","Women > Unstitched Suits > Formal"
"MIXBRAND-PRNKHD-2P-BL-233","Mix Brand Digital Printed Allover Khaddar 2PC — 233","Mix Brand Digital Printed Allover Khaddar 2PC — 233. 2 Piece unstitched suit by Mix Brand. Available to order with Cash on Delivery in Pakistan; final stock is confirmed before dispatch.","in stock","new","2095.00 PKR","https://alhumacollection.com/products/mixbrand-prnkhd-2p-bl-233-mix-brand-digital-printed-allover-khaddar-2pc/","https://cdn.shopify.com/s/files/1/0906/1783/9987/files/IMG_0348.jpg?v=1789745520","Mix Brand","Women > Unstitched Suits > Formal"
"MIXBRAND-PRNKHD-2P-BL-236","Mix Brand Digital Printed Allover Khaddar 2PC — 236","Mix Brand Digital Printed Allover Khaddar 2PC — 236. 2 Piece unstitched suit by Mix Brand. Available to order with Cash on Delivery in Pakistan; final stock is confirmed before dispatch.","in stock","new","2095.00 PKR","https://alhumacollection.com/products/mixbrand-prnkhd-2p-bl-236-mix-brand-digital-printed-allover-khaddar-2pc/","https://cdn.shopify.com/s/files/1/0906/1783/9987/files/IMG_0343.jpg?v=1789745289","Mix Brand","Women > Unstitched Suits > Formal"
"MIXBRAND-PRNKHD-2P-BL-237","Mix Brand Digital Printed Allover Khaddar 2PC — 237","Mix Brand Digital Printed Allover Khaddar 2PC — 237. 2 Piece unstitched suit by Mix Brand. Available to order with Cash on Delivery in Pakistan; final stock is confirmed before dispatch.","in stock","new","2095.00 PKR","https://alhumacollection.com/products/mixbrand-prnkhd-2p-bl-237-mix-brand-digital-printed-allover-khaddar-2pc/","https://cdn.shopify.com/s/files/1/0906/1783/9987/files/IMG_0341.jpg?v=1789745247","Mix Brand","Women > Unstitched Suits > Formal"
"MIXBRAND-PRNKHD-2P-BL-238","Mix Brand Digital Printed Allover Khaddar 2PC — 238","Mix Brand Digital Printed Allover Khaddar 2PC — 238. 2 Piece unstitched suit by Mix Brand. Available to order with Cash on Delivery in Pakistan; final stock is confirmed before dispatch.","in stock","new","2095.00 PKR","https://alhumacollection.com/products/mixbrand-prnkhd-2p-bl-238-mix-brand-digital-printed-allover-khaddar-2pc/","https://cdn.shopify.com/s/files/1/0906/1783/9987/files/IMG_0327.jpg?v=1789745184","Mix Brand","Women > Unstitched Suits > Formal"
"MIXBRAND-PRNKHD-2P-BL-239","Mix Brand Digital Printed Allover Khaddar 2PC — 239","Mix Brand Digital Printed Allover Khaddar 2PC — 239. 2 Piece unstitched suit by Mix Brand. Available to order with Cash on Delivery in Pakistan; final stock is confirmed before dispatch.","in stock","new","2095.00 PKR","https://alhumacollection.com/products/mixbrand-prnkhd-2p-bl-239-mix-brand-digital-printed-allover-khaddar-2pc/","https://cdn.shopify.com/s/files/1/0906/1783/9987/files/IMG_0326.jpg?v=1789745214","Mix Brand","Women > Unstitched Suits > Formal"
"MIXBRAND-PRNKHD-2P-BL-24","Mix Brand Digital Printed Allover Khaddar 2PC — 24","Mix Brand Digital Printed Allover Khaddar 2PC — 24. 2 Piece unstitched suit by Mix Brand. Available to order with Cash on Delivery in Pakistan; final stock is confirmed before dispatch.","in stock","new","2095.00 PKR","https://alhumacollection.com/products/mixbrand-prnkhd-2p-bl-24-mix-brand-digital-printed-allover-khaddar-2pc/","https://cdn.shopify.com/s/files/1/0906/1783/9987/files/24_e836564e-6c0c-43a3-b2a2-66ae4b3a5e7c.jpg?v=1789230004","Mix Brand","Women > Unstitched Suits > Formal"
"MIXBRAND-PRNKHD-2P-BL-240","Mix Brand Digital Printed Allover Khaddar 2PC — 240","Mix Brand Digital Printed Allover Khaddar 2PC — 240. 2 Piece unstitched suit by Mix Brand. Available to order with Cash on Delivery in Pakistan; final stock is confirmed before dispatch.","in stock","new","2095.00 PKR","https://alhumacollection.com/products/mixbrand-prnkhd-2p-bl-240-mix-brand-digital-printed-allover-khaddar-2pc/","https://cdn.shopify.com/s/files/1/0906/1783/9987/files/IMG_0351.jpg?v=1789745150","Mix Brand","Women > Unstitched Suits > Formal"
"MIXBRAND-PRNKHD-2P-BL-241","Mix Brand Digital Printed Allover Khaddar 2PC — 241","Mix Brand Digital Printed Allover Khaddar 2PC — 241. 2 Piece unstitched suit by Mix Brand. Available to order with Cash on Delivery in Pakistan; final stock is confirmed before dispatch.","in stock","new","2095.00 PKR","https://alhumacollection.com/products/mixbrand-prnkhd-2p-bl-241-mix-brand-digital-printed-allover-khaddar-2pc/","https://cdn.shopify.com/s/files/1/0906/1783/9987/files/IMG_0328.jpg?v=1789745031","Mix Brand","Women > Unstitched Suits > Formal"
"MIXBRAND-PRNKHD-2P-BL-242","Mix Brand Digital Printed Allover Khaddar 2PC — 242","Mix Brand Digital Printed Allover Khaddar 2PC — 242. 2 Piece unstitched suit by Mix Brand. Available to order with Cash on Delivery in Pakistan; final stock is confirmed before dispatch.","in stock","new","2095.00 PKR","https://alhumacollection.com/products/mixbrand-prnkhd-2p-bl-242-mix-brand-digital-printed-allover-khaddar-2pc/","https://cdn.shopify.com/s/files/1/0906/1783/9987/files/IMG_0340.jpg?v=1789745056","Mix Brand","Women > Unstitched Suits > Formal"
"MIXBRAND-PRNKHD-2P-BL-243","Mix Brand Digital Printed Allover Khaddar 2PC — 243","Mix Brand Digital Printed Allover Khaddar 2PC — 243. 2 Piece unstitched suit by Mix Brand. Available to order with Cash on Delivery in Pakistan; final stock is confirmed before dispatch.","in stock","new","2095.00 PKR","https://alhumacollection.com/products/mixbrand-prnkhd-2p-bl-243-mix-brand-digital-printed-allover-khaddar-2pc/","https://cdn.shopify.com/s/files/1/0906/1783/9987/files/IMG_0329.jpg?v=1789745009","Mix Brand","Women > Unstitched Suits > Formal"
"MIXBRAND-PRNKHD-2P-BL-244","Mix Brand Digital Printed Allover Khaddar 2PC — 244","Mix Brand Digital Printed Allover Khaddar 2PC — 244. 2 Piece unstitched suit by Mix Brand. Available to order with Cash on Delivery in Pakistan; final stock is confirmed before dispatch.","in stock","new","2095.00 PKR","https://alhumacollection.com/products/mixbrand-prnkhd-2p-bl-244-mix-brand-digital-printed-allover-khaddar-2pc/","https://cdn.shopify.com/s/files/1/0906/1783/9987/files/IMG_0350.jpg?v=1789744977","Mix Brand","Women > Unstitched Suits > Formal"
"MIXBRAND-PRNKHD-2P-BL-246","Mix Brand Digital Printed Allover Khaddar 2PC — 246","Mix Brand Digital Printed Allover Khaddar 2PC — 246. 2 Piece unstitched suit by Mix Brand. Available to order with Cash on Delivery in Pakistan; final stock is confirmed before dispatch.","in stock","new","2095.00 PKR","https://alhumacollection.com/products/mixbrand-prnkhd-2p-bl-246-mix-brand-digital-printed-allover-khaddar-2pc/","https://cdn.shopify.com/s/files/1/0906/1783/9987/files/IMG_0342.jpg?v=1789744928","Mix Brand","Women > Unstitched Suits > Formal"
"MIXBRAND-PRNKHD-2P-BL-247","Mix Brand Digital Printed Allover Khaddar 2PC — 247","Mix Brand Digital Printed Allover Khaddar 2PC — 247. 2 Piece unstitched suit by Mix Brand. Available to order with Cash on Delivery in Pakistan; final stock is confirmed before dispatch.","in stock","new","2095.00 PKR","https://alhumacollection.com/products/mixbrand-prnkhd-2p-bl-247-mix-brand-digital-printed-allover-khaddar-2pc/","https://cdn.shopify.com/s/files/1/0906/1783/9987/files/IMG_0332.jpg?v=1789744859","Mix Brand","Women > Unstitched Suits > Formal"
"MIXBRAND-PRNKHD-2P-BL-248","Mix Brand Digital Printed Allover Khaddar 2PC — 248","Mix Brand Digital Printed Allover Khaddar 2PC — 248. 2 Piece unstitched suit by Mix Brand. Available to order with Cash on Delivery in Pakistan; final stock is confirmed before dispatch.","in stock","new","2095.00 PKR","https://alhumacollection.com/products/mixbrand-prnkhd-2p-bl-248-mix-brand-digital-printed-allover-khaddar-2pc/","https://cdn.shopify.com/s/files/1/0906/1783/9987/files/IMG_0345.jpg?v=1789744791","Mix Brand","Women > Unstitched Suits > Formal"
"MIXBRAND-PRNKHD-2P-BL-249","Mix Brand Digital Printed Allover Khaddar 2PC — 249","Mix Brand Digital Printed Allover Khaddar 2PC — 249. 2 Piece unstitched suit by Mix Brand. Available to order with Cash on Delivery in Pakistan; final stock is confirmed before dispatch.","in stock","new","2095.00 PKR","https://alhumacollection.com/products/mixbrand-prnkhd-2p-bl-249-mix-brand-digital-printed-allover-khaddar-2pc/","https://cdn.shopify.com/s/files/1/0906/1783/9987/files/IMG_0369.jpg?v=1790236590","Mix Brand","Women > Unstitched Suits > Formal"
"MIXBRAND-PRNKHD-2P-BL-250","Mix Brand Digital Printed Allover Khaddar 2PC — 250","Mix Brand Digital Printed Allover Khaddar 2PC — 250. 2 Piece unstitched suit by Mix Brand. Available to order with Cash on Delivery in Pakistan; final stock is confirmed before dispatch.","in stock","new","2095.00 PKR","https://alhumacollection.com/products/mixbrand-prnkhd-2p-bl-250-mix-brand-digital-printed-allover-khaddar-2pc/","https://cdn.shopify.com/s/files/1/0906/1783/9987/files/IMG_0467.jpg?v=1790331454","Mix Brand","Women > Unstitched Suits > Formal"
"MIXBRAND-PRNKHD-2P-BL-251","Mix Brand Digital Printed Allover Khaddar 2PC — 251","Mix Brand Digital Printed Allover Khaddar 2PC — 251. 2 Piece unstitched suit by Mix Brand. Available to order with Cash on Delivery in Pakistan; final stock is confirmed before dispatch.","in stock","new","2095.00 PKR","https://alhumacollection.com/products/mixbrand-prnkhd-2p-bl-251-mix-brand-digital-printed-allover-khaddar-2pc/","https://cdn.shopify.com/s/files/1/0906/1783/9987/files/IMG_0368.jpg?v=1790236490","Mix Brand","Women > Unstitched Suits > Formal"
"MIXBRAND-PRNKHD-2P-BL-255","Mix Brand Digital Printed Allover Khaddar 2PC — 255","Mix Brand Digital Printed Allover Khaddar 2PC — 255. 2 Piece unstitched suit by Mix Brand. Available to order with Cash on Delivery in Pakistan; final stock is confirmed before dispatch.","in stock","new","2095.00 PKR","https://alhumacollection.com/products/mixbrand-prnkhd-2p-bl-255-mix-brand-digital-printed-allover-khaddar-2pc/","https://cdn.shopify.com/s/files/1/0906/1783/9987/files/IMG_0465.jpg?v=1790331593","Mix Brand","Women > Unstitched Suits > Formal"
"MIXBRAND-PRNKHD-2P-BL-258","Mix Brand Digital Printed Allover Khaddar 2PC — 258","Mix Brand Digital Printed Allover Khaddar 2PC — 258. 2 Piece unstitched suit by Mix Brand. Available to order with Cash on Delivery in Pakistan; final stock is confirmed before dispatch.","in stock","new","2095.00 PKR","https://alhumacollection.com/products/mixbrand-prnkhd-2p-bl-258-mix-brand-digital-printed-allover-khaddar-2pc/","https://cdn.shopify.com/s/files/1/0906/1783/9987/files/IMG-0404.jpg?v=1790271788","Mix Brand","Women > Unstitched Suits > Formal"
"MIXBRAND-PRNKHD-2P-BL-259","Mix Brand Digital Printed Allover Khaddar 2PC — 259","Mix Brand Digital Printed Allover Khaddar 2PC — 259. 2 Piece unstitched suit by Mix Brand. Available to order with Cash on Delivery in Pakistan; final stock is confirmed before dispatch.","in stock","new","2095.00 PKR","https://alhumacollection.com/products/mixbrand-prnkhd-2p-bl-259-mix-brand-digital-printed-allover-khaddar-2pc/","https://cdn.shopify.com/s/files/1/0906/1783/9987/files/IMG_0403.jpg?v=1790321619","Mix Brand","Women > Unstitched Suits > Formal"
"MIXBRAND-PRNKHD-2P-BL-26","Mix Brand Digital Printed Allover Khaddar 2PC — 26","Mix Brand Digital Printed Allover Khaddar 2PC — 26. 2 Piece unstitched suit by Mix Brand. Available to order with Cash on Delivery in Pakistan; final stock is confirmed before dispatch.","in stock","new","2095.00 PKR","https://alhumacollection.com/products/mixbrand-prnkhd-2p-bl-26-mix-brand-digital-printed-allover-khaddar-2pc/","https://cdn.shopify.com/s/files/1/0906/1783/9987/files/26_f0e605c8-ce75-428e-bb73-e37c75d53ede.jpg?v=1789229950","Mix Brand","Women > Unstitched Suits > Formal"
"MIXBRAND-PRNKHD-2P-BL-260","Mix Brand Digital Printed Allover Khaddar 2PC — 260","Mix Brand Digital Printed Allover Khaddar 2PC — 260. 2 Piece unstitched suit by Mix Brand. Available to order with Cash on Delivery in Pakistan; final stock is confirmed before dispatch.","in stock","new","2095.00 PKR","https://alhumacollection.com/products/mixbrand-prnkhd-2p-bl-260-mix-brand-digital-printed-allover-khaddar-2pc/","https://cdn.shopify.com/s/files/1/0906/1783/9987/files/IMG_0392.jpg?v=1790319787","Mix Brand","Women > Unstitched Suits > Formal"
"MIXBRAND-PRNKHD-2P-BL-264","Mix Brand Digital Printed Allover Khaddar 2PC — 264","Mix Brand Digital Printed Allover Khaddar 2PC — 264. 2 Piece unstitched suit by Mix Brand. Available to order with Cash on Delivery in Pakistan; final stock is confirmed before dispatch.","in stock","new","2095.00 PKR","https://alhumacollection.com/products/mixbrand-prnkhd-2p-bl-264-mix-brand-digital-printed-allover-khaddar-2pc/","https://cdn.shopify.com/s/files/1/0906/1783/9987/files/IMG_0443.jpg?v=1790330705","Mix Brand","Women > Unstitched Suits > Formal"
"MIXBRAND-PRNKHD-2P-BL-268","Mix Brand Digital Printed Allover Khaddar 2PC — 268","Mix Brand Digital Printed Allover Khaddar 2PC — 268. 2 Piece unstitched suit by Mix Brand. Available to order with Cash on Delivery in Pakistan; final stock is confirmed before dispatch.","in stock","new","2095.00 PKR","https://alhumacollection.com/products/mixbrand-prnkhd-2p-bl-268-mix-brand-digital-printed-allover-khaddar-2pc/","https://cdn.shopify.com/s/files/1/0906/1783/9987/files/IMG_0373.jpg?v=1790237075","Mix Brand","Women > Unstitched Suits > Formal"
"MIXBRAND-PRNKHD-2P-BL-269","Mix Brand Digital Printed Allover Khaddar 2PC — 269","Mix Brand Digital Printed Allover Khaddar 2PC — 269. 2 Piece unstitched suit by Mix Brand. Available to order with Cash on Delivery in Pakistan; final stock is confirmed before dispatch.","in stock","new","2095.00 PKR","https://alhumacollection.com/products/mixbrand-prnkhd-2p-bl-269-mix-brand-digital-printed-allover-khaddar-2pc/","https://cdn.shopify.com/s/files/1/0906/1783/9987/files/IMG_0372.jpg?v=1790236984","Mix Brand","Women > Unstitched Suits > Formal"
"MIXBRAND-PRNKHD-2P-BL-270","Mix Brand Digital Printed Allover Khaddar 2PC — 270","Mix Brand Digital Printed Allover Khaddar 2PC — 270. 2 Piece unstitched suit by Mix Brand. Available to order with Cash on Delivery in Pakistan; final stock is confirmed before dispatch.","in stock","new","2095.00 PKR","https://alhumacollection.com/products/mixbrand-prnkhd-2p-bl-270-mix-brand-digital-printed-allover-khaddar-2pc/","https://cdn.shopify.com/s/files/1/0906/1783/9987/files/IMG_0586.jpg?v=1789975460","Mix Brand","Women > Unstitched Suits > Formal"
"MIXBRAND-PRNKHD-2P-BL-272","Mix Brand Digital Printed Allover Khaddar 2PC — 272","Mix Brand Digital Printed Allover Khaddar 2PC — 272. 2 Piece unstitched suit by Mix Brand. Available to order with Cash on Delivery in Pakistan; final stock is confirmed before dispatch.","in stock","new","2095.00 PKR","https://alhumacollection.com/products/mixbrand-prnkhd-2p-bl-272-mix-brand-digital-printed-allover-khaddar-2pc/","https://cdn.shopify.com/s/files/1/0906/1783/9987/files/IMG_0585.jpg?v=1789975375","Mix Brand","Women > Unstitched Suits > Formal"
"MIXBRAND-PRNKHD-2P-BL-273","Mix Brand Digital Printed Allover Khaddar 2PC — 273","Mix Brand Digital Printed Allover Khaddar 2PC — 273. 2 Piece unstitched suit by Mix Brand. Available to order with Cash on Delivery in Pakistan; final stock is confirmed before dispatch.","in stock","new","2095.00 PKR","https://alhumacollection.com/products/mixbrand-prnkhd-2p-bl-273-mix-brand-digital-printed-allover-khaddar-2pc/","https://cdn.shopify.com/s/files/1/0906/1783/9987/files/IMG_0582.jpg?v=1789972594","Mix Brand","Women > Unstitched Suits > Formal"
"MIXBRAND-PRNKHD-2P-BL-274","Mix Brand Digital Printed Allover Khaddar 2PC — 274","Mix Brand Digital Printed Allover Khaddar 2PC — 274. 2 Piece unstitched suit by Mix Brand. Available to order with Cash on Delivery in Pakistan; final stock is confirmed before dispatch.","in stock","new","2095.00 PKR","https://alhumacollection.com/products/mixbrand-prnkhd-2p-bl-274-mix-brand-digital-printed-allover-khaddar-2pc/","https://cdn.shopify.com/s/files/1/0906/1783/9987/files/IMG_0584.jpg?v=1789975303","Mix Brand","Women > Unstitched Suits > Formal"
"MIXBRAND-PRNKHD-2P-BL-279","Mix Brand Digital Printed Allover Khaddar 2PC — 279","Mix Brand Digital Printed Allover Khaddar 2PC — 279. 2 Piece unstitched suit by Mix Brand. Available to order with Cash on Delivery in Pakistan; final stock is confirmed before dispatch.","in stock","new","2095.00 PKR","https://alhumacollection.com/products/mixbrand-prnkhd-2p-bl-279-mix-brand-digital-printed-allover-khaddar-2pc/","https://cdn.shopify.com/s/files/1/0906/1783/9987/files/IMG_0411.jpg?v=1790322203","Mix Brand","Women > Unstitched Suits > Formal"
"MIXBRAND-PRNKHD-2P-BL-280","Mix Brand Digital Printed Allover Khaddar 2PC — 280","Mix Brand Digital Printed Allover Khaddar 2PC — 280. 2 Piece unstitched suit by Mix Brand. Available to order with Cash on Delivery in Pakistan; final stock is confirmed before dispatch.","in stock","new","2095.00 PKR","https://alhumacollection.com/products/mixbrand-prnkhd-2p-bl-280-mix-brand-digital-printed-allover-khaddar-2pc/","https://cdn.shopify.com/s/files/1/0906/1783/9987/files/IMG_0412.jpg?v=1790322265","Mix Brand","Women > Unstitched Suits > Formal"
"MIXBRAND-PRNKHD-2P-BL-281","Mix Brand Digital Printed Allover Khaddar 2PC — 281","Mix Brand Digital Printed Allover Khaddar 2PC — 281. 2 Piece unstitched suit by Mix Brand. Available to order with Cash on Delivery in Pakistan; final stock is confirmed before dispatch.","in stock","new","2095.00 PKR","https://alhumacollection.com/products/mixbrand-prnkhd-2p-bl-281-mix-brand-digital-printed-allover-khaddar-2pc/","https://cdn.shopify.com/s/files/1/0906/1783/9987/files/IMG_0378.jpg?v=1790318343","Mix Brand","Women > Unstitched Suits > Formal"
"MIXBRAND-PRNKHD-2P-BL-283","Mix Brand Digital Printed Allover Khaddar 2PC — 283","Mix Brand Digital Printed Allover Khaddar 2PC — 283. 2 Piece unstitched suit by Mix Brand. Available to order with Cash on Delivery in Pakistan; final stock is confirmed before dispatch.","in stock","new","2095.00 PKR","https://alhumacollection.com/products/mixbrand-prnkhd-2p-bl-283-mix-brand-digital-printed-allover-khaddar-2pc/","https://cdn.shopify.com/s/files/1/0906/1783/9987/files/IMG_0380.jpg?v=1790318474","Mix Brand","Women > Unstitched Suits > Formal"
"MIXBRAND-PRNKHD-2P-BL-284","Mix Brand Digital Printed Allover Khaddar 2PC — 284","Mix Brand Digital Printed Allover Khaddar 2PC — 284. 2 Piece unstitched suit by Mix Brand. Available to order with Cash on Delivery in Pakistan; final stock is confirmed before dispatch.","in stock","new","2095.00 PKR","https://alhumacollection.com/products/mixbrand-prnkhd-2p-bl-284-mix-brand-digital-printed-allover-khaddar-2pc/","https://cdn.shopify.com/s/files/1/0906/1783/9987/files/IMG_0367.jpg?v=1790236392","Mix Brand","Women > Unstitched Suits > Formal"
"MIXBRAND-PRNKHD-2P-BL-287","Mix Brand Digital Printed Allover Khaddar 2PC — 287","Mix Brand Digital Printed Allover Khaddar 2PC — 287. 2 Piece unstitched suit by Mix Brand. Available to order with Cash on Delivery in Pakistan; final stock is confirmed before dispatch.","in stock","new","2095.00 PKR","https://alhumacollection.com/products/mixbrand-prnkhd-2p-bl-287-mix-brand-digital-printed-allover-khaddar-2pc/","https://cdn.shopify.com/s/files/1/0906/1783/9987/files/IMG_0461.jpg?v=1790332263","Mix Brand","Women > Unstitched Suits > Formal"
"MIXBRAND-PRNKHD-2P-BL-288","Mix Brand Digital Printed Allover Khaddar 2PC — 288","Mix Brand Digital Printed Allover Khaddar 2PC — 288. 2 Piece unstitched suit by Mix Brand. Available to order with Cash on Delivery in Pakistan; final stock is confirmed before dispatch.","in stock","new","2095.00 PKR","https://alhumacollection.com/products/mixbrand-prnkhd-2p-bl-288-mix-brand-digital-printed-allover-khaddar-2pc/","https://cdn.shopify.com/s/files/1/0906/1783/9987/files/IMG_0381.jpg?v=1790318689","Mix Brand","Women > Unstitched Suits > Formal"
"MIXBRAND-PRNKHD-2P-BL-289","Mix Brand Digital Printed Allover Khaddar 2PC — 289","Mix Brand Digital Printed Allover Khaddar 2PC — 289. 2 Piece unstitched suit by Mix Brand. Available to order with Cash on Delivery in Pakistan; final stock is confirmed before dispatch.","in stock","new","2095.00 PKR","https://alhumacollection.com/products/mixbrand-prnkhd-2p-bl-289-mix-brand-digital-printed-allover-khaddar-2pc/","https://cdn.shopify.com/s/files/1/0906/1783/9987/files/IMG-0427_4af21f4d-6190-43c8-ba92-76932a6dd6d2.jpg?v=1790273943","Mix Brand","Women > Unstitched Suits > Formal"
"MIXBRAND-PRNKHD-2P-BL-29","Mix Brand Digital Printed Allover Khaddar 2PC — 29","Mix Brand Digital Printed Allover Khaddar 2PC — 29. 2 Piece unstitched suit by Mix Brand. Available to order with Cash on Delivery in Pakistan; final stock is confirmed before dispatch.","in stock","new","2095.00 PKR","https://alhumacollection.com/products/mixbrand-prnkhd-2p-bl-29-mix-brand-digital-printed-allover-khaddar-2pc/","https://cdn.shopify.com/s/files/1/0906/1783/9987/files/29_ac02f02b-1d6b-486a-8790-d5737744fdb7.jpg?v=1789229881","Mix Brand","Women > Unstitched Suits > Formal"
"MIXBRAND-PRNKHD-2P-BL-291","Mix Brand Digital Printed Allover Khaddar 2PC — 291","Mix Brand Digital Printed Allover Khaddar 2PC — 291. 2 Piece unstitched suit by Mix Brand. Available to order with Cash on Delivery in Pakistan; final stock is confirmed before dispatch.","in stock","new","2095.00 PKR","https://alhumacollection.com/products/mixbrand-prnkhd-2p-bl-291-mix-brand-digital-printed-allover-khaddar-2pc/","https://cdn.shopify.com/s/files/1/0906/1783/9987/files/IMG-0390.jpg?v=1790272047","Mix Brand","Women > Unstitched Suits > Formal"
"MIXBRAND-PRNKHD-2P-BL-292","Mix Brand Digital Printed Allover Khaddar 2PC — 292","Mix Brand Digital Printed Allover Khaddar 2PC — 292. 2 Piece unstitched suit by Mix Brand. Available to order with Cash on Delivery in Pakistan; final stock is confirmed before dispatch.","in stock","new","2095.00 PKR","https://alhumacollection.com/products/mixbrand-prnkhd-2p-bl-292-mix-brand-digital-printed-allover-khaddar-2pc/","https://cdn.shopify.com/s/files/1/0906/1783/9987/files/IMG-0397.jpg?v=1790272016","Mix Brand","Women > Unstitched Suits > Formal"
"MIXBRAND-PRNKHD-2P-BL-293","Mix Brand Digital Printed Allover Khaddar 2PC — 293","Mix Brand Digital Printed Allover Khaddar 2PC — 293. 2 Piece unstitched suit by Mix Brand. Available to order with Cash on Delivery in Pakistan; final stock is confirmed before dispatch.","in stock","new","2095.00 PKR","https://alhumacollection.com/products/mixbrand-prnkhd-2p-bl-293-mix-brand-digital-printed-allover-khaddar-2pc/","https://cdn.shopify.com/s/files/1/0906/1783/9987/files/IMG_0360.jpg?v=1790235559","Mix Brand","Women > Unstitched Suits > Formal"
"MIXBRAND-PRNKHD-2P-BL-295","Mix Brand Digital Printed Allover Khaddar 2PC — 295","Mix Brand Digital Printed Allover Khaddar 2PC — 295. 2 Piece unstitched suit by Mix Brand. Available to order with Cash on Delivery in Pakistan; final stock is confirmed before dispatch.","in stock","new","2095.00 PKR","https://alhumacollection.com/products/mixbrand-prnkhd-2p-bl-295-mix-brand-digital-printed-allover-khaddar-2pc/","https://cdn.shopify.com/s/files/1/0906/1783/9987/files/IMG_0358.jpg?v=1790235380","Mix Brand","Women > Unstitched Suits > Formal"
"MIXBRAND-PRNKHD-2P-BL-297","Mix Brand Digital Printed Allover Khaddar 2PC — 297","Mix Brand Digital Printed Allover Khaddar 2PC — 297. 2 Piece unstitched suit by Mix Brand. Available to order with Cash on Delivery in Pakistan; final stock is confirmed before dispatch.","in stock","new","2095.00 PKR","https://alhumacollection.com/products/mixbrand-prnkhd-2p-bl-297-mix-brand-digital-printed-allover-khaddar-2pc/","https://cdn.shopify.com/s/files/1/0906/1783/9987/files/IMG_0356.jpg?v=1790235239","Mix Brand","Women > Unstitched Suits > Formal"
"MIXBRAND-PRNKHD-2P-BL-298","Mix Brand Digital Printed Allover Khaddar 2PC — 298","Mix Brand Digital Printed Allover Khaddar 2PC — 298. 2 Piece unstitched suit by Mix Brand. Available to order with Cash on Delivery in Pakistan; final stock is confirmed before dispatch.","in stock","new","2095.00 PKR","https://alhumacollection.com/products/mixbrand-prnkhd-2p-bl-298-mix-brand-digital-printed-allover-khaddar-2pc/","https://cdn.shopify.com/s/files/1/0906/1783/9987/files/IMG_0355.jpg?v=1790235132","Mix Brand","Women > Unstitched Suits > Formal"
"MIXBRAND-PRNKHD-2P-BL-299","Mix Brand Digital Printed Allover Khaddar 2PC — 299","Mix Brand Digital Printed Allover Khaddar 2PC — 299. 2 Piece unstitched suit by Mix Brand. Available to order with Cash on Delivery in Pakistan; final stock is confirmed before dispatch.","in stock","new","2095.00 PKR","https://alhumacollection.com/products/mixbrand-prnkhd-2p-bl-299-mix-brand-digital-printed-allover-khaddar-2pc/","https://cdn.shopify.com/s/files/1/0906/1783/9987/files/IMG_0354.jpg?v=1790234995","Mix Brand","Women > Unstitched Suits > Formal"
"MIXBRAND-PRNKHD-2P-BL-301","Mix Brand Digital Printed Allover Khaddar 2PC — 301","Mix Brand Digital Printed Allover Khaddar 2PC — 301. 2 Piece unstitched suit by Mix Brand. Available to order with Cash on Delivery in Pakistan; final stock is confirmed before dispatch.","in stock","new","2095.00 PKR","https://alhumacollection.com/products/mixbrand-prnkhd-2p-bl-301-mix-brand-digital-printed-allover-khaddar-2pc/","https://cdn.shopify.com/s/files/1/0906/1783/9987/files/IMG_0449.jpg?v=1790333179","Mix Brand","Women > Unstitched Suits > Formal"
"MIXBRAND-PRNKHD-2P-BL-302","Mix Brand Digital Printed Allover Khaddar 2PC — 302","Mix Brand Digital Printed Allover Khaddar 2PC — 302. 2 Piece unstitched suit by Mix Brand. Available to order with Cash on Delivery in Pakistan; final stock is confirmed before dispatch.","in stock","new","2095.00 PKR","https://alhumacollection.com/products/mixbrand-prnkhd-2p-bl-302-mix-brand-digital-printed-allover-khaddar-2pc/","https://cdn.shopify.com/s/files/1/0906/1783/9987/files/IMG_0415.jpg?v=1790322579","Mix Brand","Women > Unstitched Suits > Formal"
"MIXBRAND-PRNKHD-2P-BL-303","Mix Brand Digital Printed Allover Khaddar 2PC — 303","Mix Brand Digital Printed Allover Khaddar 2PC — 303. 2 Piece unstitched suit by Mix Brand. Available to order with Cash on Delivery in Pakistan; final stock is confirmed before dispatch.","in stock","new","2095.00 PKR","https://alhumacollection.com/products/mixbrand-prnkhd-2p-bl-303-mix-brand-digital-printed-allover-khaddar-2pc/","https://cdn.shopify.com/s/files/1/0906/1783/9987/files/IMG_0475.jpg?v=1790330915","Mix Brand","Women > Unstitched Suits > Formal"
"MIXBRAND-PRNKHD-2P-BL-305","Mix Brand Digital Printed Allover Khaddar 2PC — 305","Mix Brand Digital Printed Allover Khaddar 2PC — 305. 2 Piece unstitched suit by Mix Brand. Available to order with Cash on Delivery in Pakistan; final stock is confirmed before dispatch.","in stock","new","2095.00 PKR","https://alhumacollection.com/products/mixbrand-prnkhd-2p-bl-305-mix-brand-digital-printed-allover-khaddar-2pc/","https://cdn.shopify.com/s/files/1/0906/1783/9987/files/IMG_0413.jpg?v=1790322451","Mix Brand","Women > Unstitched Suits > Formal"
"MIXBRAND-PRNKHD-2P-BL-306","Mix Brand Digital Printed Allover Khaddar 2PC — 306","Mix Brand Digital Printed Allover Khaddar 2PC — 306. 2 Piece unstitched suit by Mix Brand. Available to order with Cash on Delivery in Pakistan; final stock is confirmed before dispatch.","in stock","new","2095.00 PKR","https://alhumacollection.com/products/mixbrand-prnkhd-2p-bl-306-mix-brand-digital-printed-allover-khaddar-2pc/","https://cdn.shopify.com/s/files/1/0906/1783/9987/files/IMG_0414.jpg?v=1790322506","Mix Brand","Women > Unstitched Suits > Formal"
"MIXBRAND-PRNKHD-2P-BL-308","Mix Brand Digital Printed Allover Khaddar 2PC — 308","Mix Brand Digital Printed Allover Khaddar 2PC — 308. 2 Piece unstitched suit by Mix Brand. Available to order with Cash on Delivery in Pakistan; final stock is confirmed before dispatch.","in stock","new","2095.00 PKR","https://alhumacollection.com/products/mixbrand-prnkhd-2p-bl-308-mix-brand-digital-printed-allover-khaddar-2pc/","https://cdn.shopify.com/s/files/1/0906/1783/9987/files/IMG_0388.jpg?v=1790319393","Mix Brand","Women > Unstitched Suits > Formal"
"MIXBRAND-PRNKHD-2P-BL-316","Mix Brand Digital Printed Allover Khaddar 2PC — 316","Mix Brand Digital Printed Allover Khaddar 2PC — 316. 2 Piece unstitched suit by Mix Brand. Available to order with Cash on Delivery in Pakistan; final stock is confirmed before dispatch.","in stock","new","2095.00 PKR","https://alhumacollection.com/products/mixbrand-prnkhd-2p-bl-316-mix-brand-digital-printed-allover-khaddar-2pc/","https://cdn.shopify.com/s/files/1/0906/1783/9987/files/IMG_0610.jpg?v=1789992210","Mix Brand","Women > Unstitched Suits > Formal"
"MIXBRAND-PRNKHD-2P-BL-318","Mix Brand Digital Printed Allover Khaddar 2PC — 318","Mix Brand Digital Printed Allover Khaddar 2PC — 318. 2 Piece unstitched suit by Mix Brand. Available to order with Cash on Delivery in Pakistan; final stock is confirmed before dispatch.","in stock","new","2095.00 PKR","https://alhumacollection.com/products/mixbrand-prnkhd-2p-bl-318-mix-brand-digital-printed-allover-khaddar-2pc/","https://cdn.shopify.com/s/files/1/0906/1783/9987/files/IMG_0588.jpg?v=1789976480","Mix Brand","Women > Unstitched Suits > Formal"
"MIXBRAND-PRNKHD-2P-BL-32","Mix Brand Digital Printed Allover Khaddar 2PC — 32","Mix Brand Digital Printed Allover Khaddar 2PC — 32. 2 Piece unstitched suit by Mix Brand. Available to order with Cash on Delivery in Pakistan; final stock is confirmed before dispatch.","in stock","new","2095.00 PKR","https://alhumacollection.com/products/mixbrand-prnkhd-2p-bl-32-mix-brand-digital-printed-allover-khaddar-2pc/","https://cdn.shopify.com/s/files/1/0906/1783/9987/files/WhatsAppImage2026-09-14at1.10.23PM.jpg?v=1789373572","Mix Brand","Women > Unstitched Suits > Formal"
"MIXBRAND-PRNKHD-2P-BL-320","Mix Brand Digital Printed Allover Khaddar 2PC — 320","Mix Brand Digital Printed Allover Khaddar 2PC — 320. 2 Piece unstitched suit by Mix Brand. Available to order with Cash on Delivery in Pakistan; final stock is confirmed before dispatch.","in stock","new","2095.00 PKR","https://alhumacollection.com/products/mixbrand-prnkhd-2p-bl-320-mix-brand-digital-printed-allover-khaddar-2pc/","https://cdn.shopify.com/s/files/1/0906/1783/9987/files/IMG_0607.jpg?v=1789980166","Mix Brand","Women > Unstitched Suits > Formal"
"MIXBRAND-PRNKHD-2P-BL-321","Mix Brand Digital Printed Allover Khaddar 2PC — 321","Mix Brand Digital Printed Allover Khaddar 2PC — 321. 2 Piece unstitched suit by Mix Brand. Available to order with Cash on Delivery in Pakistan; final stock is confirmed before dispatch.","in stock","new","2095.00 PKR","https://alhumacollection.com/products/mixbrand-prnkhd-2p-bl-321-mix-brand-digital-printed-allover-khaddar-2pc/","https://cdn.shopify.com/s/files/1/0906/1783/9987/files/IMG_0608.jpg?v=1789980224","Mix Brand","Women > Unstitched Suits > Formal"
"MIXBRAND-PRNKHD-2P-BL-324","Mix Brand Digital Printed Allover Khaddar 2PC — 324","Mix Brand Digital Printed Allover Khaddar 2PC — 324. 2 Piece unstitched suit by Mix Brand. Available to order with Cash on Delivery in Pakistan; final stock is confirmed before dispatch.","in stock","new","2095.00 PKR","https://alhumacollection.com/products/mixbrand-prnkhd-2p-bl-324-mix-brand-digital-printed-allover-khaddar-2pc/","https://cdn.shopify.com/s/files/1/0906/1783/9987/files/IMG_0408.jpg?v=1790321924","Mix Brand","Women > Unstitched Suits > Formal"
"MIXBRAND-PRNKHD-2P-BL-326","Mix Brand Digital Printed Allover Khaddar 2PC — 326","Mix Brand Digital Printed Allover Khaddar 2PC — 326. 2 Piece unstitched suit by Mix Brand. Available to order with Cash on Delivery in Pakistan; final stock is confirmed before dispatch.","in stock","new","2095.00 PKR","https://alhumacollection.com/products/mixbrand-prnkhd-2p-bl-326-mix-brand-digital-printed-allover-khaddar-2pc/","https://cdn.shopify.com/s/files/1/0906/1783/9987/files/IMG_0387.jpg?v=1790319290","Mix Brand","Women > Unstitched Suits > Formal"
"MIXBRAND-PRNKHD-2P-BL-33","Mix Brand Digital Printed Allover Khaddar 2PC — 33","Mix Brand Digital Printed Allover Khaddar 2PC — 33. 2 Piece unstitched suit by Mix Brand. Available to order with Cash on Delivery in Pakistan; final stock is confirmed before dispatch.","in stock","new","2095.00 PKR","https://alhumacollection.com/products/mixbrand-prnkhd-2p-bl-33-mix-brand-digital-printed-allover-khaddar-2pc/","https://cdn.shopify.com/s/files/1/0906/1783/9987/files/WhatsAppImage2026-09-14at1.10.26PM_3.jpg?v=1789374811","Mix Brand","Women > Unstitched Suits > Formal"
"MIXBRAND-PRNKHD-2P-BL-330","Mix Brand Digital Printed Allover Khaddar 2PC — 330","Mix Brand Digital Printed Allover Khaddar 2PC — 330. 2 Piece unstitched suit by Mix Brand. Available to order with Cash on Delivery in Pakistan; final stock is confirmed before dispatch.","in stock","new","2095.00 PKR","https://alhumacollection.com/products/mixbrand-prnkhd-2p-bl-330-mix-brand-digital-printed-allover-khaddar-2pc/","https://cdn.shopify.com/s/files/1/0906/1783/9987/files/IMG_0407.jpg?v=1790321859","Mix Brand","Women > Unstitched Suits > Formal"
"MIXBRAND-PRNKHD-2P-BL-332","Mix Brand Digital Printed Allover Khaddar 2PC — 332","Mix Brand Digital Printed Allover Khaddar 2PC — 332. 2 Piece unstitched suit by Mix Brand. Available to order with Cash on Delivery in Pakistan; final stock is confirmed before dispatch.","in stock","new","2095.00 PKR","https://alhumacollection.com/products/mixbrand-prnkhd-2p-bl-332-mix-brand-digital-printed-allover-khaddar-2pc/","https://cdn.shopify.com/s/files/1/0906/1783/9987/files/IMG_0448.jpg?v=1790333276","Mix Brand","Women > Unstitched Suits > Formal"
"MIXBRAND-PRNKHD-2P-BL-333","Mix Brand Digital Printed Allover Khaddar 2PC — 333","Mix Brand Digital Printed Allover Khaddar 2PC — 333. 2 Piece unstitched suit by Mix Brand. Available to order with Cash on Delivery in Pakistan; final stock is confirmed before dispatch.","in stock","new","2095.00 PKR","https://alhumacollection.com/products/mixbrand-prnkhd-2p-bl-333-mix-brand-digital-printed-allover-khaddar-2pc/","https://cdn.shopify.com/s/files/1/0906/1783/9987/files/IMG_0447.jpg?v=1790333322","Mix Brand","Women > Unstitched Suits > Formal"
"MIXBRAND-PRNKHD-2P-BL-334","Mix Brand Digital Printed Allover Khaddar 2PC — 334","Mix Brand Digital Printed Allover Khaddar 2PC — 334. 2 Piece unstitched suit by Mix Brand. Available to order with Cash on Delivery in Pakistan; final stock is confirmed before dispatch.","in stock","new","2095.00 PKR","https://alhumacollection.com/products/mixbrand-prnkhd-2p-bl-334-mix-brand-digital-printed-allover-khaddar-2pc/","https://cdn.shopify.com/s/files/1/0906/1783/9987/files/IMG-0462.jpg?v=1790270308","Mix Brand","Women > Unstitched Suits > Formal"
"MIXBRAND-PRNKHD-2P-BL-336","Mix Brand Digital Printed Allover Khaddar 2PC — 336","Mix Brand Digital Printed Allover Khaddar 2PC — 336. 2 Piece unstitched suit by Mix Brand. Available to order with Cash on Delivery in Pakistan; final stock is confirmed before dispatch.","in stock","new","2095.00 PKR","https://alhumacollection.com/products/mixbrand-prnkhd-2p-bl-336-mix-brand-digital-printed-allover-khaddar-2pc/","https://cdn.shopify.com/s/files/1/0906/1783/9987/files/IMG-0446.jpg?v=1790269526","Mix Brand","Women > Unstitched Suits > Formal"
"MIXBRAND-PRNKHD-2P-BL-337","Mix Brand Digital Printed Allover Khaddar 2PC — 337","Mix Brand Digital Printed Allover Khaddar 2PC — 337. 2 Piece unstitched suit by Mix Brand. Available to order with Cash on Delivery in Pakistan; final stock is confirmed before dispatch.","in stock","new","2095.00 PKR","https://alhumacollection.com/products/mixbrand-prnkhd-2p-bl-337-mix-brand-digital-printed-allover-khaddar-2pc/","https://cdn.shopify.com/s/files/1/0906/1783/9987/files/IMG_0464.jpg?v=1790331740","Mix Brand","Women > Unstitched Suits > Formal"
"MIXBRAND-PRNKHD-2P-BL-341","Mix Brand Digital Printed Allover Khaddar 2PC — 341","Mix Brand Digital Printed Allover Khaddar 2PC — 341. 2 Piece unstitched suit by Mix Brand. Available to order with Cash on Delivery in Pakistan; final stock is confirmed before dispatch.","in stock","new","2095.00 PKR","https://alhumacollection.com/products/mixbrand-prnkhd-2p-bl-341-mix-brand-digital-printed-allover-khaddar-2pc/","https://cdn.shopify.com/s/files/1/0906/1783/9987/files/IMG_0385.jpg?v=1790319151","Mix Brand","Women > Unstitched Suits > Formal"
"MIXBRAND-PRNKHD-2P-BL-346","Mix Brand Digital Printed Allover Khaddar 2PC — 346","Mix Brand Digital Printed Allover Khaddar 2PC — 346. 2 Piece unstitched suit by Mix Brand. Available to order with Cash on Delivery in Pakistan; final stock is confirmed before dispatch.","in stock","new","2095.00 PKR","https://alhumacollection.com/products/mixbrand-prnkhd-2p-bl-346-mix-brand-digital-printed-allover-khaddar-2pc/","https://cdn.shopify.com/s/files/1/0906/1783/9987/files/IMG-0452.jpg?v=1790270223","Mix Brand","Women > Unstitched Suits > Formal"
"MIXBRAND-PRNKHD-2P-BL-347","Mix Brand Digital Printed Allover Khaddar 2PC — 347","Mix Brand Digital Printed Allover Khaddar 2PC — 347. 2 Piece unstitched suit by Mix Brand. Available to order with Cash on Delivery in Pakistan; final stock is confirmed before dispatch.","in stock","new","2095.00 PKR","https://alhumacollection.com/products/mixbrand-prnkhd-2p-bl-347-mix-brand-digital-printed-allover-khaddar-2pc/","https://cdn.shopify.com/s/files/1/0906/1783/9987/files/IMG_0426.jpg?v=1790329972","Mix Brand","Women > Unstitched Suits > Formal"
"MIXBRAND-PRNKHD-2P-BL-348","Mix Brand Digital Printed Allover Khaddar 2PC — 348","Mix Brand Digital Printed Allover Khaddar 2PC — 348. 2 Piece unstitched suit by Mix Brand. Available to order with Cash on Delivery in Pakistan; final stock is confirmed before dispatch.","in stock","new","2095.00 PKR","https://alhumacollection.com/products/mixbrand-prnkhd-2p-bl-348-mix-brand-digital-printed-allover-khaddar-2pc/","https://cdn.shopify.com/s/files/1/0906/1783/9987/files/IMG_0468.jpg?v=1790331383","Mix Brand","Women > Unstitched Suits > Formal"
"MIXBRAND-PRNKHD-2P-BL-35","Mix Brand Digital Printed Allover Khaddar 2PC — 35","Mix Brand Digital Printed Allover Khaddar 2PC — 35. 2 Piece unstitched suit by Mix Brand. Available to order with Cash on Delivery in Pakistan; final stock is confirmed before dispatch.","in stock","new","2095.00 PKR","https://alhumacollection.com/products/mixbrand-prnkhd-2p-bl-35-mix-brand-digital-printed-allover-khaddar-2pc/","https://cdn.shopify.com/s/files/1/0906/1783/9987/files/WhatsAppImage2026-09-14at1.10.26PM.jpg?v=1789373713","Mix Brand","Women > Unstitched Suits > Formal"
"MIXBRAND-PRNKHD-2P-BL-355","Mix Brand Digital Printed Allover Khaddar 2PC — 355","Mix Brand Digital Printed Allover Khaddar 2PC — 355. 2 Piece unstitched suit by Mix Brand. Available to order with Cash on Delivery in Pakistan; final stock is confirmed before dispatch.","in stock","new","2095.00 PKR","https://alhumacollection.com/products/mixbrand-prnkhd-2p-bl-355-mix-brand-digital-printed-allover-khaddar-2pc/","https://cdn.shopify.com/s/files/1/0906/1783/9987/files/IMG_0377.jpg?v=1790318239","Mix Brand","Women > Unstitched Suits > Formal"
"MIXBRAND-PRNKHD-2P-BL-356","Mix Brand Digital Printed Allover Khaddar 2PC — 356","Mix Brand Digital Printed Allover Khaddar 2PC — 356. 2 Piece unstitched suit by Mix Brand. Available to order with Cash on Delivery in Pakistan; final stock is confirmed before dispatch.","in stock","new","2095.00 PKR","https://alhumacollection.com/products/mixbrand-prnkhd-2p-bl-356-mix-brand-digital-printed-allover-khaddar-2pc/","https://cdn.shopify.com/s/files/1/0906/1783/9987/files/IMG-0383.jpg?v=1790274536","Mix Brand","Women > Unstitched Suits > Formal"
"MIXBRAND-PRNKHD-2P-BL-36","Mix Brand Digital Printed Allover Khaddar 2PC — 36","Mix Brand Digital Printed Allover Khaddar 2PC — 36. 2 Piece unstitched suit by Mix Brand. Available to order with Cash on Delivery in Pakistan; final stock is confirmed before dispatch.","in stock","new","2095.00 PKR","https://alhumacollection.com/products/mixbrand-prnkhd-2p-bl-36-mix-brand-digital-printed-allover-khaddar-2pc/","https://cdn.shopify.com/s/files/1/0906/1783/9987/files/WhatsAppImage2026-09-14at1.10.27PM_2.jpg?v=1789373769","Mix Brand","Women > Unstitched Suits > Formal"
"MIXBRAND-PRNKHD-2P-BL-360","Mix Brand Digital Printed Allover Khaddar 2PC — 360","Mix Brand Digital Printed Allover Khaddar 2PC — 360. 2 Piece unstitched suit by Mix Brand. Available to order with Cash on Delivery in Pakistan; final stock is confirmed before dispatch.","in stock","new","2095.00 PKR","https://alhumacollection.com/products/mixbrand-prnkhd-2p-bl-360-mix-brand-digital-printed-allover-khaddar-2pc/","https://cdn.shopify.com/s/files/1/0906/1783/9987/files/IMG_0455.jpg?v=1790332893","Mix Brand","Women > Unstitched Suits > Formal"
"MIXBRAND-PRNKHD-2P-BL-361","Mix Brand Digital Printed Allover Khaddar 2PC — 361","Mix Brand Digital Printed Allover Khaddar 2PC — 361. 2 Piece unstitched suit by Mix Brand. Available to order with Cash on Delivery in Pakistan; final stock is confirmed before dispatch.","in stock","new","2095.00 PKR","https://alhumacollection.com/products/mixbrand-prnkhd-2p-bl-361-mix-brand-digital-printed-allover-khaddar-2pc/","https://cdn.shopify.com/s/files/1/0906/1783/9987/files/IMG_0456.jpg?v=1790332839","Mix Brand","Women > Unstitched Suits > Formal"
"MIXBRAND-PRNKHD-2P-BL-363","Mix Brand Digital Printed Allover Khaddar 2PC — 363","Mix Brand Digital Printed Allover Khaddar 2PC — 363. 2 Piece unstitched suit by Mix Brand. Available to order with Cash on Delivery in Pakistan; final stock is confirmed before dispatch.","in stock","new","2095.00 PKR","https://alhumacollection.com/products/mixbrand-prnkhd-2p-bl-363-mix-brand-digital-printed-allover-khaddar-2pc/","https://cdn.shopify.com/s/files/1/0906/1783/9987/files/IMG_0409.jpg?v=1790322037","Mix Brand","Women > Unstitched Suits > Formal"
"MIXBRAND-PRNKHD-2P-BL-364","Mix Brand Digital Printed Allover Khaddar 2PC — 364","Mix Brand Digital Printed Allover Khaddar 2PC — 364. 2 Piece unstitched suit by Mix Brand. Available to order with Cash on Delivery in Pakistan; final stock is confirmed before dispatch.","in stock","new","2095.00 PKR","https://alhumacollection.com/products/mixbrand-prnkhd-2p-bl-364-mix-brand-digital-printed-allover-khaddar-2pc/","https://cdn.shopify.com/s/files/1/0906/1783/9987/files/IMG_0451.jpg?v=1790333101","Mix Brand","Women > Unstitched Suits > Formal"
"MIXBRAND-PRNKHD-2P-BL-365","Mix Brand Digital Printed Allover Khaddar 2PC — 365","Mix Brand Digital Printed Allover Khaddar 2PC — 365. 2 Piece unstitched suit by Mix Brand. Available to order with Cash on Delivery in Pakistan; final stock is confirmed before dispatch.","in stock","new","2095.00 PKR","https://alhumacollection.com/products/mixbrand-prnkhd-2p-bl-365-mix-brand-digital-printed-allover-khaddar-2pc/","https://cdn.shopify.com/s/files/1/0906/1783/9987/files/IMG-0450.jpg?v=1790271613","Mix Brand","Women > Unstitched Suits > Formal"
"MIXBRAND-PRNKHD-2P-BL-366","Mix Brand Digital Printed Allover Khaddar 2PC — 366","Mix Brand Digital Printed Allover Khaddar 2PC — 366. 2 Piece unstitched suit by Mix Brand. Available to order with Cash on Delivery in Pakistan; final stock is confirmed before dispatch.","in stock","new","2095.00 PKR","https://alhumacollection.com/products/mixbrand-prnkhd-2p-bl-366-mix-brand-digital-printed-allover-khaddar-2pc/","https://cdn.shopify.com/s/files/1/0906/1783/9987/files/IMG_0370.jpg?v=1790236752","Mix Brand","Women > Unstitched Suits > Formal"
"MIXBRAND-PRNKHD-2P-BL-367","Mix Brand Digital Printed Allover Khaddar 2PC — 367","Mix Brand Digital Printed Allover Khaddar 2PC — 367. 2 Piece unstitched suit by Mix Brand. Available to order with Cash on Delivery in Pakistan; final stock is confirmed before dispatch.","in stock","new","2095.00 PKR","https://alhumacollection.com/products/mixbrand-prnkhd-2p-bl-367-mix-brand-digital-printed-allover-khaddar-2pc/","https://cdn.shopify.com/s/files/1/0906/1783/9987/files/IMG_0603.jpg?v=1789979560","Mix Brand","Women > Unstitched Suits > Formal"
"MIXBRAND-PRNKHD-2P-BL-368","Mix Brand Digital Printed Allover Khaddar 2PC — 368","Mix Brand Digital Printed Allover Khaddar 2PC — 368. 2 Piece unstitched suit by Mix Brand. Available to order with Cash on Delivery in Pakistan; final stock is confirmed before dispatch.","in stock","new","2095.00 PKR","https://alhumacollection.com/products/mixbrand-prnkhd-2p-bl-368-mix-brand-digital-printed-allover-khaddar-2pc/","https://cdn.shopify.com/s/files/1/0906/1783/9987/files/IMG_0602.jpg?v=1789977825","Mix Brand","Women > Unstitched Suits > Formal"
"MIXBRAND-PRNKHD-2P-BL-37","Mix Brand Digital Printed Allover Khaddar 2PC — 37","Mix Brand Digital Printed Allover Khaddar 2PC — 37. 2 Piece unstitched suit by Mix Brand. Available to order with Cash on Delivery in Pakistan; final stock is confirmed before dispatch.","in stock","new","2095.00 PKR","https://alhumacollection.com/products/mixbrand-prnkhd-2p-bl-37-mix-brand-digital-printed-allover-khaddar-2pc/","https://cdn.shopify.com/s/files/1/0906/1783/9987/files/WhatsAppImage2026-09-14at1.10.27PM_3.jpg?v=1789373804","Mix Brand","Women > Unstitched Suits > Formal"
"MIXBRAND-PRNKHD-2P-BL-373","Mix Brand Digital Printed Allover Khaddar 2PC — 373","Mix Brand Digital Printed Allover Khaddar 2PC — 373. 2 Piece unstitched suit by Mix Brand. Available to order with Cash on Delivery in Pakistan; final stock is confirmed before dispatch.","in stock","new","2095.00 PKR","https://alhumacollection.com/products/mixbrand-prnkhd-2p-bl-373-mix-brand-digital-printed-allover-khaddar-2pc/","https://cdn.shopify.com/s/files/1/0906/1783/9987/files/IMG_0630.jpg?v=1789993723","Mix Brand","Women > Unstitched Suits > Formal"
"MIXBRAND-PRNKHD-2P-BL-375","Mix Brand Digital Printed Allover Khaddar 2PC — 375","Mix Brand Digital Printed Allover Khaddar 2PC — 375. 2 Piece unstitched suit by Mix Brand. Available to order with Cash on Delivery in Pakistan; final stock is confirmed before dispatch.","in stock","new","2095.00 PKR","https://alhumacollection.com/products/mixbrand-prnkhd-2p-bl-375-mix-brand-digital-printed-allover-khaddar-2pc/","https://cdn.shopify.com/s/files/1/0906/1783/9987/files/IMG_0605.jpg?v=1789979808","Mix Brand","Women > Unstitched Suits > Formal"
"MIXBRAND-PRNKHD-2P-BL-379","Mix Brand Digital Printed Allover Khaddar 2PC — 379","Mix Brand Digital Printed Allover Khaddar 2PC — 379. 2 Piece unstitched suit by Mix Brand. Available to order with Cash on Delivery in Pakistan; final stock is confirmed before dispatch.","in stock","new","2095.00 PKR","https://alhumacollection.com/products/mixbrand-prnkhd-2p-bl-379-mix-brand-digital-printed-allover-khaddar-2pc/","https://cdn.shopify.com/s/files/1/0906/1783/9987/files/IMG_0589.jpg?v=1789976589","Mix Brand","Women > Unstitched Suits > Formal"
"MIXBRAND-PRNKHD-2P-BL-38","Mix Brand Digital Printed Allover Khaddar 2PC — 38","Mix Brand Digital Printed Allover Khaddar 2PC — 38. 2 Piece unstitched suit by Mix Brand. Available to order with Cash on Delivery in Pakistan; final stock is confirmed before dispatch.","in stock","new","2095.00 PKR","https://alhumacollection.com/products/mixbrand-prnkhd-2p-bl-38-mix-brand-digital-printed-allover-khaddar-2pc/","https://cdn.shopify.com/s/files/1/0906/1783/9987/files/WhatsAppImage2026-09-14at1.10.26PM_2.jpg?v=1789374773","Mix Brand","Women > Unstitched Suits > Formal"
"MIXBRAND-PRNKHD-2P-BL-384","Mix Brand Digital Printed Allover Khaddar 2PC — 384","Mix Brand Digital Printed Allover Khaddar 2PC — 384. 2 Piece unstitched suit by Mix Brand. Available to order with Cash on Delivery in Pakistan; final stock is confirmed before dispatch.","in stock","new","2095.00 PKR","https://alhumacollection.com/products/mixbrand-prnkhd-2p-bl-384-mix-brand-digital-printed-allover-khaddar-2pc/","https://cdn.shopify.com/s/files/1/0906/1783/9987/files/IMG_0625.jpg?v=1789993381","Mix Brand","Women > Unstitched Suits > Formal"
"MIXBRAND-PRNKHD-2P-BL-386","Mix Brand Digital Printed Allover Khaddar 2PC — 386","Mix Brand Digital Printed Allover Khaddar 2PC — 386. 2 Piece unstitched suit by Mix Brand. Available to order with Cash on Delivery in Pakistan; final stock is confirmed before dispatch.","in stock","new","2095.00 PKR","https://alhumacollection.com/products/mixbrand-prnkhd-2p-bl-386-mix-brand-digital-printed-allover-khaddar-2pc/","https://cdn.shopify.com/s/files/1/0906/1783/9987/files/IMG_0620.jpg?v=1789993062","Mix Brand","Women > Unstitched Suits > Formal"
"MIXBRAND-PRNKHD-2P-BL-388","Mix Brand Digital Printed Allover Khaddar 2PC — 388","Mix Brand Digital Printed Allover Khaddar 2PC — 388. 2 Piece unstitched suit by Mix Brand. Available to order with Cash on Delivery in Pakistan; final stock is confirmed before dispatch.","in stock","new","2095.00 PKR","https://alhumacollection.com/products/mixbrand-prnkhd-2p-bl-388-mix-brand-digital-printed-allover-khaddar-2pc/","https://cdn.shopify.com/s/files/1/0906/1783/9987/files/IMG_0622.jpg?v=1789993156","Mix Brand","Women > Unstitched Suits > Formal"
"MIXBRAND-PRNKHD-2P-BL-389","Mix Brand Digital Printed Allover Khaddar 2PC — 389","Mix Brand Digital Printed Allover Khaddar 2PC — 389. 2 Piece unstitched suit by Mix Brand. Available to order with Cash on Delivery in Pakistan; final stock is confirmed before dispatch.","in stock","new","2095.00 PKR","https://alhumacollection.com/products/mixbrand-prnkhd-2p-bl-389-mix-brand-digital-printed-allover-khaddar-2pc/","https://cdn.shopify.com/s/files/1/0906/1783/9987/files/IMG_0469.jpg?v=1790331283","Mix Brand","Women > Unstitched Suits > Formal"
"MIXBRAND-PRNKHD-2P-BL-39","Mix Brand Digital Printed Allover Khaddar 2PC — 39","Mix Brand Digital Printed Allover Khaddar 2PC — 39. 2 Piece unstitched suit by Mix Brand. Available to order with Cash on Delivery in Pakistan; final stock is confirmed before dispatch.","in stock","new","2095.00 PKR","https://alhumacollection.com/products/mixbrand-prnkhd-2p-bl-39-mix-brand-digital-printed-allover-khaddar-2pc/","https://cdn.shopify.com/s/files/1/0906/1783/9987/files/WhatsAppImage2026-09-14at2.08.55PM.jpg?v=1789376989","Mix Brand","Women > Unstitched Suits > Formal"
"MIXBRAND-PRNKHD-2P-BL-390","Mix Brand Digital Printed Allover Khaddar 2PC — 390","Mix Brand Digital Printed Allover Khaddar 2PC — 390. 2 Piece unstitched suit by Mix Brand. Available to order with Cash on Delivery in Pakistan; final stock is confirmed before dispatch.","in stock","new","2095.00 PKR","https://alhumacollection.com/products/mixbrand-prnkhd-2p-bl-390-mix-brand-digital-printed-allover-khaddar-2pc/","https://cdn.shopify.com/s/files/1/0906/1783/9987/files/IMG_0470.jpg?v=1790331231","Mix Brand","Women > Unstitched Suits > Formal"
"MIXBRAND-PRNKHD-2P-BL-391","Mix Brand Digital Printed Allover Khaddar 2PC — 391","Mix Brand Digital Printed Allover Khaddar 2PC — 391. 2 Piece unstitched suit by Mix Brand. Available to order with Cash on Delivery in Pakistan; final stock is confirmed before dispatch.","in stock","new","2095.00 PKR","https://alhumacollection.com/products/mixbrand-prnkhd-2p-bl-391-mix-brand-digital-printed-allover-khaddar-2pc/","https://cdn.shopify.com/s/files/1/0906/1783/9987/files/IMG_0394.jpg?v=1790320281","Mix Brand","Women > Unstitched Suits > Formal"
"MIXBRAND-PRNKHD-2P-BL-392","Mix Brand Digital Printed Allover Khaddar 2PC — 392","Mix Brand Digital Printed Allover Khaddar 2PC — 392. 2 Piece unstitched suit by Mix Brand. Available to order with Cash on Delivery in Pakistan; final stock is confirmed before dispatch.","in stock","new","2095.00 PKR","https://alhumacollection.com/products/mixbrand-prnkhd-2p-bl-392-mix-brand-digital-printed-allover-khaddar-2pc/","https://cdn.shopify.com/s/files/1/0906/1783/9987/files/IMG_0376.jpg?v=1790318167","Mix Brand","Women > Unstitched Suits > Formal"
"MIXBRAND-PRNKHD-2P-BL-393","Mix Brand Digital Printed Allover Khaddar 2PC — 393","Mix Brand Digital Printed Allover Khaddar 2PC — 393. 2 Piece unstitched suit by Mix Brand. Available to order with Cash on Delivery in Pakistan; final stock is confirmed before dispatch.","in stock","new","2095.00 PKR","https://alhumacollection.com/products/mixbrand-prnkhd-2p-bl-393-mix-brand-digital-printed-allover-khaddar-2pc/","https://cdn.shopify.com/s/files/1/0906/1783/9987/files/IMG_0375.jpg?v=1790318098","Mix Brand","Women > Unstitched Suits > Formal"
"MIXBRAND-PRNKHD-2P-BL-395","Mix Brand Digital Printed Allover Khaddar 2PC — 395","Mix Brand Digital Printed Allover Khaddar 2PC — 395. 2 Piece unstitched suit by Mix Brand. Available to order with Cash on Delivery in Pakistan; final stock is confirmed before dispatch.","in stock","new","2095.00 PKR","https://alhumacollection.com/products/mixbrand-prnkhd-2p-bl-395-mix-brand-digital-printed-allover-khaddar-2pc/","https://cdn.shopify.com/s/files/1/0906/1783/9987/files/IMG-0453.jpg?v=1790270444","Mix Brand","Women > Unstitched Suits > Formal"
"MIXBRAND-PRNKHD-2P-BL-397","Mix Brand Digital Printed Allover Khaddar 2PC — 397","Mix Brand Digital Printed Allover Khaddar 2PC — 397. 2 Piece unstitched suit by Mix Brand. Available to order with Cash on Delivery in Pakistan; final stock is confirmed before dispatch.","in stock","new","2095.00 PKR","https://alhumacollection.com/products/mixbrand-prnkhd-2p-bl-397-mix-brand-digital-printed-allover-khaddar-2pc/","https://cdn.shopify.com/s/files/1/0906/1783/9987/files/IMG_0616.jpg?v=1789992773","Mix Brand","Women > Unstitched Suits > Formal"
"MIXBRAND-PRNKHD-2P-BL-04","Mix Brand Digital Printed Allover Khaddar 2PC — 4","Mix Brand Digital Printed Allover Khaddar 2PC — 4. 2 Piece unstitched suit by Mix Brand. Available to order with Cash on Delivery in Pakistan; final stock is confirmed before dispatch.","in stock","new","2095.00 PKR","https://alhumacollection.com/products/mixbrand-prnkhd-2p-bl-04-mix-brand-digital-printed-allover-khaddar-2pc/","https://cdn.shopify.com/s/files/1/0906/1783/9987/files/04_1a4cc8f4-748b-4940-b7c5-556cfabeb4e4.jpg?v=1789230443","Mix Brand","Women > Unstitched Suits > Formal"
"MIXBRAND-PRNKHD-2P-BL-40","Mix Brand Digital Printed Allover Khaddar 2PC — 40","Mix Brand Digital Printed Allover Khaddar 2PC — 40. 2 Piece unstitched suit by Mix Brand. Available to order with Cash on Delivery in Pakistan; final stock is confirmed before dispatch.","in stock","new","2095.00 PKR","https://alhumacollection.com/products/mixbrand-prnkhd-2p-bl-40-mix-brand-digital-printed-allover-khaddar-2pc/","https://cdn.shopify.com/s/files/1/0906/1783/9987/files/WhatsAppImage2026-09-14at2.10.37PM.jpg?v=1789377336","Mix Brand","Women > Unstitched Suits > Formal"
"MIXBRAND-PRNKHD-2P-BL-402","Mix Brand Digital Printed Allover Khaddar 2PC — 402","Mix Brand Digital Printed Allover Khaddar 2PC — 402. 2 Piece unstitched suit by Mix Brand. Available to order with Cash on Delivery in Pakistan; final stock is confirmed before dispatch.","in stock","new","2095.00 PKR","https://alhumacollection.com/products/mixbrand-prnkhd-2p-bl-402-mix-brand-digital-printed-allover-khaddar-2pc/","https://cdn.shopify.com/s/files/1/0906/1783/9987/files/IMG_0472.jpg?v=1790331143","Mix Brand","Women > Unstitched Suits > Formal"
"MIXBRAND-PRNKHD-2P-BL-403","Mix Brand Digital Printed Allover Khaddar 2PC — 403","Mix Brand Digital Printed Allover Khaddar 2PC — 403. 2 Piece unstitched suit by Mix Brand. Available to order with Cash on Delivery in Pakistan; final stock is confirmed before dispatch.","in stock","new","2095.00 PKR","https://alhumacollection.com/products/mixbrand-prnkhd-2p-bl-403-mix-brand-digital-printed-allover-khaddar-2pc/","https://cdn.shopify.com/s/files/1/0906/1783/9987/files/IMG_0473.jpg?v=1790331074","Mix Brand","Women > Unstitched Suits > Formal"
"MIXBRAND-PRNKHD-2P-BL-41","Mix Brand Digital Printed Allover Khaddar 2PC — 41","Mix Brand Digital Printed Allover Khaddar 2PC — 41. 2 Piece unstitched suit by Mix Brand. Available to order with Cash on Delivery in Pakistan; final stock is confirmed before dispatch.","in stock","new","2095.00 PKR","https://alhumacollection.com/products/mixbrand-prnkhd-2p-bl-41-mix-brand-digital-printed-allover-khaddar-2pc/","https://cdn.shopify.com/s/files/1/0906/1783/9987/files/WhatsAppImage2026-09-14at2.08.44PM.jpg?v=1789377148","Mix Brand","Women > Unstitched Suits > Formal"
"MIXBRAND-PRNKHD-2P-BL-43","Mix Brand Digital Printed Allover Khaddar 2PC — 43","Mix Brand Digital Printed Allover Khaddar 2PC — 43. 2 Piece unstitched suit by Mix Brand. Available to order with Cash on Delivery in Pakistan; final stock is confirmed before dispatch.","in stock","new","2095.00 PKR","https://alhumacollection.com/products/mixbrand-prnkhd-2p-bl-43-mix-brand-digital-printed-allover-khaddar-2pc/","https://cdn.shopify.com/s/files/1/0906/1783/9987/files/WhatsAppImage2026-09-14at2.08.48PM.jpg?v=1789377426","Mix Brand","Women > Unstitched Suits > Formal"
"MIXBRAND-PRNKHD-2P-BL-44","Mix Brand Digital Printed Allover Khaddar 2PC — 44","Mix Brand Digital Printed Allover Khaddar 2PC — 44. 2 Piece unstitched suit by Mix Brand. Available to order with Cash on Delivery in Pakistan; final stock is confirmed before dispatch.","in stock","new","2095.00 PKR","https://alhumacollection.com/products/mixbrand-prnkhd-2p-bl-44-mix-brand-digital-printed-allover-khaddar-2pc/","https://cdn.shopify.com/s/files/1/0906/1783/9987/files/WhatsAppImage2026-09-14at2.08.46PM.jpg?v=1789377479","Mix Brand","Women > Unstitched Suits > Formal"
"MIXBRAND-PRNKHD-2P-BL-45","Mix Brand Digital Printed Allover Khaddar 2PC — 45","Mix Brand Digital Printed Allover Khaddar 2PC — 45. 2 Piece unstitched suit by Mix Brand. Available to order with Cash on Delivery in Pakistan; final stock is confirmed before dispatch.","in stock","new","2095.00 PKR","https://alhumacollection.com/products/mixbrand-prnkhd-2p-bl-45-mix-brand-digital-printed-allover-khaddar-2pc/","https://cdn.shopify.com/s/files/1/0906/1783/9987/files/WhatsAppImage2026-09-14at2.08.49PM.jpg?v=1789377517","Mix Brand","Women > Unstitched Suits > Formal"
"MIXBRAND-PRNKHD-2P-BL-46","Mix Brand Digital Printed Allover Khaddar 2PC — 46","Mix Brand Digital Printed Allover Khaddar 2PC — 46. 2 Piece unstitched suit by Mix Brand. Available to order with Cash on Delivery in Pakistan; final stock is confirmed before dispatch.","in stock","new","2095.00 PKR","https://alhumacollection.com/products/mixbrand-prnkhd-2p-bl-46-mix-brand-digital-printed-allover-khaddar-2pc/","https://cdn.shopify.com/s/files/1/0906/1783/9987/files/WhatsAppImage2026-09-14at2.10.31PM.jpg?v=1789377561","Mix Brand","Women > Unstitched Suits > Formal"
"MIXBRAND-PRNKHD-2P-BL-48","Mix Brand Digital Printed Allover Khaddar 2PC — 48","Mix Brand Digital Printed Allover Khaddar 2PC — 48. 2 Piece unstitched suit by Mix Brand. Available to order with Cash on Delivery in Pakistan; final stock is confirmed before dispatch.","in stock","new","2095.00 PKR","https://alhumacollection.com/products/mixbrand-prnkhd-2p-bl-48-mix-brand-digital-printed-allover-khaddar-2pc/","https://cdn.shopify.com/s/files/1/0906/1783/9987/files/WhatsAppImage2026-09-14at1.10.24PM_2.jpg?v=1789375988","Mix Brand","Women > Unstitched Suits > Formal"
"MIXBRAND-PRNKHD-2P-BL-49","Mix Brand Digital Printed Allover Khaddar 2PC — 49","Mix Brand Digital Printed Allover Khaddar 2PC — 49. 2 Piece unstitched suit by Mix Brand. Available to order with Cash on Delivery in Pakistan; final stock is confirmed before dispatch.","in stock","new","2095.00 PKR","https://alhumacollection.com/products/mixbrand-prnkhd-2p-bl-49-mix-brand-digital-printed-allover-khaddar-2pc/","https://cdn.shopify.com/s/files/1/0906/1783/9987/files/WhatsAppImage2026-09-14at2.10.33PM.jpg?v=1789377693","Mix Brand","Women > Unstitched Suits > Formal"
"MIXBRAND-PRNKHD-2P-BL-05","Mix Brand Digital Printed Allover Khaddar 2PC — 5","Mix Brand Digital Printed Allover Khaddar 2PC — 5. 2 Piece unstitched suit by Mix Brand. Available to order with Cash on Delivery in Pakistan; final stock is confirmed before dispatch.","in stock","new","2095.00 PKR","https://alhumacollection.com/products/mixbrand-prnkhd-2p-bl-05-mix-brand-digital-printed-allover-khaddar-2pc/","https://cdn.shopify.com/s/files/1/0906/1783/9987/files/05_0fb550aa-3a5b-4a3f-8806-1fc565ce37d1.jpg?v=1789230419","Mix Brand","Women > Unstitched Suits > Formal"
"MIXBRAND-PRNKHD-2P-BL-50","Mix Brand Digital Printed Allover Khaddar 2PC — 50","Mix Brand Digital Printed Allover Khaddar 2PC — 50. 2 Piece unstitched suit by Mix Brand. Available to order with Cash on Delivery in Pakistan; final stock is confirmed before dispatch.","in stock","new","2095.00 PKR","https://alhumacollection.com/products/mixbrand-prnkhd-2p-bl-50-mix-brand-digital-printed-allover-khaddar-2pc/","https://cdn.shopify.com/s/files/1/0906/1783/9987/files/WhatsAppImage2026-09-14at2.08.33PM.jpg?v=1789377739","Mix Brand","Women > Unstitched Suits > Formal"
"MIXBRAND-PRNKHD-2P-BL-57","Mix Brand Digital Printed Allover Khaddar 2PC — 57","Mix Brand Digital Printed Allover Khaddar 2PC — 57. 2 Piece unstitched suit by Mix Brand. Available to order with Cash on Delivery in Pakistan; final stock is confirmed before dispatch.","in stock","new","2095.00 PKR","https://alhumacollection.com/products/mixbrand-prnkhd-2p-bl-57-mix-brand-digital-printed-allover-khaddar-2pc/","https://cdn.shopify.com/s/files/1/0906/1783/9987/files/WhatsAppImage2026-09-14at2.08.51PM_1.jpg?v=1789401415","Mix Brand","Women > Unstitched Suits > Formal"
"MIXBRAND-PRNKHD-2P-BL-64","Mix Brand Digital Printed Allover Khaddar 2PC — 64","Mix Brand Digital Printed Allover Khaddar 2PC — 64. 2 Piece unstitched suit by Mix Brand. Available to order with Cash on Delivery in Pakistan; final stock is confirmed before dispatch.","in stock","new","2095.00 PKR","https://alhumacollection.com/products/mixbrand-prnkhd-2p-bl-64-mix-brand-digital-printed-allover-khaddar-2pc/","https://cdn.shopify.com/s/files/1/0906/1783/9987/files/WhatsAppImage2026-09-14at2.08.32PM.jpg?v=1789402237","Mix Brand","Women > Unstitched Suits > Formal"
"MIXBRAND-PRNKHD-2P-BL-07","Mix Brand Digital Printed Allover Khaddar 2PC — 7","Mix Brand Digital Printed Allover Khaddar 2PC — 7. 2 Piece unstitched suit by Mix Brand. Available to order with Cash on Delivery in Pakistan; final stock is confirmed before dispatch.","in stock","new","2095.00 PKR","https://alhumacollection.com/products/mixbrand-prnkhd-2p-bl-07-mix-brand-digital-printed-allover-khaddar-2pc/","https://cdn.shopify.com/s/files/1/0906/1783/9987/files/07_98957a50-95fa-4796-b999-462d7e40ba86.jpg?v=1789229835","Mix Brand","Women > Unstitched Suits > Formal"
"MIXBRAND-PRNKHD-2P-BL-09","Mix Brand Digital Printed Allover Khaddar 2PC — 9","Mix Brand Digital Printed Allover Khaddar 2PC — 9. 2 Piece unstitched suit by Mix Brand. Available to order with Cash on Delivery in Pakistan; final stock is confirmed before dispatch.","in stock","new","2095.00 PKR","https://alhumacollection.com/products/mixbrand-prnkhd-2p-bl-09-mix-brand-digital-printed-allover-khaddar-2pc/","https://cdn.shopify.com/s/files/1/0906/1783/9987/files/09_d3461e00-584a-46ff-b173-a2bf14831969.jpg?v=1789230320","Mix Brand","Women > Unstitched Suits > Formal"
"SLUB-KHADDAR-EMBROIDERED-A10","Mohagni Printed Slub Khaddar With Emb Patches 3PC — 10","Mohagni Printed Slub Khaddar With Emb Patches 3PC — 10. 3 Piece unstitched suit by Mohagni. Available to order with Cash on Delivery in Pakistan; final stock is confirmed before dispatch.","in stock","new","5895.00 PKR","https://alhumacollection.com/products/slub-khaddar-embroidered-a10-mohagni-printed-slub-khaddar-with-emb-patches-3pc/","https://cdn.shopify.com/s/files/1/0906/1783/9987/files/Gemini_Generated_Image_alovmwalovmwalov.jpg?v=1788962748","Mohagni","Women > Unstitched Suits > Formal"
"MOTZ-EMBLWN-CEDAR-5850","CEDAR — 5850","CEDAR — 5850. 3 Piece unstitched suit by Motifz. Available to order with Cash on Delivery in Pakistan; final stock is confirmed before dispatch.","in stock","new","9000.00 PKR","https://alhumacollection.com/products/motz-emblwn-cedar-5850-cedar/","https://cdn.shopify.com/s/files/1/0906/1783/9987/files/21_20d1d495-6129-4826-8a0d-aa91c0557597.jpg?v=1783158357","Motifz","Women > Unstitched Suits > Luxury"
"MOTZ-EMBLWN-INDIGO-5852","INDIGO — 5852","INDIGO — 5852. 3 Piece unstitched suit by Motifz. Available to order with Cash on Delivery in Pakistan; final stock is confirmed before dispatch.","in stock","new","9000.00 PKR","https://alhumacollection.com/products/motz-emblwn-indigo-5852-indigo/","https://cdn.shopify.com/s/files/1/0906/1783/9987/files/26_cfcb8234-2479-48c1-893e-0b0af78a8011.jpg?v=1783158364","Motifz","Women > Unstitched Suits > Luxury"
"MOTZ-EMBLWN-IVY-5845","IVY — 5845","IVY — 5845. 3 Piece unstitched suit by Motifz. Available to order with Cash on Delivery in Pakistan; final stock is confirmed before dispatch.","in stock","new","9000.00 PKR","https://alhumacollection.com/products/motz-emblwn-ivy-5845-ivy/","https://cdn.shopify.com/s/files/1/0906/1783/9987/files/6_67026dad-f195-4b5e-88ea-ee3743428585.jpg?v=1783158371","Motifz","Women > Unstitched Suits > Luxury"
"MOTZ-EMBLWN-JASMN-5846","JASMN — 5846","JASMN — 5846. 3 Piece unstitched suit by Motifz. Available to order with Cash on Delivery in Pakistan; final stock is confirmed before dispatch.","in stock","new","9000.00 PKR","https://alhumacollection.com/products/motz-emblwn-jasmn-5846-jasmn/","https://cdn.shopify.com/s/files/1/0906/1783/9987/files/8_44dba46e-988f-474f-baa1-440ce963fec9.jpg?v=1783158362","Motifz","Women > Unstitched Suits > Luxury"
"MOTZ-EMBLWN-SOREL-5851","SOREL — 5851","SOREL — 5851. 3 Piece unstitched suit by Motifz. Available to order with Cash on Delivery in Pakistan; final stock is confirmed before dispatch.","in stock","new","9000.00 PKR","https://alhumacollection.com/products/motz-emblwn-sorel-5851-sorel/","https://cdn.shopify.com/s/files/1/0906/1783/9987/files/23_4018b571-a0c0-4adc-97d3-be0369b806f4.jpg?v=1783158366","Motifz","Women > Unstitched Suits > Luxury"
"MOTZ-EMBLWN-ZINIA-5844","ZINIA — 5844","ZINIA — 5844. 3 Piece unstitched suit by Motifz. Available to order with Cash on Delivery in Pakistan; final stock is confirmed before dispatch.","in stock","new","9000.00 PKR","https://alhumacollection.com/products/motz-emblwn-zinia-5844-zinia/","https://cdn.shopify.com/s/files/1/0906/1783/9987/files/3_7b6aeb07-bd54-4715-9672-0009a0dd26ca.jpg?v=1783158370","Motifz","Women > Unstitched Suits > Luxury"
"RIJJA-PRN-KHD-V3-3P-01","Rijja By Murashe Digital Printed Khaddar 3PC — 1","Rijja By Murashe Digital Printed Khaddar 3PC — 1. 3 Piece unstitched suit by Murashe. Available to order with Cash on Delivery in Pakistan; final stock is confirmed before dispatch.","in stock","new","3295.00 PKR","https://alhumacollection.com/products/rijja-prn-khd-v3-3p-01-rijja-by-murashe-digital-printed-khaddar-3pc/","https://cdn.shopify.com/s/files/1/0906/1783/9987/files/IMG_0485.jpg?v=1790171679","Murashe","Women > Unstitched Suits > Formal"
"RIJJA-PRN-KHD-V1-3P-02","Rijja By Murashe Digital Printed Khaddar 3PC — 2","Rijja By Murashe Digital Printed Khaddar 3PC — 2. 3 Piece unstitched suit by Murashe. Available to order with Cash on Delivery in Pakistan; final stock is confirmed before dispatch.","in stock","new","3295.00 PKR","https://alhumacollection.com/products/rijja-prn-khd-v1-3p-02-rijja-by-murashe-digital-printed-khaddar-3pc/","https://cdn.shopify.com/s/files/1/0906/1783/9987/files/IMG-0814_df19ebf8-deff-4173-b659-7344729c1715.jpg?v=1790089970","Murashe","Women > Unstitched Suits > Formal"
"RIJJA-PRN-KHD-V3-3P-03","Rijja By Murashe Digital Printed Khaddar 3PC — 3","Rijja By Murashe Digital Printed Khaddar 3PC — 3. 3 Piece unstitched suit by Murashe. Available to order with Cash on Delivery in Pakistan; final stock is confirmed before dispatch.","in stock","new","3295.00 PKR","https://alhumacollection.com/products/rijja-prn-khd-v3-3p-03-rijja-by-murashe-digital-printed-khaddar-3pc/","https://cdn.shopify.com/s/files/1/0906/1783/9987/files/IMG_0508.jpg?v=1790171745","Murashe","Women > Unstitched Suits > Formal"
"RIJJA-PRN-KHD-V2-3P-04","Rijja By Murashe Digital Printed Khaddar 3PC — 4","Rijja By Murashe Digital Printed Khaddar 3PC — 4. 3 Piece unstitched suit by Murashe. Available to order with Cash on Delivery in Pakistan; final stock is confirmed before dispatch.","in stock","new","3295.00 PKR","https://alhumacollection.com/products/rijja-prn-khd-v2-3p-04-rijja-by-murashe-digital-printed-khaddar-3pc/","https://cdn.shopify.com/s/files/1/0906/1783/9987/files/IMG_0500.jpg?v=1790170742","Murashe","Women > Unstitched Suits > Formal"
"RIJJA-PRN-KHD-V2-3P-06","Rijja By Murashe Digital Printed Khaddar 3PC — 6 — RIJJA-PRN-KHD-V2-3P-06","Rijja By Murashe Digital Printed Khaddar 3PC — 6 — RIJJA-PRN-KHD-V2-3P-06. 3 Piece unstitched suit by Murashe. Available to order with Cash on Delivery in Pakistan; final stock is confirmed before dispatch.","in stock","new","3295.00 PKR","https://alhumacollection.com/products/rijja-prn-khd-v2-3p-06-rijja-by-murashe-digital-printed-khaddar-3pc/","https://cdn.shopify.com/s/files/1/0906/1783/9987/files/IMG_0502.jpg?v=1790170858","Murashe","Women > Unstitched Suits > Formal"
"RIJJA-PRN-KHD-V1-3P-06","Rijja By Murashe Digital Printed Khaddar 3PC — 6 — RIJJA-PRN-KHD-V1-3P-06","Rijja By Murashe Digital Printed Khaddar 3PC — 6 — RIJJA-PRN-KHD-V1-3P-06. 3 Piece unstitched suit by Murashe. Available to order with Cash on Delivery in Pakistan; final stock is confirmed before dispatch.","in stock","new","3295.00 PKR","https://alhumacollection.com/products/rijja-prn-khd-v1-3p-06-rijja-by-murashe-digital-printed-khaddar-3pc/","https://cdn.shopify.com/s/files/1/0906/1783/9987/files/IMG-0826_05d481a0-36de-457e-969a-8382d8ee2e8f.jpg?v=1790090127","Murashe","Women > Unstitched Suits > Formal"
"RIJJA-PRN-KHD-V1-3P-07","Rijja By Murashe Digital Printed Khaddar 3PC — 7","Rijja By Murashe Digital Printed Khaddar 3PC — 7. 3 Piece unstitched suit by Murashe. Available to order with Cash on Delivery in Pakistan; final stock is confirmed before dispatch.","in stock","new","3295.00 PKR","https://alhumacollection.com/products/rijja-prn-khd-v1-3p-07-rijja-by-murashe-digital-printed-khaddar-3pc/","https://cdn.shopify.com/s/files/1/0906/1783/9987/files/IMG-0820_59ddd072-11a8-41a2-b3d0-4edbd025c9fd.jpg?v=1790090389","Murashe","Women > Unstitched Suits > Formal"
"RIJJA-PRN-KHD-V2-3P-08","Rijja By Murashe Digital Printed Khaddar 3PC — 8","Rijja By Murashe Digital Printed Khaddar 3PC — 8. 3 Piece unstitched suit by Murashe. Available to order with Cash on Delivery in Pakistan; final stock is confirmed before dispatch.","in stock","new","3295.00 PKR","https://alhumacollection.com/products/rijja-prn-khd-v2-3p-08-rijja-by-murashe-digital-printed-khaddar-3pc/","https://cdn.shopify.com/s/files/1/0906/1783/9987/files/IMG_0504.jpg?v=1790170839","Murashe","Women > Unstitched Suits > Formal"
"RIJJA-PRN-VISC-V2-3P-01","Rijja By Murashe Premium Printed Linen Viscose 3PC — 1 — RIJJA-PRN-VISC-V2-3P-01","Rijja By Murashe Premium Printed Linen Viscose 3PC — 1 — RIJJA-PRN-VISC-V2-3P-01. 3 Piece unstitched suit by Murashe. Available to order with Cash on Delivery in Pakistan; final stock is confirmed before dispatch.","in stock","new","3550.00 PKR","https://alhumacollection.com/products/rijja-prn-visc-v2-3p-01-rijja-by-murashe-premium-printed-linen-viscose-3pc/","https://cdn.shopify.com/s/files/1/0906/1783/9987/files/01_2_bdc9d11a-e489-4aa3-9e61-0928c6836b0f.jpg?v=1789109386","Murashe","Women > Unstitched Suits > Formal"
"RIJJA-PRN-VISC-V1-3P-01","Rijja By Murashe Premium Printed Linen Viscose 3PC — 1 — RIJJA-PRN-VISC-V1-3P-01","Rijja By Murashe Premium Printed Linen Viscose 3PC — 1 — RIJJA-PRN-VISC-V1-3P-01. 3 Piece unstitched suit by Murashe. Available to order with Cash on Delivery in Pakistan; final stock is confirmed before dispatch.","in stock","new","3550.00 PKR","https://alhumacollection.com/products/rijja-prn-visc-v1-3p-01-rijja-by-murashe-premium-printed-linen-viscose-3pc/","https://cdn.shopify.com/s/files/1/0906/1783/9987/files/01_2_287f1103-a6ce-4b6d-a79f-bb7c02b23ca7.jpg?v=1788624190","Murashe","Women > Unstitched Suits > Formal"
"RIJJA-PRN-VISC-V2-3P-10","Rijja By Murashe Premium Printed Linen Viscose 3PC — 10 — RIJJA-PRN-VISC-V2-3P-10","Rijja By Murashe Premium Printed Linen Viscose 3PC — 10 — RIJJA-PRN-VISC-V2-3P-10. 3 Piece unstitched suit by Murashe. Available to order with Cash on Delivery in Pakistan; final stock is confirmed before dispatch.","in stock","new","3550.00 PKR","https://alhumacollection.com/products/rijja-prn-visc-v2-3p-10-rijja-by-murashe-premium-printed-linen-viscose-3pc/","https://cdn.shopify.com/s/files/1/0906/1783/9987/files/10_2_e0d70f14-2522-4bc6-b38d-ca9001f9a1b1.jpg?v=1789109028","Murashe","Women > Unstitched Suits > Formal"
"RIJJA-PRN-VISC-V1-3P-10","Rijja By Murashe Premium Printed Linen Viscose 3PC — 10 — RIJJA-PRN-VISC-V1-3P-10","Rijja By Murashe Premium Printed Linen Viscose 3PC — 10 — RIJJA-PRN-VISC-V1-3P-10. 3 Piece unstitched suit by Murashe. Available to order with Cash on Delivery in Pakistan; final stock is confirmed before dispatch.","in stock","new","3550.00 PKR","https://alhumacollection.com/products/rijja-prn-visc-v1-3p-10-rijja-by-murashe-premium-printed-linen-viscose-3pc/","https://cdn.shopify.com/s/files/1/0906/1783/9987/files/10_2_a0c7869d-c72a-4b62-a766-b409e9cbdb8e.jpg?v=1788623935","Murashe","Women > Unstitched Suits > Formal"
"RIJJA-PRN-VISC-V2-3P-02","Rijja By Murashe Premium Printed Linen Viscose 3PC — 2","Rijja By Murashe Premium Printed Linen Viscose 3PC — 2. 3 Piece unstitched suit by Murashe. Available to order with Cash on Delivery in Pakistan; final stock is confirmed before dispatch.","in stock","new","3550.00 PKR","https://alhumacollection.com/products/rijja-prn-visc-v2-3p-02-rijja-by-murashe-premium-printed-linen-viscose-3pc/","https://cdn.shopify.com/s/files/1/0906/1783/9987/files/02_2_024d9687-ee19-462e-8803-d07a5a4ce74d.jpg?v=1789109355","Murashe","Women > Unstitched Suits > Formal"
"RIJJA-PRN-VISC-V2-3P-03","Rijja By Murashe Premium Printed Linen Viscose 3PC — 3","Rijja By Murashe Premium Printed Linen Viscose 3PC — 3. 3 Piece unstitched suit by Murashe. Available to order with Cash on Delivery in Pakistan; final stock is confirmed before dispatch.","in stock","new","3550.00 PKR","https://alhumacollection.com/products/rijja-prn-visc-v2-3p-03-rijja-by-murashe-premium-printed-linen-viscose-3pc/","https://cdn.shopify.com/s/files/1/0906/1783/9987/files/03_2_fa88459a-a5e4-4f2e-bf33-c9c10866ad6c.jpg?v=1789109406","Murashe","Women > Unstitched Suits > Formal"
"RIJJA-PRN-VISC-V2-3P-04","Rijja By Murashe Premium Printed Linen Viscose 3PC — 4 — RIJJA-PRN-VISC-V2-3P-04","Rijja By Murashe Premium Printed Linen Viscose 3PC — 4 — RIJJA-PRN-VISC-V2-3P-04. 3 Piece unstitched suit by Murashe. Available to order with Cash on Delivery in Pakistan; final stock is confirmed before dispatch.","in stock","new","3550.00 PKR","https://alhumacollection.com/products/rijja-prn-visc-v2-3p-04-rijja-by-murashe-premium-printed-linen-viscose-3pc/","https://cdn.shopify.com/s/files/1/0906/1783/9987/files/04_2_76cb3f37-e947-45c2-817f-cd7a2ee43690.jpg?v=1789109330","Murashe","Women > Unstitched Suits > Formal"
"RIJJA-PRN-VISC-V1-3P-04","Rijja By Murashe Premium Printed Linen Viscose 3PC — 4 — RIJJA-PRN-VISC-V1-3P-04","Rijja By Murashe Premium Printed Linen Viscose 3PC — 4 — RIJJA-PRN-VISC-V1-3P-04. 3 Piece unstitched suit by Murashe. Available to order with Cash on Delivery in Pakistan; final stock is confirmed before dispatch.","in stock","new","3550.00 PKR","https://alhumacollection.com/products/rijja-prn-visc-v1-3p-04-rijja-by-murashe-premium-printed-linen-viscose-3pc/","https://cdn.shopify.com/s/files/1/0906/1783/9987/files/04_2_b15d29f2-74fb-4beb-9794-669519748175.jpg?v=1788624116","Murashe","Women > Unstitched Suits > Formal"
"RIJJA-PRN-VISC-V1-3P-05","Rijja By Murashe Premium Printed Linen Viscose 3PC — 5","Rijja By Murashe Premium Printed Linen Viscose 3PC — 5. 3 Piece unstitched suit by Murashe. Available to order with Cash on Delivery in Pakistan; final stock is confirmed before dispatch.","in stock","new","3550.00 PKR","https://alhumacollection.com/products/rijja-prn-visc-v1-3p-05-rijja-by-murashe-premium-printed-linen-viscose-3pc/","https://cdn.shopify.com/s/files/1/0906/1783/9987/files/05_2_48fff97f-a938-4cb2-8774-a3d553c6a7d9.jpg?v=1788624061","Murashe","Women > Unstitched Suits > Formal"
"RIJJA-PRN-VISC-V2-3P-06","Rijja By Murashe Premium Printed Linen Viscose 3PC — 6","Rijja By Murashe Premium Printed Linen Viscose 3PC — 6. 3 Piece unstitched suit by Murashe. Available to order with Cash on Delivery in Pakistan; final stock is confirmed before dispatch.","in stock","new","3550.00 PKR","https://alhumacollection.com/products/rijja-prn-visc-v2-3p-06-rijja-by-murashe-premium-printed-linen-viscose-3pc/","https://cdn.shopify.com/s/files/1/0906/1783/9987/files/06_2_cea1e387-3605-4ec9-8318-60019ea95b92.jpg?v=1789109109","Murashe","Women > Unstitched Suits > Formal"
"RIJJA-PRN-VISC-V2-3P-07","Rijja By Murashe Premium Printed Linen Viscose 3PC — 7 — RIJJA-PRN-VISC-V2-3P-07","Rijja By Murashe Premium Printed Linen Viscose 3PC — 7 — RIJJA-PRN-VISC-V2-3P-07. 3 Piece unstitched suit by Murashe. Available to order with Cash on Delivery in Pakistan; final stock is confirmed before dispatch.","in stock","new","3550.00 PKR","https://alhumacollection.com/products/rijja-prn-visc-v2-3p-07-rijja-by-murashe-premium-printed-linen-viscose-3pc/","https://cdn.shopify.com/s/files/1/0906/1783/9987/files/07_2_0a14bb68-cf79-4fd0-8ac4-fcbce0b97071.jpg?v=1789109176","Murashe","Women > Unstitched Suits > Formal"
"RIJJA-PRN-VISC-V1-3P-07","Rijja By Murashe Premium Printed Linen Viscose 3PC — 7 — RIJJA-PRN-VISC-V1-3P-07","Rijja By Murashe Premium Printed Linen Viscose 3PC — 7 — RIJJA-PRN-VISC-V1-3P-07. 3 Piece unstitched suit by Murashe. Available to order with Cash on Delivery in Pakistan; final stock is confirmed before dispatch.","in stock","new","3550.00 PKR","https://alhumacollection.com/products/rijja-prn-visc-v1-3p-07-rijja-by-murashe-premium-printed-linen-viscose-3pc/","https://cdn.shopify.com/s/files/1/0906/1783/9987/files/07_2_0f97ddff-43e3-4df2-b623-66217ff81dfe.jpg?v=1788624006","Murashe","Women > Unstitched Suits > Formal"
"RIJJA-PRN-VISC-V2-3P-08","Rijja By Murashe Premium Printed Linen Viscose 3PC — 8 — RIJJA-PRN-VISC-V2-3P-08","Rijja By Murashe Premium Printed Linen Viscose 3PC — 8 — RIJJA-PRN-VISC-V2-3P-08. 3 Piece unstitched suit by Murashe. Available to order with Cash on Delivery in Pakistan; final stock is confirmed before dispatch.","in stock","new","3550.00 PKR","https://alhumacollection.com/products/rijja-prn-visc-v2-3p-08-rijja-by-murashe-premium-printed-linen-viscose-3pc/","https://cdn.shopify.com/s/files/1/0906/1783/9987/files/08_2_c73da4b9-9621-4f8b-aa64-ee22995796b0.jpg?v=1789109147","Murashe","Women > Unstitched Suits > Formal"
"RIJJA-PRN-VISC-V1-3P-08","Rijja By Murashe Premium Printed Linen Viscose 3PC — 8 — RIJJA-PRN-VISC-V1-3P-08","Rijja By Murashe Premium Printed Linen Viscose 3PC — 8 — RIJJA-PRN-VISC-V1-3P-08. 3 Piece unstitched suit by Murashe. Available to order with Cash on Delivery in Pakistan; final stock is confirmed before dispatch.","in stock","new","3550.00 PKR","https://alhumacollection.com/products/rijja-prn-visc-v1-3p-08-rijja-by-murashe-premium-printed-linen-viscose-3pc/","https://cdn.shopify.com/s/files/1/0906/1783/9987/files/08_2_279a9772-f250-40ab-976c-bd3c5b506d13.jpg?v=1788624039","Murashe","Women > Unstitched Suits > Formal"
"RIJJA-PRN-VISC-V1-3P-09","Rijja By Murashe Premium Printed Linen Viscose 3PC — 9","Rijja By Murashe Premium Printed Linen Viscose 3PC — 9. 3 Piece unstitched suit by Murashe. Available to order with Cash on Delivery in Pakistan; final stock is confirmed before dispatch.","in stock","new","3550.00 PKR","https://alhumacollection.com/products/rijja-prn-visc-v1-3p-09-rijja-by-murashe-premium-printed-linen-viscose-3pc/","https://cdn.shopify.com/s/files/1/0906/1783/9987/files/09_2_130aa8ae-ef75-47ba-9ab6-759e284a6469.jpg?v=1788623963","Murashe","Women > Unstitched Suits > Formal"
"MUSHQ-EMB-PLAIN-3P-1881","Mushq Luxury Embroidered Lawn 3PC — 1881","Mushq Luxury Embroidered Lawn 3PC — 1881. 3 Piece unstitched suit by Mushq. Available to order with Cash on Delivery in Pakistan; final stock is confirmed before dispatch.","in stock","new","6112.00 PKR","https://alhumacollection.com/products/mushq-emb-plain-3p-1881-mushq-luxury-embroidered-lawn-3pc/","https://cdn.shopify.com/s/files/1/0906/1783/9987/files/F18B5D8E-E9CE-4DD4-934B-11F15F1B1C53.jpg?v=1774991554","Mushq","Women > Unstitched Suits > Luxury"
"B&V-NAQSH-JAC-VISC-3P-HM-151","Bloom & Vogue By Naqsh Digital Printed Self Jacquard Viscose 3PC — 151","Bloom & Vogue By Naqsh Digital Printed Self Jacquard Viscose 3PC — 151. 3 Piece unstitched suit by Naqsh. Available to order with Cash on Delivery in Pakistan; final stock is confirmed before dispatch.","in stock","new","4400.00 PKR","https://alhumacollection.com/products/b-and-v-naqsh-jac-visc-3p-hm-151-bloom-and-vogue-by-naqsh-digital-printed-self-jacquard-viscose-3pc/","https://cdn.shopify.com/s/files/1/0906/1783/9987/files/151_2.jpg?v=1787843878","Naqsh","Women > Unstitched Suits > Formal"
"B&V-NAQSH-JAC-VISC-3P-HM-152","Bloom & Vogue By Naqsh Digital Printed Self Jacquard Viscose 3PC — 152","Bloom & Vogue By Naqsh Digital Printed Self Jacquard Viscose 3PC — 152. 3 Piece unstitched suit by Naqsh. Available to order with Cash on Delivery in Pakistan; final stock is confirmed before dispatch.","in stock","new","4400.00 PKR","https://alhumacollection.com/products/b-and-v-naqsh-jac-visc-3p-hm-152-bloom-and-vogue-by-naqsh-digital-printed-self-jacquard-viscose-3pc/","https://cdn.shopify.com/s/files/1/0906/1783/9987/files/152_2.jpg?v=1787843847","Naqsh","Women > Unstitched Suits > Formal"
"B&V-NAQSH-JAC-VISC-3P-HM-153","Bloom & Vogue By Naqsh Digital Printed Self Jacquard Viscose 3PC — 153","Bloom & Vogue By Naqsh Digital Printed Self Jacquard Viscose 3PC — 153. 3 Piece unstitched suit by Naqsh. Available to order with Cash on Delivery in Pakistan; final stock is confirmed before dispatch.","in stock","new","4400.00 PKR","https://alhumacollection.com/products/b-and-v-naqsh-jac-visc-3p-hm-153-bloom-and-vogue-by-naqsh-digital-printed-self-jacquard-viscose-3pc/","https://cdn.shopify.com/s/files/1/0906/1783/9987/files/153_2.jpg?v=1787843750","Naqsh","Women > Unstitched Suits > Formal"
"B&V-NAQSH-JAC-VISC-3P-HM-154","Bloom & Vogue By Naqsh Digital Printed Self Jacquard Viscose 3PC — 154","Bloom & Vogue By Naqsh Digital Printed Self Jacquard Viscose 3PC — 154. 3 Piece unstitched suit by Naqsh. Available to order with Cash on Delivery in Pakistan; final stock is confirmed before dispatch.","in stock","new","4400.00 PKR","https://alhumacollection.com/products/b-and-v-naqsh-jac-visc-3p-hm-154-bloom-and-vogue-by-naqsh-digital-printed-self-jacquard-viscose-3pc/","https://cdn.shopify.com/s/files/1/0906/1783/9987/files/WhatsAppImage2026-08-19at4.14.34PM_5.jpg?v=1787140873","Naqsh","Women > Unstitched Suits > Formal"
"B&V-NAQSH-JAC-VISC-3P-HM-155","Bloom & Vogue By Naqsh Digital Printed Self Jacquard Viscose 3PC — 155","Bloom & Vogue By Naqsh Digital Printed Self Jacquard Viscose 3PC — 155. 3 Piece unstitched suit by Naqsh. Available to order with Cash on Delivery in Pakistan; final stock is confirmed before dispatch.","in stock","new","4400.00 PKR","https://alhumacollection.com/products/b-and-v-naqsh-jac-visc-3p-hm-155-bloom-and-vogue-by-naqsh-digital-printed-self-jacquard-viscose-3pc/","https://cdn.shopify.com/s/files/1/0906/1783/9987/files/155_3.jpg?v=1787843721","Naqsh","Women > Unstitched Suits > Formal"
"B&V-NAQSH-JAC-VISC-3P-HM-156","Bloom & Vogue By Naqsh Digital Printed Self Jacquard Viscose 3PC — 156","Bloom & Vogue By Naqsh Digital Printed Self Jacquard Viscose 3PC — 156. 3 Piece unstitched suit by Naqsh. Available to order with Cash on Delivery in Pakistan; final stock is confirmed before dispatch.","in stock","new","4400.00 PKR","https://alhumacollection.com/products/b-and-v-naqsh-jac-visc-3p-hm-156-bloom-and-vogue-by-naqsh-digital-printed-self-jacquard-viscose-3pc/","https://cdn.shopify.com/s/files/1/0906/1783/9987/files/156_2.jpg?v=1787843654","Naqsh","Women > Unstitched Suits > Formal"
"B&V-NAQSH-JAC-VISC-3P-HM-158","Bloom & Vogue By Naqsh Digital Printed Self Jacquard Viscose 3PC — 158","Bloom & Vogue By Naqsh Digital Printed Self Jacquard Viscose 3PC — 158. 3 Piece unstitched suit by Naqsh. Available to order with Cash on Delivery in Pakistan; final stock is confirmed before dispatch.","in stock","new","4400.00 PKR","https://alhumacollection.com/products/b-and-v-naqsh-jac-visc-3p-hm-158-bloom-and-vogue-by-naqsh-digital-printed-self-jacquard-viscose-3pc/","https://cdn.shopify.com/s/files/1/0906/1783/9987/files/158_2.jpg?v=1787843624","Naqsh","Women > Unstitched Suits > Formal"
"B&V-NAQSH-JAC-VISC-3P-HM-159","Bloom & Vogue By Naqsh Digital Printed Self Jacquard Viscose 3PC — 159","Bloom & Vogue By Naqsh Digital Printed Self Jacquard Viscose 3PC — 159. 3 Piece unstitched suit by Naqsh. Available to order with Cash on Delivery in Pakistan; final stock is confirmed before dispatch.","in stock","new","4400.00 PKR","https://alhumacollection.com/products/b-and-v-naqsh-jac-visc-3p-hm-159-bloom-and-vogue-by-naqsh-digital-printed-self-jacquard-viscose-3pc/","https://cdn.shopify.com/s/files/1/0906/1783/9987/files/159_3.jpg?v=1787843582","Naqsh","Women > Unstitched Suits > Formal"
"B&V-NAQSH-JAC-VISC-3P-HM-160","Bloom & Vogue By Naqsh Digital Printed Self Jacquard Viscose 3PC — 160","Bloom & Vogue By Naqsh Digital Printed Self Jacquard Viscose 3PC — 160. 3 Piece unstitched suit by Naqsh. Available to order with Cash on Delivery in Pakistan; final stock is confirmed before dispatch.","in stock","new","4400.00 PKR","https://alhumacollection.com/products/b-and-v-naqsh-jac-visc-3p-hm-160-bloom-and-vogue-by-naqsh-digital-printed-self-jacquard-viscose-3pc/","https://cdn.shopify.com/s/files/1/0906/1783/9987/files/WhatsAppImage2026-08-19at4.14.35PM_5.jpg?v=1787140353","Naqsh","Women > Unstitched Suits > Formal"
"B&V-NAQSH-JAC-VISC-3P-HM-162","Bloom & Vogue By Naqsh Digital Printed Self Jacquard Viscose 3PC — 162","Bloom & Vogue By Naqsh Digital Printed Self Jacquard Viscose 3PC — 162. 3 Piece unstitched suit by Naqsh. Available to order with Cash on Delivery in Pakistan; final stock is confirmed before dispatch.","in stock","new","4400.00 PKR","https://alhumacollection.com/products/b-and-v-naqsh-jac-visc-3p-hm-162-bloom-and-vogue-by-naqsh-digital-printed-self-jacquard-viscose-3pc/","https://cdn.shopify.com/s/files/1/0906/1783/9987/files/162_2_340c2e68-1878-457b-be04-5b00df14cca1.jpg?v=1787843465","Naqsh","Women > Unstitched Suits > Formal"
"B&V-NAQSH-JAC-VISC-3P-HM-164","Bloom & Vogue By Naqsh Digital Printed Self Jacquard Viscose 3PC — 164","Bloom & Vogue By Naqsh Digital Printed Self Jacquard Viscose 3PC — 164. 3 Piece unstitched suit by Naqsh. Available to order with Cash on Delivery in Pakistan; final stock is confirmed before dispatch.","in stock","new","4400.00 PKR","https://alhumacollection.com/products/b-and-v-naqsh-jac-visc-3p-hm-164-bloom-and-vogue-by-naqsh-digital-printed-self-jacquard-viscose-3pc/","https://cdn.shopify.com/s/files/1/0906/1783/9987/files/164_1_76a9afca-87e2-4104-a9f2-2fecabd6d415.jpg?v=1787843427","Naqsh","Women > Unstitched Suits > Formal"
"B&V-NAQSH-JAC-VISC-3P-HM-165","Bloom & Vogue By Naqsh Digital Printed Self Jacquard Viscose 3PC — 165","Bloom & Vogue By Naqsh Digital Printed Self Jacquard Viscose 3PC — 165. 3 Piece unstitched suit by Naqsh. Available to order with Cash on Delivery in Pakistan; final stock is confirmed before dispatch.","in stock","new","4400.00 PKR","https://alhumacollection.com/products/b-and-v-naqsh-jac-visc-3p-hm-165-bloom-and-vogue-by-naqsh-digital-printed-self-jacquard-viscose-3pc/","https://cdn.shopify.com/s/files/1/0906/1783/9987/files/165_3_059cac0f-f756-4e24-86d2-719d7fa7bdd0.jpg?v=1787843348","Naqsh","Women > Unstitched Suits > Formal"
"ZYRAH-NAQSH-VISC-3P-HM-178","Zyrah By Naqsh Digital Printed Filament Viscose 3PC — 178","Zyrah By Naqsh Digital Printed Filament Viscose 3PC — 178. 3 Piece unstitched suit by Naqsh. Available to order with Cash on Delivery in Pakistan; final stock is confirmed before dispatch.","in stock","new","5400.00 PKR","https://alhumacollection.com/products/zyrah-naqsh-visc-3p-hm-178-zyrah-by-naqsh-digital-printed-filament-viscose-3pc/","https://cdn.shopify.com/s/files/1/0906/1783/9987/files/178_2.png?v=1787832729","Naqsh","Women > Unstitched Suits > Formal"
"ZYRAH-NAQSH-VISC-3P-HM-179","Zyrah By Naqsh Digital Printed Filament Viscose 3PC — 179","Zyrah By Naqsh Digital Printed Filament Viscose 3PC — 179. 3 Piece unstitched suit by Naqsh. Available to order with Cash on Delivery in Pakistan; final stock is confirmed before dispatch.","in stock","new","5400.00 PKR","https://alhumacollection.com/products/zyrah-naqsh-visc-3p-hm-179-zyrah-by-naqsh-digital-printed-filament-viscose-3pc/","https://cdn.shopify.com/s/files/1/0906/1783/9987/files/179_2.png?v=1787832670","Naqsh","Women > Unstitched Suits > Formal"
"ZYRAH-NAQSH-VISC-3P-HM-180","Zyrah By Naqsh Digital Printed Filament Viscose 3PC — 180","Zyrah By Naqsh Digital Printed Filament Viscose 3PC — 180. 3 Piece unstitched suit by Naqsh. Available to order with Cash on Delivery in Pakistan; final stock is confirmed before dispatch.","in stock","new","5400.00 PKR","https://alhumacollection.com/products/zyrah-naqsh-visc-3p-hm-180-zyrah-by-naqsh-digital-printed-filament-viscose-3pc/","https://cdn.shopify.com/s/files/1/0906/1783/9987/files/180_2.png?v=1787832705","Naqsh","Women > Unstitched Suits > Formal"
"ZYRAH-NAQSH-VISC-3P-HM-181","Zyrah By Naqsh Digital Printed Filament Viscose 3PC — 181","Zyrah By Naqsh Digital Printed Filament Viscose 3PC — 181. 3 Piece unstitched suit by Naqsh. Available to order with Cash on Delivery in Pakistan; final stock is confirmed before dispatch.","in stock","new","5400.00 PKR","https://alhumacollection.com/products/zyrah-naqsh-visc-3p-hm-181-zyrah-by-naqsh-digital-printed-filament-viscose-3pc/","https://cdn.shopify.com/s/files/1/0906/1783/9987/files/181_2.png?v=1787832637","Naqsh","Women > Unstitched Suits > Formal"
"ZYRAH-NAQSH-VISC-3P-HM-182","Zyrah By Naqsh Digital Printed Filament Viscose 3PC — 182","Zyrah By Naqsh Digital Printed Filament Viscose 3PC — 182. 3 Piece unstitched suit by Naqsh. Available to order with Cash on Delivery in Pakistan; final stock is confirmed before dispatch.","in stock","new","5400.00 PKR","https://alhumacollection.com/products/zyrah-naqsh-visc-3p-hm-182-zyrah-by-naqsh-digital-printed-filament-viscose-3pc/","https://cdn.shopify.com/s/files/1/0906/1783/9987/files/182_2.png?v=1787832570","Naqsh","Women > Unstitched Suits > Formal"
"ZYRAH-NAQSH-VISC-3P-HM-183","Zyrah By Naqsh Digital Printed Filament Viscose 3PC — 183","Zyrah By Naqsh Digital Printed Filament Viscose 3PC — 183. 3 Piece unstitched suit by Naqsh. Available to order with Cash on Delivery in Pakistan; final stock is confirmed before dispatch.","in stock","new","5400.00 PKR","https://alhumacollection.com/products/zyrah-naqsh-visc-3p-hm-183-zyrah-by-naqsh-digital-printed-filament-viscose-3pc/","https://cdn.shopify.com/s/files/1/0906/1783/9987/files/183_2.png?v=1787832531","Naqsh","Women > Unstitched Suits > Formal"
"ZYRAH-NAQSH-VISC-3P-HM-185","Zyrah By Naqsh Digital Printed Filament Viscose 3PC — 185","Zyrah By Naqsh Digital Printed Filament Viscose 3PC — 185. 3 Piece unstitched suit by Naqsh. Available to order with Cash on Delivery in Pakistan; final stock is confirmed before dispatch.","in stock","new","5400.00 PKR","https://alhumacollection.com/products/zyrah-naqsh-visc-3p-hm-185-zyrah-by-naqsh-digital-printed-filament-viscose-3pc/","https://cdn.shopify.com/s/files/1/0906/1783/9987/files/185_2.png?v=1787832461","Naqsh","Women > Unstitched Suits > Formal"
"ZYRAH-NAQSH-VISC-3P-HM-186","Zyrah By Naqsh Digital Printed Filament Viscose 3PC — 186","Zyrah By Naqsh Digital Printed Filament Viscose 3PC — 186. 3 Piece unstitched suit by Naqsh. Available to order with Cash on Delivery in Pakistan; final stock is confirmed before dispatch.","in stock","new","5400.00 PKR","https://alhumacollection.com/products/zyrah-naqsh-visc-3p-hm-186-zyrah-by-naqsh-digital-printed-filament-viscose-3pc/","https://cdn.shopify.com/s/files/1/0906/1783/9987/files/186_2.png?v=1787832300","Naqsh","Women > Unstitched Suits > Formal"
"ZYRAH-NAQSH-VISC-3P-HM-187","Zyrah By Naqsh Digital Printed Filament Viscose 3PC — 187","Zyrah By Naqsh Digital Printed Filament Viscose 3PC — 187. 3 Piece unstitched suit by Naqsh. Available to order with Cash on Delivery in Pakistan; final stock is confirmed before dispatch.","in stock","new","5400.00 PKR","https://alhumacollection.com/products/zyrah-naqsh-visc-3p-hm-187-zyrah-by-naqsh-digital-printed-filament-viscose-3pc/","https://cdn.shopify.com/s/files/1/0906/1783/9987/files/187_2.png?v=1787832361","Naqsh","Women > Unstitched Suits > Formal"
"ZYRAH-NAQSH-VISC-3P-HM-188","Zyrah By Naqsh Digital Printed Filament Viscose 3PC — 188","Zyrah By Naqsh Digital Printed Filament Viscose 3PC — 188. 3 Piece unstitched suit by Naqsh. Available to order with Cash on Delivery in Pakistan; final stock is confirmed before dispatch.","in stock","new","5400.00 PKR","https://alhumacollection.com/products/zyrah-naqsh-visc-3p-hm-188-zyrah-by-naqsh-digital-printed-filament-viscose-3pc/","https://cdn.shopify.com/s/files/1/0906/1783/9987/files/188_2.png?v=1787832416","Naqsh","Women > Unstitched Suits > Formal"
"ZYRAH-NAQSH-VISC-3P-HM-189","Zyrah By Naqsh Digital Printed Filament Viscose 3PC — 189","Zyrah By Naqsh Digital Printed Filament Viscose 3PC — 189. 3 Piece unstitched suit by Naqsh. Available to order with Cash on Delivery in Pakistan; final stock is confirmed before dispatch.","in stock","new","5400.00 PKR","https://alhumacollection.com/products/zyrah-naqsh-visc-3p-hm-189-zyrah-by-naqsh-digital-printed-filament-viscose-3pc/","https://cdn.shopify.com/s/files/1/0906/1783/9987/files/189_2.png?v=1787832196","Naqsh","Women > Unstitched Suits > Formal"
"ZYRAH-NAQSH-VISC-3P-HM-190","Zyrah By Naqsh Digital Printed Filament Viscose 3PC — 190","Zyrah By Naqsh Digital Printed Filament Viscose 3PC — 190. 3 Piece unstitched suit by Naqsh. Available to order with Cash on Delivery in Pakistan; final stock is confirmed before dispatch.","in stock","new","5400.00 PKR","https://alhumacollection.com/products/zyrah-naqsh-visc-3p-hm-190-zyrah-by-naqsh-digital-printed-filament-viscose-3pc/","https://cdn.shopify.com/s/files/1/0906/1783/9987/files/190_2.png?v=1787832078","Naqsh","Women > Unstitched Suits > Formal"
"NISHAT-2PLWN-V2-ABR-01","Nishat Digital Printed All Over Two Piece Lawn 2PC — 1","Nishat Digital Printed All Over Two Piece Lawn 2PC — 1. 2 Piece unstitched suit by Nishat. Available to order with Cash on Delivery in Pakistan; final stock is confirmed before dispatch.","in stock","new","2195.00 PKR","https://alhumacollection.com/products/nishat-2plwn-v2-abr-01-nishat-digital-printed-all-over-two-piece-lawn-2pc/","https://cdn.shopify.com/s/files/1/0906/1783/9987/files/nis-01.jpg?v=1786727972","Nishat","Women > Unstitched Suits > Formal"
"NISHAT-2PLWN-V2-ABR-04","Nishat Digital Printed All Over Two Piece Lawn 2PC — 4","Nishat Digital Printed All Over Two Piece Lawn 2PC — 4. 2 Piece unstitched suit by Nishat. Available to order with Cash on Delivery in Pakistan; final stock is confirmed before dispatch.","in stock","new","2195.00 PKR","https://alhumacollection.com/products/nishat-2plwn-v2-abr-04-nishat-digital-printed-all-over-two-piece-lawn-2pc/","https://cdn.shopify.com/s/files/1/0906/1783/9987/files/nis-04.jpg?v=1786728066","Nishat","Women > Unstitched Suits > Formal"
"NISHAT-2PLWN-V2-ABR-05","Nishat Digital Printed All Over Two Piece Lawn 2PC — 5","Nishat Digital Printed All Over Two Piece Lawn 2PC — 5. 2 Piece unstitched suit by Nishat. Available to order with Cash on Delivery in Pakistan; final stock is confirmed before dispatch.","in stock","new","2195.00 PKR","https://alhumacollection.com/products/nishat-2plwn-v2-abr-05-nishat-digital-printed-all-over-two-piece-lawn-2pc/","https://cdn.shopify.com/s/files/1/0906/1783/9987/files/nis-05.jpg?v=1786728105","Nishat","Women > Unstitched Suits > Formal"
"NISHAT-PRNT3-6990-1290","Nishat Digital Printed Lawn 2PC — 1290","Nishat Digital Printed Lawn 2PC — 1290. 2 Piece unstitched suit by Nishat. Available to order with Cash on Delivery in Pakistan; final stock is confirmed before dispatch.","in stock","new","3796.00 PKR","https://alhumacollection.com/products/nishat-prnt3-6990-1290-nishat-digital-printed-lawn-2pc/","https://cdn.shopify.com/s/files/1/0906/1783/9987/files/1290_1_58e113c3-3404-403b-b038-033b7962bd86.jpg?v=1785529073","Nishat","Women > Unstitched Suits > Formal"
"NISHAT-PRNT3-6990-1292","Nishat Digital Printed Lawn 2PC — 1292","Nishat Digital Printed Lawn 2PC — 1292. 2 Piece unstitched suit by Nishat. Available to order with Cash on Delivery in Pakistan; final stock is confirmed before dispatch.","in stock","new","3796.00 PKR","https://alhumacollection.com/products/nishat-prnt3-6990-1292-nishat-digital-printed-lawn-2pc/","https://cdn.shopify.com/s/files/1/0906/1783/9987/files/42501292-_4.jpg?v=1785529655","Nishat","Women > Unstitched Suits > Formal"
"NISHAT-PRNT3-6490-1562","Nishat Digital Printed Lawn 2PC — 1562","Nishat Digital Printed Lawn 2PC — 1562. 2 Piece unstitched suit by Nishat. Available to order with Cash on Delivery in Pakistan; final stock is confirmed before dispatch.","in stock","new","3596.00 PKR","https://alhumacollection.com/products/nishat-prnt3-6490-1562-nishat-digital-printed-lawn-2pc/","https://cdn.shopify.com/s/files/1/0906/1783/9987/files/1562_2_3d292f36-2413-490e-8f64-0ef381a80d43.jpg?v=1785528994","Nishat","Women > Unstitched Suits > Formal"
"NISHAT-PRNT3-6490-1564","Nishat Digital Printed Lawn 2PC — 1564","Nishat Digital Printed Lawn 2PC — 1564. 2 Piece unstitched suit by Nishat. Available to order with Cash on Delivery in Pakistan; final stock is confirmed before dispatch.","in stock","new","3596.00 PKR","https://alhumacollection.com/products/nishat-prnt3-6490-1564-nishat-digital-printed-lawn-2pc/","https://cdn.shopify.com/s/files/1/0906/1783/9987/files/42501564-_3.jpg?v=1785529607","Nishat","Women > Unstitched Suits > Formal"
"NISHAT-PRNT3-5990-1995","Nishat Digital Printed Lawn 2PC — 1995","Nishat Digital Printed Lawn 2PC — 1995. 2 Piece unstitched suit by Nishat. Available to order with Cash on Delivery in Pakistan; final stock is confirmed before dispatch.","in stock","new","3396.00 PKR","https://alhumacollection.com/products/nishat-prnt3-5990-1995-nishat-digital-printed-lawn-2pc/","https://cdn.shopify.com/s/files/1/0906/1783/9987/files/42501995-_4.jpg?v=1785529511","Nishat","Women > Unstitched Suits > Formal"
"NISHAT-PRNT3-5990-1997","Nishat Digital Printed Lawn 2PC — 1997","Nishat Digital Printed Lawn 2PC — 1997. 2 Piece unstitched suit by Nishat. Available to order with Cash on Delivery in Pakistan; final stock is confirmed before dispatch.","in stock","new","3396.00 PKR","https://alhumacollection.com/products/nishat-prnt3-5990-1997-nishat-digital-printed-lawn-2pc/","https://cdn.shopify.com/s/files/1/0906/1783/9987/files/42501997-_6.jpg?v=1785529115","Nishat","Women > Unstitched Suits > Formal"
"NISHAT-3PLIN-V1-AHMD-42501741","Nishat Digital Printed Linen 3PC — 42501741","Nishat Digital Printed Linen 3PC — 42501741. 3 Piece unstitched suit by Nishat. Available to order with Cash on Delivery in Pakistan; final stock is confirmed before dispatch.","in stock","new","3150.00 PKR","https://alhumacollection.com/products/nishat-3plin-v1-ahmd-42501741-nishat-digital-printed-linen-3pc/","https://cdn.shopify.com/s/files/1/0906/1783/9987/files/Gemini_Generated_Image_hs9w74hs9w74hs9w.jpg?v=1788419344","Nishat","Women > Unstitched Suits > Formal"
"NISHAT-3PLIN-V1-AHMD-42502190","Nishat Digital Printed Linen 3PC — 42502190","Nishat Digital Printed Linen 3PC — 42502190. 3 Piece unstitched suit by Nishat. Available to order with Cash on Delivery in Pakistan; final stock is confirmed before dispatch.","in stock","new","3150.00 PKR","https://alhumacollection.com/products/nishat-3plin-v1-ahmd-42502190-nishat-digital-printed-linen-3pc/","https://cdn.shopify.com/s/files/1/0906/1783/9987/files/Gemini_Generated_Image_noq1w5noq1w5noq1.jpg?v=1788419528","Nishat","Women > Unstitched Suits > Formal"
"NISHAT-3PLIN-V1-AHMD-42502200","Nishat Digital Printed Linen 3PC — 42502200","Nishat Digital Printed Linen 3PC — 42502200. 3 Piece unstitched suit by Nishat. Available to order with Cash on Delivery in Pakistan; final stock is confirmed before dispatch.","in stock","new","3150.00 PKR","https://alhumacollection.com/products/nishat-3plin-v1-ahmd-42502200-nishat-digital-printed-linen-3pc/","https://cdn.shopify.com/s/files/1/0906/1783/9987/files/Gemini_Generated_Image_vqvwz5vqvwz5vqvw.jpg?v=1788419618","Nishat","Women > Unstitched Suits > Formal"
"NISHAT-DHNK-3P-EHT-1987","Nishat Emb Dhanak 3PC — 1987","Nishat Emb Dhanak 3PC — 1987. 3 Piece unstitched suit by Nishat. Available to order with Cash on Delivery in Pakistan; final stock is confirmed before dispatch.","in stock","new","6200.00 PKR","https://alhumacollection.com/products/nishat-dhnk-3p-eht-1987-nishat-emb-dhanak-3pc/","https://cdn.shopify.com/s/files/1/0906/1783/9987/files/42503676.webp?v=1790423892","Nishat","Women > Unstitched Suits > Formal"
"DASTAN-CKLWN-3P-NRJ-01","Dastaan By Sara Shahjahan Premium Chickenkari Lawn 3PC — 1","Dastaan By Sara Shahjahan Premium Chickenkari Lawn 3PC — 1. 3 Piece unstitched suit by Noor Jahan. Available to order with Cash on Delivery in Pakistan; final stock is confirmed before dispatch.","in stock","new","7150.00 PKR","https://alhumacollection.com/products/dastan-cklwn-3p-nrj-01-dastaan-by-sara-shahjahan-premium-chickenkari-lawn-3pc/","https://cdn.shopify.com/s/files/1/0906/1783/9987/files/01_018a4268-7c6d-4e31-ab74-746a8989fd3e.jpg?v=1784274430","Noor Jahan","Women > Unstitched Suits > Luxury"
"DASTAN-CKLWN-3P-NRJ-02","Dastaan By Sara Shahjahan Premium Chickenkari Lawn 3PC — 2","Dastaan By Sara Shahjahan Premium Chickenkari Lawn 3PC — 2. 3 Piece unstitched suit by Noor Jahan. Available to order with Cash on Delivery in Pakistan; final stock is confirmed before dispatch.","in stock","new","7150.00 PKR","https://alhumacollection.com/products/dastan-cklwn-3p-nrj-02-dastaan-by-sara-shahjahan-premium-chickenkari-lawn-3pc/","https://cdn.shopify.com/s/files/1/0906/1783/9987/files/02_a2b96c52-8542-4715-9a42-daebe64ebcb3.jpg?v=1784274456","Noor Jahan","Women > Unstitched Suits > Luxury"
"DASTAN-CKLWN-3P-NRJ-07","Dastaan By Sara Shahjahan Premium Chickenkari Lawn 3PC — 7","Dastaan By Sara Shahjahan Premium Chickenkari Lawn 3PC — 7. 3 Piece unstitched suit by Noor Jahan. Available to order with Cash on Delivery in Pakistan; final stock is confirmed before dispatch.","in stock","new","7150.00 PKR","https://alhumacollection.com/products/dastan-cklwn-3p-nrj-07-dastaan-by-sara-shahjahan-premium-chickenkari-lawn-3pc/","https://cdn.shopify.com/s/files/1/0906/1783/9987/files/07_3045e858-6fdb-4e65-8bdf-97f911414e13.jpg?v=1784274585","Noor Jahan","Women > Unstitched Suits > Luxury"
"DASTAN-CKLWN-3P-NRJ-08","Dastaan By Sara Shahjahan Premium Chickenkari Lawn 3PC — 8","Dastaan By Sara Shahjahan Premium Chickenkari Lawn 3PC — 8. 3 Piece unstitched suit by Noor Jahan. Available to order with Cash on Delivery in Pakistan; final stock is confirmed before dispatch.","in stock","new","7150.00 PKR","https://alhumacollection.com/products/dastan-cklwn-3p-nrj-08-dastaan-by-sara-shahjahan-premium-chickenkari-lawn-3pc/","https://cdn.shopify.com/s/files/1/0906/1783/9987/files/08_4ef5fb05-05e9-4424-902e-a9c947458c22.jpg?v=1784274601","Noor Jahan","Women > Unstitched Suits > Luxury"
"OMRE-KRNADI-V102-3P-02","Omre Emb Karandi 3PC — 2","Omre Emb Karandi 3PC — 2. 3 Piece unstitched suit by Omre. Available to order with Cash on Delivery in Pakistan; final stock is confirmed before dispatch.","in stock","new","6700.00 PKR","https://alhumacollection.com/products/omre-krnadi-v102-3p-02-omre-emb-karandi-3pc/","https://cdn.shopify.com/s/files/1/0906/1783/9987/files/6_9071cad1-205c-4c26-a94f-192f229d2a68.jpg?v=1789716635","Omre","Women > Unstitched Suits > Formal"
"OMRE-KRNADI-V102-3P-03","Omre Emb Karandi 3PC — 3","Omre Emb Karandi 3PC — 3. 3 Piece unstitched suit by Omre. Available to order with Cash on Delivery in Pakistan; final stock is confirmed before dispatch.","in stock","new","6700.00 PKR","https://alhumacollection.com/products/omre-krnadi-v102-3p-03-omre-emb-karandi-3pc/","https://cdn.shopify.com/s/files/1/0906/1783/9987/files/13_8908447d-25f2-4acd-87ab-77381cbe983c.jpg?v=1789716674","Omre","Women > Unstitched Suits > Formal"
"OMRE-KRNADI-V102-3P-04","Omre Emb Karandi 3PC — 4","Omre Emb Karandi 3PC — 4. 3 Piece unstitched suit by Omre. Available to order with Cash on Delivery in Pakistan; final stock is confirmed before dispatch.","in stock","new","6700.00 PKR","https://alhumacollection.com/products/omre-krnadi-v102-3p-04-omre-emb-karandi-3pc/","https://cdn.shopify.com/s/files/1/0906/1783/9987/files/18_a767a0b5-7b2f-446f-a5aa-687b1e44ac76.jpg?v=1789716705","Omre","Women > Unstitched Suits > Formal"
"OMRE-KRNADI-V102-3P-05","Omre Emb Karandi 3PC — 5","Omre Emb Karandi 3PC — 5. 3 Piece unstitched suit by Omre. Available to order with Cash on Delivery in Pakistan; final stock is confirmed before dispatch.","in stock","new","6700.00 PKR","https://alhumacollection.com/products/omre-krnadi-v102-3p-05-omre-emb-karandi-3pc/","https://cdn.shopify.com/s/files/1/0906/1783/9987/files/23_95fd3882-f66a-4ad2-9d3f-cc956cd291ff.jpg?v=1789716740","Omre","Women > Unstitched Suits > Formal"
"OMRE-KRNADI-V102-3P-06","Omre Emb Karandi 3PC — 6","Omre Emb Karandi 3PC — 6. 3 Piece unstitched suit by Omre. Available to order with Cash on Delivery in Pakistan; final stock is confirmed before dispatch.","in stock","new","6700.00 PKR","https://alhumacollection.com/products/omre-krnadi-v102-3p-06-omre-emb-karandi-3pc/","https://cdn.shopify.com/s/files/1/0906/1783/9987/files/25_95a252d1-ff1d-4192-b48c-1947e62e7add.jpg?v=1789716783","Omre","Women > Unstitched Suits > Formal"
"OMRE-KRNADI-V102-3P-07","Omre Emb Karandi 3PC — 7","Omre Emb Karandi 3PC — 7. 3 Piece unstitched suit by Omre. Available to order with Cash on Delivery in Pakistan; final stock is confirmed before dispatch.","in stock","new","6700.00 PKR","https://alhumacollection.com/products/omre-krnadi-v102-3p-07-omre-emb-karandi-3pc/","https://cdn.shopify.com/s/files/1/0906/1783/9987/files/30_fcbae63f-8c54-445b-98df-7cdfa85a4ad0.jpg?v=1789716815","Omre","Women > Unstitched Suits > Formal"
"MIXBRAND-PRNKHD-2P-BL-349","Mix Brand Winter 2026 Digital Printed Allover Khaddar Two Piece 2PC — 349","Mix Brand Winter 2026 Digital Printed Allover Khaddar Two Piece 2PC — 349. 2 Piece unstitched suit by Other designs. Available to order with Cash on Delivery in Pakistan; final stock is confirmed before dispatch.","in stock","new","2095.00 PKR","https://alhumacollection.com/products/mixbrand-prnkhd-2p-bl-349-mix-brand-winter-2026-digital-printed-allover-khaddar-two-piece-2pc/","https://cdn.shopify.com/s/files/1/0906/1783/9987/files/IMG_0366.jpg?v=1790236203","Other designs","Women > Unstitched Suits > Formal"
"MIXBRAND-PRNKHD-2P-BL-350","Mix Brand Winter 2026 Digital Printed Allover Khaddar Two Piece 2PC — 350","Mix Brand Winter 2026 Digital Printed Allover Khaddar Two Piece 2PC — 350. 2 Piece unstitched suit by Other designs. Available to order with Cash on Delivery in Pakistan; final stock is confirmed before dispatch.","in stock","new","2095.00 PKR","https://alhumacollection.com/products/mixbrand-prnkhd-2p-bl-350-mix-brand-winter-2026-digital-printed-allover-khaddar-two-piece-2pc/","https://cdn.shopify.com/s/files/1/0906/1783/9987/files/IMG_0365.jpg?v=1790236135","Other designs","Women > Unstitched Suits > Formal"
"MIXBRAND-PRNKHD-2P-BL-351","Mix Brand Winter 2026 Digital Printed Allover Khaddar Two Piece 2PC — 351","Mix Brand Winter 2026 Digital Printed Allover Khaddar Two Piece 2PC — 351. 2 Piece unstitched suit by Other designs. Available to order with Cash on Delivery in Pakistan; final stock is confirmed before dispatch.","in stock","new","2095.00 PKR","https://alhumacollection.com/products/mixbrand-prnkhd-2p-bl-351-mix-brand-winter-2026-digital-printed-allover-khaddar-two-piece-2pc/","https://cdn.shopify.com/s/files/1/0906/1783/9987/files/IMG_0364.jpg?v=1790235945","Other designs","Women > Unstitched Suits > Formal"
"MIXBRAND-PRNKHD-2P-BL-352","Mix Brand Winter 2026 Digital Printed Allover Khaddar Two Piece 2PC — 352","Mix Brand Winter 2026 Digital Printed Allover Khaddar Two Piece 2PC — 352. 2 Piece unstitched suit by Other designs. Available to order with Cash on Delivery in Pakistan; final stock is confirmed before dispatch.","in stock","new","2095.00 PKR","https://alhumacollection.com/products/mixbrand-prnkhd-2p-bl-352-mix-brand-winter-2026-digital-printed-allover-khaddar-two-piece-2pc/","https://cdn.shopify.com/s/files/1/0906/1783/9987/files/IMG_0363.jpg?v=1790235895","Other designs","Women > Unstitched Suits > Formal"
"MIXBRAND-PRNKHD-2P-BL-353","Mix Brand Winter 2026 Digital Printed Allover Khaddar Two Piece 2PC — 353","Mix Brand Winter 2026 Digital Printed Allover Khaddar Two Piece 2PC — 353. 2 Piece unstitched suit by Other designs. Available to order with Cash on Delivery in Pakistan; final stock is confirmed before dispatch.","in stock","new","2095.00 PKR","https://alhumacollection.com/products/mixbrand-prnkhd-2p-bl-353-mix-brand-winter-2026-digital-printed-allover-khaddar-two-piece-2pc/","https://cdn.shopify.com/s/files/1/0906/1783/9987/files/IMG_0362.jpg?v=1790235809","Other designs","Women > Unstitched Suits > Formal"
"SALINA-LWN-CHP1-3P-10","Salina Separates By Regalia Chp-1 Digital Printed Lawn 3PC — 10","Salina Separates By Regalia Chp-1 Digital Printed Lawn 3PC — 10. 3 Piece unstitched suit by Other designs. Available to order with Cash on Delivery in Pakistan; final stock is confirmed before dispatch.","in stock","new","3395.00 PKR","https://alhumacollection.com/products/salina-lwn-chp1-3p-10-salina-separates-by-regalia-chp-1-digital-printed-lawn-3pc/","https://cdn.shopify.com/s/files/1/0906/1783/9987/files/10_2_0cd4e970-8d63-4cbd-835c-1464b01696b2.webp?v=1771086732","Other designs","Women > Unstitched Suits > Formal"
"SEHAR-E-LINEN-PLTR-V1-3P-103","Sehar-e-Linen By Paltar Premium Printed Linen 3PC — PF090103","Sehar-e-Linen By Paltar Premium Printed Linen 3PC — PF090103. 3 Piece unstitched suit by Paltar. Available to order with Cash on Delivery in Pakistan; final stock is confirmed before dispatch.","in stock","new","3550.00 PKR","https://alhumacollection.com/products/sehar-e-linen-pltr-v1-3p-103-sehar-e-linen-by-paltar-premium-printed-linen-3pc/","https://cdn.shopify.com/s/files/1/0906/1783/9987/files/103_2_93784a25-09cc-44d9-a932-5af3e28af419.jpg?v=1788503279","Paltar","Women > Unstitched Suits > Formal"
"SEHAR-E-LINEN-PLTR-V1-3P-104","Sehar-e-Linen By Paltar Premium Printed Linen 3PC — PF090104","Sehar-e-Linen By Paltar Premium Printed Linen 3PC — PF090104. 3 Piece unstitched suit by Paltar. Available to order with Cash on Delivery in Pakistan; final stock is confirmed before dispatch.","in stock","new","3550.00 PKR","https://alhumacollection.com/products/sehar-e-linen-pltr-v1-3p-104-sehar-e-linen-by-paltar-premium-printed-linen-3pc/","https://cdn.shopify.com/s/files/1/0906/1783/9987/files/104_2_242b901d-6029-40f3-8663-a4180c794d13.jpg?v=1788503310","Paltar","Women > Unstitched Suits > Formal"
"SEHAR-E-LINEN-PLTR-V1-3P-107","Sehar-e-Linen By Paltar Premium Printed Linen 3PC — PF090107","Sehar-e-Linen By Paltar Premium Printed Linen 3PC — PF090107. 3 Piece unstitched suit by Paltar. Available to order with Cash on Delivery in Pakistan; final stock is confirmed before dispatch.","in stock","new","3550.00 PKR","https://alhumacollection.com/products/sehar-e-linen-pltr-v1-3p-107-sehar-e-linen-by-paltar-premium-printed-linen-3pc/","https://cdn.shopify.com/s/files/1/0906/1783/9987/files/107_2_e9100a9e-c779-4451-a62d-d01be66ff3f2.jpg?v=1788503081","Paltar","Women > Unstitched Suits > Formal"
"WADI-E-GUL-PLTR-LIN-V2-3P-01","Wadi-e-Gull By Paltar Premium Printed Fancy Linen 3PC — 1","Wadi-e-Gull By Paltar Premium Printed Fancy Linen 3PC — 1. 3 Piece unstitched suit by Paltar. Available to order with Cash on Delivery in Pakistan; final stock is confirmed before dispatch.","in stock","new","3750.00 PKR","https://alhumacollection.com/products/wadi-e-gul-pltr-lin-v2-3p-01-wadi-e-gull-by-paltar-premium-printed-fancy-linen-3pc/","https://cdn.shopify.com/s/files/1/0906/1783/9987/files/101_519dd00e-ef92-4475-aad2-4b0f8a395e10.png?v=1790093220","Paltar","Women > Unstitched Suits > Formal"
"WADI-E-GUL-PLTR-LIN-V2-3P-10","Wadi-e-Gull By Paltar Premium Printed Fancy Linen 3PC — 10","Wadi-e-Gull By Paltar Premium Printed Fancy Linen 3PC — 10. 3 Piece unstitched suit by Paltar. Available to order with Cash on Delivery in Pakistan; final stock is confirmed before dispatch.","in stock","new","3750.00 PKR","https://alhumacollection.com/products/wadi-e-gul-pltr-lin-v2-3p-10-wadi-e-gull-by-paltar-premium-printed-fancy-linen-3pc/","https://cdn.shopify.com/s/files/1/0906/1783/9987/files/106_4175c96e-e218-43ef-83c8-41c34ca4fa52.png?v=1790093523","Paltar","Women > Unstitched Suits > Formal"
"WADI-E-GUL-PLTR-LIN-V2-3P-12","Wadi-e-Gull By Paltar Premium Printed Fancy Linen 3PC — 12","Wadi-e-Gull By Paltar Premium Printed Fancy Linen 3PC — 12. 3 Piece unstitched suit by Paltar. Available to order with Cash on Delivery in Pakistan; final stock is confirmed before dispatch.","in stock","new","3750.00 PKR","https://alhumacollection.com/products/wadi-e-gul-pltr-lin-v2-3p-12-wadi-e-gull-by-paltar-premium-printed-fancy-linen-3pc/","https://cdn.shopify.com/s/files/1/0906/1783/9987/files/107.png?v=1790093605","Paltar","Women > Unstitched Suits > Formal"
"WADI-E-GUL-PLTR-LIN-V2-3P-02","Wadi-e-Gull By Paltar Premium Printed Fancy Linen 3PC — 2","Wadi-e-Gull By Paltar Premium Printed Fancy Linen 3PC — 2. 3 Piece unstitched suit by Paltar. Available to order with Cash on Delivery in Pakistan; final stock is confirmed before dispatch.","in stock","new","3750.00 PKR","https://alhumacollection.com/products/wadi-e-gul-pltr-lin-v2-3p-02-wadi-e-gull-by-paltar-premium-printed-fancy-linen-3pc/","https://cdn.shopify.com/s/files/1/0906/1783/9987/files/151_b1bfdfb9-96ed-4f95-a5bb-4abfb048867a.png?v=1790093230","Paltar","Women > Unstitched Suits > Formal"
"WADI-E-GUL-PLTR-LIN-V2-3P-03","Wadi-e-Gull By Paltar Premium Printed Fancy Linen 3PC — 3","Wadi-e-Gull By Paltar Premium Printed Fancy Linen 3PC — 3. 3 Piece unstitched suit by Paltar. Available to order with Cash on Delivery in Pakistan; final stock is confirmed before dispatch.","in stock","new","3750.00 PKR","https://alhumacollection.com/products/wadi-e-gul-pltr-lin-v2-3p-03-wadi-e-gull-by-paltar-premium-printed-fancy-linen-3pc/","https://cdn.shopify.com/s/files/1/0906/1783/9987/files/152_f98b90e6-64f2-44bc-9855-ae4f64d5f3f9.png?v=1790093244","Paltar","Women > Unstitched Suits > Formal"
"WADI-E-GUL-PLTR-LIN-V2-3P-07","Wadi-e-Gull By Paltar Premium Printed Fancy Linen 3PC — 7","Wadi-e-Gull By Paltar Premium Printed Fancy Linen 3PC — 7. 3 Piece unstitched suit by Paltar. Available to order with Cash on Delivery in Pakistan; final stock is confirmed before dispatch.","in stock","new","3750.00 PKR","https://alhumacollection.com/products/wadi-e-gul-pltr-lin-v2-3p-07-wadi-e-gull-by-paltar-premium-printed-fancy-linen-3pc/","https://cdn.shopify.com/s/files/1/0906/1783/9987/files/154.png?v=1790093336","Paltar","Women > Unstitched Suits > Formal"
"WADI-E-GUL-PLTR-LIN-V2-3P-08","Wadi-e-Gull By Paltar Premium Printed Fancy Linen 3PC — 8","Wadi-e-Gull By Paltar Premium Printed Fancy Linen 3PC — 8. 3 Piece unstitched suit by Paltar. Available to order with Cash on Delivery in Pakistan; final stock is confirmed before dispatch.","in stock","new","3750.00 PKR","https://alhumacollection.com/products/wadi-e-gul-pltr-lin-v2-3p-08-wadi-e-gull-by-paltar-premium-printed-fancy-linen-3pc/","https://cdn.shopify.com/s/files/1/0906/1783/9987/files/105_95e84595-9822-4720-97f9-9f44eb6c72fc.png?v=1790093386","Paltar","Women > Unstitched Suits > Formal"
"WADI-E-GUL-PLTR-LIN-V2-3P-09","Wadi-e-Gull By Paltar Premium Printed Fancy Linen 3PC — 9","Wadi-e-Gull By Paltar Premium Printed Fancy Linen 3PC — 9. 3 Piece unstitched suit by Paltar. Available to order with Cash on Delivery in Pakistan; final stock is confirmed before dispatch.","in stock","new","3750.00 PKR","https://alhumacollection.com/products/wadi-e-gul-pltr-lin-v2-3p-09-wadi-e-gull-by-paltar-premium-printed-fancy-linen-3pc/","https://cdn.shopify.com/s/files/1/0906/1783/9987/files/155_2afcc765-6e7d-423e-9117-ccb6adf194fc.png?v=1790093540","Paltar","Women > Unstitched Suits > Formal"
"SLUB-KHADDAR-EMBROIDERED-A12","Panache Printed Slub Khaddar With Emb Patches 3PC — 12","Panache Printed Slub Khaddar With Emb Patches 3PC — 12. 3 Piece unstitched suit by Panache. Available to order with Cash on Delivery in Pakistan; final stock is confirmed before dispatch.","in stock","new","5895.00 PKR","https://alhumacollection.com/products/slub-khaddar-embroidered-a12-panache-printed-slub-khaddar-with-emb-patches-3pc/","https://cdn.shopify.com/s/files/1/0906/1783/9987/files/8AF02693-5C0A-4C09-A0FA-3281A0DFD561.jpg?v=1766048930","Panache","Women > Unstitched Suits > Formal"
"SHANGRILA-LWN-V2-ANG-06","ANG-06 — ANG-06","ANG-06 — ANG-06. 3 Piece unstitched suit by Parishay. Available to order with Cash on Delivery in Pakistan; final stock is confirmed before dispatch.","in stock","new","9242.00 PKR","https://alhumacollection.com/products/shangrila-lwn-v2-ang-06-ang-06/","https://cdn.shopify.com/s/files/1/0906/1783/9987/files/20_b81dd45e-0dad-4bd7-9369-6377f6f82bf6.jpg?v=1783158180","Parishay","Women > Unstitched Suits > Luxury"
"SHANGRILA-LWN-V2-ANG-15","ANG-15 — ANG-15","ANG-15 — ANG-15. 3 Piece unstitched suit by Parishay. Available to order with Cash on Delivery in Pakistan; final stock is confirmed before dispatch.","in stock","new","9242.00 PKR","https://alhumacollection.com/products/shangrila-lwn-v2-ang-15-ang-15/","https://cdn.shopify.com/s/files/1/0906/1783/9987/files/44_c23076fc-c5e9-4b08-a094-38f5eab819ba.jpg?v=1783158165","Parishay","Women > Unstitched Suits > Luxury"
"AZMIR-PRSHY-LWN-AZ-07","Azmir By Parishay Luxury | Lawn'26 — AZ-07","Azmir By Parishay Luxury | Lawn'26 — AZ-07. 3 Piece unstitched suit by Parishay. Available to order with Cash on Delivery in Pakistan; final stock is confirmed before dispatch.","in stock","new","8492.00 PKR","https://alhumacollection.com/products/azmir-prshy-lwn-az-07-azmir-by-parishay-luxury-lawn-26/","https://cdn.shopify.com/s/files/1/0906/1783/9987/files/30_7b976b68-b745-4356-a209-22895167792f.jpg?v=1783157828","Parishay","Women > Unstitched Suits > Luxury"
"MARBELLA-PRSHY-LWN-MB-02","Marbella By Parishay | Lawn'26 — MB-02","Marbella By Parishay | Lawn'26 — MB-02. 3 Piece unstitched suit by Parishay. Available to order with Cash on Delivery in Pakistan; final stock is confirmed before dispatch.","in stock","new","9242.00 PKR","https://alhumacollection.com/products/marbella-prshy-lwn-mb-02-marbella-by-parishay-lawn-26/","https://cdn.shopify.com/s/files/1/0906/1783/9987/files/7_12750c7a-fbdb-4d6b-a088-3e4bb7c3849a.jpg?v=1783157962","Parishay","Women > Unstitched Suits > Luxury"
"MARBELLA-PRSHY-LWN-MB-03","Marbella By Parishay | Lawn'26 — MB-03","Marbella By Parishay | Lawn'26 — MB-03. 3 Piece unstitched suit by Parishay. Available to order with Cash on Delivery in Pakistan; final stock is confirmed before dispatch.","in stock","new","9242.00 PKR","https://alhumacollection.com/products/marbella-prshy-lwn-mb-03-marbella-by-parishay-lawn-26/","https://cdn.shopify.com/s/files/1/0906/1783/9987/files/10_eb02dc6f-a8c3-4722-a9b1-e488c3e95035.jpg?v=1783157961","Parishay","Women > Unstitched Suits > Luxury"
"MARBELLA-PRSHY-LWN-MB-13","Marbella By Parishay | Lawn'26 — MB-13","Marbella By Parishay | Lawn'26 — MB-13. 3 Piece unstitched suit by Parishay. Available to order with Cash on Delivery in Pakistan; final stock is confirmed before dispatch.","in stock","new","9242.00 PKR","https://alhumacollection.com/products/marbella-prshy-lwn-mb-13-marbella-by-parishay-lawn-26/","https://cdn.shopify.com/s/files/1/0906/1783/9987/files/53_adac3cac-b847-4d24-88bc-d6573d24b9b6.jpg?v=1783157944","Parishay","Women > Unstitched Suits > Luxury"
"MONACO-LWN-MN-02","Monaco By Parishay | Lawn'26 — MN-02","Monaco By Parishay | Lawn'26 — MN-02. 3 Piece unstitched suit by Parishay. Available to order with Cash on Delivery in Pakistan; final stock is confirmed before dispatch.","in stock","new","12925.00 PKR","https://alhumacollection.com/products/monaco-lwn-mn-02-monaco-by-parishay-lawn-26/","https://cdn.shopify.com/s/files/1/0906/1783/9987/files/5_87f4bae3-bf62-47c5-92de-96dcd8c34374.jpg?v=1783158584","Parishay","Women > Unstitched Suits > Luxury"
"MONACO-LWN-MN-04","Monaco By Parishay | Lawn'26 — MN-04","Monaco By Parishay | Lawn'26 — MN-04. 3 Piece unstitched suit by Parishay. Available to order with Cash on Delivery in Pakistan; final stock is confirmed before dispatch.","in stock","new","12925.00 PKR","https://alhumacollection.com/products/monaco-lwn-mn-04-monaco-by-parishay-lawn-26/","https://cdn.shopify.com/s/files/1/0906/1783/9987/files/11_2547fb16-25d5-4aca-bde6-84030631dd81.jpg?v=1783158582","Parishay","Women > Unstitched Suits > Luxury"
"MONACO-LWN-MN-06","Monaco By Parishay | Lawn'26 — MN-06","Monaco By Parishay | Lawn'26 — MN-06. 3 Piece unstitched suit by Parishay. Available to order with Cash on Delivery in Pakistan; final stock is confirmed before dispatch.","in stock","new","12925.00 PKR","https://alhumacollection.com/products/monaco-lwn-mn-06-monaco-by-parishay-lawn-26/","https://cdn.shopify.com/s/files/1/0906/1783/9987/files/19_5cb83171-1c78-4fca-bf59-c489554afc37.jpg?v=1783158577","Parishay","Women > Unstitched Suits > Luxury"
"MONACO-LWN-MN-10","Monaco By Parishay | Lawn'26 — MN-10","Monaco By Parishay | Lawn'26 — MN-10. 3 Piece unstitched suit by Parishay. Available to order with Cash on Delivery in Pakistan; final stock is confirmed before dispatch.","in stock","new","12925.00 PKR","https://alhumacollection.com/products/monaco-lwn-mn-10-monaco-by-parishay-lawn-26/","https://cdn.shopify.com/s/files/1/0906/1783/9987/files/30_02ca6594-365b-4986-8b41-fe9372a9420d.jpg?v=1783158570","Parishay","Women > Unstitched Suits > Luxury"
"MONACO-LWN-MN-12","Monaco By Parishay | Lawn'26 — MN-12","Monaco By Parishay | Lawn'26 — MN-12. 3 Piece unstitched suit by Parishay. Available to order with Cash on Delivery in Pakistan; final stock is confirmed before dispatch.","in stock","new","12925.00 PKR","https://alhumacollection.com/products/monaco-lwn-mn-12-monaco-by-parishay-lawn-26/","https://cdn.shopify.com/s/files/1/0906/1783/9987/files/37_6a1780de-10ba-48cc-a23e-bac52206bc9f.jpg?v=1783158566","Parishay","Women > Unstitched Suits > Luxury"
"RANG-E-SERMA-SAR-01","Rang-e-Sarma By Parishay Khaddar-3PC — 1","Rang-e-Sarma By Parishay Khaddar-3PC — 1. 3 Piece unstitched suit by Parishay. Available to order with Cash on Delivery in Pakistan; final stock is confirmed before dispatch.","in stock","new","6620.00 PKR","https://alhumacollection.com/products/rang-e-serma-sar-01-rang-e-sarma-by-parishay-khaddar-3pc/","https://cdn.shopify.com/s/files/1/0906/1783/9987/files/01_2_05f018eb-4e8c-4d9c-97b3-da8041e414a9.jpg?v=1787580194","Parishay","Women > Unstitched Suits > Luxury"
"RANG-E-SERMA-SAR-10","Rang-e-Sarma By Parishay Khaddar-3PC — 10","Rang-e-Sarma By Parishay Khaddar-3PC — 10. 3 Piece unstitched suit by Parishay. Available to order with Cash on Delivery in Pakistan; final stock is confirmed before dispatch.","in stock","new","6620.00 PKR","https://alhumacollection.com/products/rang-e-serma-sar-10-rang-e-sarma-by-parishay-khaddar-3pc/","https://cdn.shopify.com/s/files/1/0906/1783/9987/files/10_2_7de95683-6a40-4837-bfbc-fff71c08ac16.jpg?v=1787580535","Parishay","Women > Unstitched Suits > Luxury"
"RANG-E-SERMA-SAR-11","Rang-e-Sarma By Parishay Khaddar-3PC — 11","Rang-e-Sarma By Parishay Khaddar-3PC — 11. 3 Piece unstitched suit by Parishay. Available to order with Cash on Delivery in Pakistan; final stock is confirmed before dispatch.","in stock","new","6620.00 PKR","https://alhumacollection.com/products/rang-e-serma-sar-11-rang-e-sarma-by-parishay-khaddar-3pc/","https://cdn.shopify.com/s/files/1/0906/1783/9987/files/11_4_76d4b8dd-732b-4542-b963-02c278b5d889.jpg?v=1787580494","Parishay","Women > Unstitched Suits > Luxury"
"RANG-E-SERMA-SAR-12","Rang-e-Sarma By Parishay Khaddar-3PC — 12","Rang-e-Sarma By Parishay Khaddar-3PC — 12. 3 Piece unstitched suit by Parishay. Available to order with Cash on Delivery in Pakistan; final stock is confirmed before dispatch.","in stock","new","6620.00 PKR","https://alhumacollection.com/products/rang-e-serma-sar-12-rang-e-sarma-by-parishay-khaddar-3pc/","https://cdn.shopify.com/s/files/1/0906/1783/9987/files/12_3_bc93717a-c489-40de-9889-3f0881b87828.jpg?v=1787580584","Parishay","Women > Unstitched Suits > Luxury"
"RANG-E-SERMA-SAR-13","Rang-e-Sarma By Parishay Khaddar-3PC — 13","Rang-e-Sarma By Parishay Khaddar-3PC — 13. 3 Piece unstitched suit by Parishay. Available to order with Cash on Delivery in Pakistan; final stock is confirmed before dispatch.","in stock","new","6620.00 PKR","https://alhumacollection.com/products/rang-e-serma-sar-13-rang-e-sarma-by-parishay-khaddar-3pc/","https://cdn.shopify.com/s/files/1/0906/1783/9987/files/13_3_aaeba57f-29d4-4294-940d-18fef5395010.jpg?v=1787580613","Parishay","Women > Unstitched Suits > Luxury"
"RANG-E-SERMA-SAR-14","Rang-e-Sarma By Parishay Khaddar-3PC — 14","Rang-e-Sarma By Parishay Khaddar-3PC — 14. 3 Piece unstitched suit by Parishay. Available to order with Cash on Delivery in Pakistan; final stock is confirmed before dispatch.","in stock","new","6620.00 PKR","https://alhumacollection.com/products/rang-e-serma-sar-14-rang-e-sarma-by-parishay-khaddar-3pc/","https://cdn.shopify.com/s/files/1/0906/1783/9987/files/14_2_fdfb3a4b-1f3d-4e4c-85af-45099bd7e406.jpg?v=1787580637","Parishay","Women > Unstitched Suits > Luxury"
"RANG-E-SERMA-SAR-02","Rang-e-Sarma By Parishay Khaddar-3PC — 2","Rang-e-Sarma By Parishay Khaddar-3PC — 2. 3 Piece unstitched suit by Parishay. Available to order with Cash on Delivery in Pakistan; final stock is confirmed before dispatch.","in stock","new","6620.00 PKR","https://alhumacollection.com/products/rang-e-serma-sar-02-rang-e-sarma-by-parishay-khaddar-3pc/","https://cdn.shopify.com/s/files/1/0906/1783/9987/files/02_3_8b49ed95-f6b1-4c06-b04e-7ad18c5ae0b9.jpg?v=1787580229","Parishay","Women > Unstitched Suits > Luxury"
"RANG-E-SERMA-SAR-05","Rang-e-Sarma By Parishay Khaddar-3PC — 5","Rang-e-Sarma By Parishay Khaddar-3PC — 5. 3 Piece unstitched suit by Parishay. Available to order with Cash on Delivery in Pakistan; final stock is confirmed before dispatch.","in stock","new","6620.00 PKR","https://alhumacollection.com/products/rang-e-serma-sar-05-rang-e-sarma-by-parishay-khaddar-3pc/","https://cdn.shopify.com/s/files/1/0906/1783/9987/files/05_2_f2c78f16-b935-4534-b737-ff5433d12c32.jpg?v=1787580324","Parishay","Women > Unstitched Suits > Luxury"
"RANG-E-SERMA-SAR-06","Rang-e-Sarma By Parishay Khaddar-3PC — 6","Rang-e-Sarma By Parishay Khaddar-3PC — 6. 3 Piece unstitched suit by Parishay. Available to order with Cash on Delivery in Pakistan; final stock is confirmed before dispatch.","in stock","new","6620.00 PKR","https://alhumacollection.com/products/rang-e-serma-sar-06-rang-e-sarma-by-parishay-khaddar-3pc/","https://cdn.shopify.com/s/files/1/0906/1783/9987/files/06_3_e3d7de8c-785d-44d5-8db4-f12f36247fa7.jpg?v=1787580362","Parishay","Women > Unstitched Suits > Luxury"
"RANG-E-SERMA-SAR-08","Rang-e-Sarma By Parishay Khaddar-3PC — 8","Rang-e-Sarma By Parishay Khaddar-3PC — 8. 3 Piece unstitched suit by Parishay. Available to order with Cash on Delivery in Pakistan; final stock is confirmed before dispatch.","in stock","new","6620.00 PKR","https://alhumacollection.com/products/rang-e-serma-sar-08-rang-e-sarma-by-parishay-khaddar-3pc/","https://cdn.shopify.com/s/files/1/0906/1783/9987/files/08_2_cf5775f8-1c08-4ba1-8903-b24250d72e12.jpg?v=1787580431","Parishay","Women > Unstitched Suits > Luxury"
"ROYALGALL-PRSHY-MARIN-RG-01","Royal Galleria By Parishay Luxury Marina'26 — RG-01","Royal Galleria By Parishay Luxury Marina'26 — RG-01. 3 Piece unstitched suit by Parishay. Available to order with Cash on Delivery in Pakistan; final stock is confirmed before dispatch.","in stock","new","10240.00 PKR","https://alhumacollection.com/products/royalgall-prshy-marin-rg-01-royal-galleria-by-parishay-luxury-marina-26/","https://cdn.shopify.com/s/files/1/0906/1783/9987/files/1E6A0434_735x.progressive_b14cf94f-48b2-4d64-9c2f-362801e0a2d0.webp?v=1790336673","Parishay","Women > Unstitched Suits > Luxury"
"ROYALGALL-PRSHY-MARIN-RG-03","Royal Galleria By Parishay Luxury Marina'26 — RG-03","Royal Galleria By Parishay Luxury Marina'26 — RG-03. 3 Piece unstitched suit by Parishay. Available to order with Cash on Delivery in Pakistan; final stock is confirmed before dispatch.","in stock","new","10240.00 PKR","https://alhumacollection.com/products/royalgall-prshy-marin-rg-03-royal-galleria-by-parishay-luxury-marina-26/","https://cdn.shopify.com/s/files/1/0906/1783/9987/files/1E6A1529_735x.progressive_9c336a74-38c5-4d3c-b9b7-dd9a2ec37105.webp?v=1790336638","Parishay","Women > Unstitched Suits > Luxury"
"ROYALGALL-PRSHY-MARIN-RG-04","Royal Galleria By Parishay Luxury Marina'26 — RG-04","Royal Galleria By Parishay Luxury Marina'26 — RG-04. 3 Piece unstitched suit by Parishay. Available to order with Cash on Delivery in Pakistan; final stock is confirmed before dispatch.","in stock","new","10240.00 PKR","https://alhumacollection.com/products/royalgall-prshy-marin-rg-04-royal-galleria-by-parishay-luxury-marina-26/","https://cdn.shopify.com/s/files/1/0906/1783/9987/files/1E6A1471_735x.progressive_18f9f44f-c571-4eda-bfec-b61758b4c033.webp?v=1790336607","Parishay","Women > Unstitched Suits > Luxury"
"ROYALGALL-PRSHY-MARIN-RG-05","Royal Galleria By Parishay Luxury Marina'26 — RG-05","Royal Galleria By Parishay Luxury Marina'26 — RG-05. 3 Piece unstitched suit by Parishay. Available to order with Cash on Delivery in Pakistan; final stock is confirmed before dispatch.","in stock","new","10240.00 PKR","https://alhumacollection.com/products/royalgall-prshy-marin-rg-05-royal-galleria-by-parishay-luxury-marina-26/","https://cdn.shopify.com/s/files/1/0906/1783/9987/files/1E6A1812_735x.progressive_c4ea6bc9-f5b0-41cd-a116-17f822ea5769.webp?v=1790336625","Parishay","Women > Unstitched Suits > Luxury"
"ROYALGALL-PRSHY-MARIN-RG-06","Royal Galleria By Parishay Luxury Marina'26 — RG-06","Royal Galleria By Parishay Luxury Marina'26 — RG-06. 3 Piece unstitched suit by Parishay. Available to order with Cash on Delivery in Pakistan; final stock is confirmed before dispatch.","in stock","new","10240.00 PKR","https://alhumacollection.com/products/royalgall-prshy-marin-rg-06-royal-galleria-by-parishay-luxury-marina-26/","https://cdn.shopify.com/s/files/1/0906/1783/9987/files/125.png?v=1790169652","Parishay","Women > Unstitched Suits > Luxury"
"ROYALGALL-PRSHY-MARIN-RG-07","Royal Galleria By Parishay Luxury Marina'26 — RG-07","Royal Galleria By Parishay Luxury Marina'26 — RG-07. 3 Piece unstitched suit by Parishay. Available to order with Cash on Delivery in Pakistan; final stock is confirmed before dispatch.","in stock","new","10240.00 PKR","https://alhumacollection.com/products/royalgall-prshy-marin-rg-07-royal-galleria-by-parishay-luxury-marina-26/","https://cdn.shopify.com/s/files/1/0906/1783/9987/files/1E6A1955_735x.progressive_bebf6971-954a-4047-93d2-7c3487a9dcaf.webp?v=1790336586","Parishay","Women > Unstitched Suits > Luxury"
"ROYALGALL-PRSHY-MARIN-RG-08","Royal Galleria By Parishay Luxury Marina'26 — RG-08","Royal Galleria By Parishay Luxury Marina'26 — RG-08. 3 Piece unstitched suit by Parishay. Available to order with Cash on Delivery in Pakistan; final stock is confirmed before dispatch.","in stock","new","10240.00 PKR","https://alhumacollection.com/products/royalgall-prshy-marin-rg-08-royal-galleria-by-parishay-luxury-marina-26/","https://cdn.shopify.com/s/files/1/0906/1783/9987/files/1E6A0234_735x.progressive_66ab1ae8-ddf4-4a78-9877-61862ab6b367.webp?v=1790336570","Parishay","Women > Unstitched Suits > Luxury"
"ROYALGALL-PRSHY-MARIN-RG-09","Royal Galleria By Parishay Luxury Marina'26 — RG-09","Royal Galleria By Parishay Luxury Marina'26 — RG-09. 3 Piece unstitched suit by Parishay. Available to order with Cash on Delivery in Pakistan; final stock is confirmed before dispatch.","in stock","new","10240.00 PKR","https://alhumacollection.com/products/royalgall-prshy-marin-rg-09-royal-galleria-by-parishay-luxury-marina-26/","https://cdn.shopify.com/s/files/1/0906/1783/9987/files/1E6A0746_735x.progressive_e5bf8048-74f0-4bb6-9c5d-8555dc1ba30c.webp?v=1790336537","Parishay","Women > Unstitched Suits > Luxury"
"ROYALGALL-PRSHY-MARIN-RG-10","Royal Galleria By Parishay Luxury Marina'26 — RG-10","Royal Galleria By Parishay Luxury Marina'26 — RG-10. 3 Piece unstitched suit by Parishay. Available to order with Cash on Delivery in Pakistan; final stock is confirmed before dispatch.","in stock","new","10240.00 PKR","https://alhumacollection.com/products/royalgall-prshy-marin-rg-10-royal-galleria-by-parishay-luxury-marina-26/","https://cdn.shopify.com/s/files/1/0906/1783/9987/files/1E6A1757_735x.progressive_2ea4e1ba-e344-4637-a1e9-b3a436b6113a.webp?v=1790336552","Parishay","Women > Unstitched Suits > Luxury"
"ROYALGALL-PRSHY-MARIN-RG-11","Royal Galleria By Parishay Luxury Marina'26 — RG-11","Royal Galleria By Parishay Luxury Marina'26 — RG-11. 3 Piece unstitched suit by Parishay. Available to order with Cash on Delivery in Pakistan; final stock is confirmed before dispatch.","in stock","new","10240.00 PKR","https://alhumacollection.com/products/royalgall-prshy-marin-rg-11-royal-galleria-by-parishay-luxury-marina-26/","https://cdn.shopify.com/s/files/1/0906/1783/9987/files/1E6A1065_735x.progressive_2062ee3b-ef40-4045-857f-def3d74b06bc.webp?v=1790336502","Parishay","Women > Unstitched Suits > Luxury"
"ROYALGALL-PRSHY-MARIN-RG-12","Royal Galleria By Parishay Luxury Marina'26 — RG-12","Royal Galleria By Parishay Luxury Marina'26 — RG-12. 3 Piece unstitched suit by Parishay. Available to order with Cash on Delivery in Pakistan; final stock is confirmed before dispatch.","in stock","new","10240.00 PKR","https://alhumacollection.com/products/royalgall-prshy-marin-rg-12-royal-galleria-by-parishay-luxury-marina-26/","https://cdn.shopify.com/s/files/1/0906/1783/9987/files/1E6A0843_735x.progressive_d80c1117-2995-45c6-b26e-50c600f35bc1.webp?v=1790336483","Parishay","Women > Unstitched Suits > Luxury"
"ROYALGALL-PRSHY-MARIN-RG-14","Royal Galleria By Parishay Luxury Marina'26 — RG-14","Royal Galleria By Parishay Luxury Marina'26 — RG-14. 3 Piece unstitched suit by Parishay. Available to order with Cash on Delivery in Pakistan; final stock is confirmed before dispatch.","in stock","new","10240.00 PKR","https://alhumacollection.com/products/royalgall-prshy-marin-rg-14-royal-galleria-by-parishay-luxury-marina-26/","https://cdn.shopify.com/s/files/1/0906/1783/9987/files/1E6A0521_735x.progressive_bd72f653-a605-4b9e-a92b-22ad026d4b89.webp?v=1790336468","Parishay","Women > Unstitched Suits > Luxury"
"ROYALGALL-PRSHY-MARIN-RG-15","Royal Galleria By Parishay Luxury Marina'26 — RG-15","Royal Galleria By Parishay Luxury Marina'26 — RG-15. 3 Piece unstitched suit by Parishay. Available to order with Cash on Delivery in Pakistan; final stock is confirmed before dispatch.","in stock","new","10240.00 PKR","https://alhumacollection.com/products/royalgall-prshy-marin-rg-15-royal-galleria-by-parishay-luxury-marina-26/","https://cdn.shopify.com/s/files/1/0906/1783/9987/files/1E6A1626_735x.progressive_3eed3066-d4f4-4a92-9385-f9cd11a0bf80.webp?v=1790336451","Parishay","Women > Unstitched Suits > Luxury"
"ROYALGALL-PRSHY-MARIN-RG-16","Royal Galleria By Parishay Luxury Marina'26 — RG-16","Royal Galleria By Parishay Luxury Marina'26 — RG-16. 3 Piece unstitched suit by Parishay. Available to order with Cash on Delivery in Pakistan; final stock is confirmed before dispatch.","in stock","new","10240.00 PKR","https://alhumacollection.com/products/royalgall-prshy-marin-rg-16-royal-galleria-by-parishay-luxury-marina-26/","https://cdn.shopify.com/s/files/1/0906/1783/9987/files/1E6A1867_735x.progressive_4c9bd343-87d8-471b-806e-154bc67e99b5.webp?v=1790336428","Parishay","Women > Unstitched Suits > Luxury"
"VERNDA-PRSHY-KRND-VR-04","Veranda By Parishay | Winter'26 — VR-04","Veranda By Parishay | Winter'26 — VR-04. 3 Piece unstitched suit by Parishay. Available to order with Cash on Delivery in Pakistan; final stock is confirmed before dispatch.","in stock","new","9390.00 PKR","https://alhumacollection.com/products/vernda-prshy-krnd-vr-04-veranda-by-parishay-winter-26/","https://cdn.shopify.com/s/files/1/0906/1783/9987/files/AKS09515_765x.progressive_48c17717-425c-4613-8620-8eee90cb4d89.webp?v=1789742900","Parishay","Women > Unstitched Suits > Luxury"
"VERNDA-PRSHY-KRND-VR-06","Veranda By Parishay | Winter'26 — VR-06","Veranda By Parishay | Winter'26 — VR-06. 3 Piece unstitched suit by Parishay. Available to order with Cash on Delivery in Pakistan; final stock is confirmed before dispatch.","in stock","new","9390.00 PKR","https://alhumacollection.com/products/vernda-prshy-krnd-vr-06-veranda-by-parishay-winter-26/","https://cdn.shopify.com/s/files/1/0906/1783/9987/files/AKS09601_765x.progressive_3792f855-6da1-49c0-823b-37c40f3e02ee.webp?v=1789742802","Parishay","Women > Unstitched Suits > Luxury"
"VERNDA-PRSHY-KRND-VR-10","Veranda By Parishay | Winter'26 — VR-10","Veranda By Parishay | Winter'26 — VR-10. 3 Piece unstitched suit by Parishay. Available to order with Cash on Delivery in Pakistan; final stock is confirmed before dispatch.","in stock","new","9390.00 PKR","https://alhumacollection.com/products/vernda-prshy-krnd-vr-10-veranda-by-parishay-winter-26/","https://cdn.shopify.com/s/files/1/0906/1783/9987/files/AKS00279_765x.progressive_7b6ef858-a26b-4b5d-aa59-8d1a5fd454ae.webp?v=1789742678","Parishay","Women > Unstitched Suits > Luxury"
"VERNDA-PRSHY-KRND-VR-14","Veranda By Parishay | Winter'26 — VR-14","Veranda By Parishay | Winter'26 — VR-14. 3 Piece unstitched suit by Parishay. Available to order with Cash on Delivery in Pakistan; final stock is confirmed before dispatch.","in stock","new","9390.00 PKR","https://alhumacollection.com/products/vernda-prshy-krnd-vr-14-veranda-by-parishay-winter-26/","https://cdn.shopify.com/s/files/1/0906/1783/9987/files/AKS09679_765x.progressive_c4eedc4c-6551-461a-83e1-5804f0ec00f7.webp?v=1789742638","Parishay","Women > Unstitched Suits > Luxury"
"VERNDA-PRSHY-KRND-VR-15","Veranda By Parishay | Winter'26 — VR-15","Veranda By Parishay | Winter'26 — VR-15. 3 Piece unstitched suit by Parishay. Available to order with Cash on Delivery in Pakistan; final stock is confirmed before dispatch.","in stock","new","9390.00 PKR","https://alhumacollection.com/products/vernda-prshy-krnd-vr-15-veranda-by-parishay-winter-26/","https://cdn.shopify.com/s/files/1/0906/1783/9987/files/AKS00168_765x.progressive_c787e37d-bd75-4a18-965b-5c5bea13c8cc.webp?v=1789742589","Parishay","Women > Unstitched Suits > Luxury"
"VERNDA-PRSHY-KRND-VR-16","Veranda By Parishay | Winter'26 — VR-16","Veranda By Parishay | Winter'26 — VR-16. 3 Piece unstitched suit by Parishay. Available to order with Cash on Delivery in Pakistan; final stock is confirmed before dispatch.","in stock","new","9390.00 PKR","https://alhumacollection.com/products/vernda-prshy-krnd-vr-16-veranda-by-parishay-winter-26/","https://cdn.shopify.com/s/files/1/0906/1783/9987/files/AKS00382_765x.progressive_84d4194f-1505-4409-b3bb-2da09cc92313.webp?v=1789742561","Parishay","Women > Unstitched Suits > Luxury"
"PRINTERS-EMBLWN-V2-2P-AR-01","Pinterest Plain Emb Allover Two Piece Lawn 2PC — 1","Pinterest Plain Emb Allover Two Piece Lawn 2PC — 1. 2 Piece unstitched suit by Pinterest. Available to order with Cash on Delivery in Pakistan; final stock is confirmed before dispatch.","in stock","new","4490.00 PKR","https://alhumacollection.com/products/printers-emblwn-v2-2p-ar-01-pinterest-plain-emb-allover-two-piece-lawn-2pc/","https://cdn.shopify.com/s/files/1/0906/1783/9987/files/15909_2.jpg?v=1785408135","Pinterest","Women > Unstitched Suits > Formal"
"PRINTERS-EMBLWN-V2-2P-AR-02","Pinterest Plain Emb Allover Two Piece Lawn 2PC — 2","Pinterest Plain Emb Allover Two Piece Lawn 2PC — 2. 2 Piece unstitched suit by Pinterest. Available to order with Cash on Delivery in Pakistan; final stock is confirmed before dispatch.","in stock","new","4490.00 PKR","https://alhumacollection.com/products/printers-emblwn-v2-2p-ar-02-pinterest-plain-emb-allover-two-piece-lawn-2pc/","https://cdn.shopify.com/s/files/1/0906/1783/9987/files/15910_2.jpg?v=1785408111","Pinterest","Women > Unstitched Suits > Formal"
"PRINTERS-EMBLWN-V2-2P-AR-03","Pinterest Plain Emb Allover Two Piece Lawn 2PC — 3","Pinterest Plain Emb Allover Two Piece Lawn 2PC — 3. 2 Piece unstitched suit by Pinterest. Available to order with Cash on Delivery in Pakistan; final stock is confirmed before dispatch.","in stock","new","4490.00 PKR","https://alhumacollection.com/products/printers-emblwn-v2-2p-ar-03-pinterest-plain-emb-allover-two-piece-lawn-2pc/","https://cdn.shopify.com/s/files/1/0906/1783/9987/files/15911_2.jpg?v=1785408164","Pinterest","Women > Unstitched Suits > Formal"
"PRINTERS-EMBLWN-V2-2P-AR-04","Pinterest Plain Emb Allover Two Piece Lawn 2PC — 4","Pinterest Plain Emb Allover Two Piece Lawn 2PC — 4. 2 Piece unstitched suit by Pinterest. Available to order with Cash on Delivery in Pakistan; final stock is confirmed before dispatch.","in stock","new","4490.00 PKR","https://alhumacollection.com/products/printers-emblwn-v2-2p-ar-04-pinterest-plain-emb-allover-two-piece-lawn-2pc/","https://cdn.shopify.com/s/files/1/0906/1783/9987/files/15912_2.jpg?v=1785408187","Pinterest","Women > Unstitched Suits > Formal"
"PRINTERS-EMBLWN-V2-2P-AR-05","Pinterest Plain Emb Allover Two Piece Lawn 2PC — 5","Pinterest Plain Emb Allover Two Piece Lawn 2PC — 5. 2 Piece unstitched suit by Pinterest. Available to order with Cash on Delivery in Pakistan; final stock is confirmed before dispatch.","in stock","new","4490.00 PKR","https://alhumacollection.com/products/printers-emblwn-v2-2p-ar-05-pinterest-plain-emb-allover-two-piece-lawn-2pc/","https://cdn.shopify.com/s/files/1/0906/1783/9987/files/15913_2.jpg?v=1785408209","Pinterest","Women > Unstitched Suits > Formal"
"PRINTERS-EMBLWN-V2-2P-AR-06","Pinterest Plain Emb Allover Two Piece Lawn 2PC — 6","Pinterest Plain Emb Allover Two Piece Lawn 2PC — 6. 2 Piece unstitched suit by Pinterest. Available to order with Cash on Delivery in Pakistan; final stock is confirmed before dispatch.","in stock","new","4490.00 PKR","https://alhumacollection.com/products/printers-emblwn-v2-2p-ar-06-pinterest-plain-emb-allover-two-piece-lawn-2pc/","https://cdn.shopify.com/s/files/1/0906/1783/9987/files/15914_2.jpg?v=1785408231","Pinterest","Women > Unstitched Suits > Formal"
"PRINTERS-EMBLWN-V2-2P-AR-07","Pinterest Plain Emb Allover Two Piece Lawn 2PC — 7","Pinterest Plain Emb Allover Two Piece Lawn 2PC — 7. 2 Piece unstitched suit by Pinterest. Available to order with Cash on Delivery in Pakistan; final stock is confirmed before dispatch.","in stock","new","4490.00 PKR","https://alhumacollection.com/products/printers-emblwn-v2-2p-ar-07-pinterest-plain-emb-allover-two-piece-lawn-2pc/","https://cdn.shopify.com/s/files/1/0906/1783/9987/files/15915_2.jpg?v=1785408253","Pinterest","Women > Unstitched Suits > Formal"
"SHEEZAL-KHADDAR25-D05","Popular Printed Khaddar 3PC — 5","Popular Printed Khaddar 3PC — 5. 3 Piece unstitched suit by Popular. Available to order with Cash on Delivery in Pakistan; final stock is confirmed before dispatch.","in stock","new","4695.00 PKR","https://alhumacollection.com/products/sheezal-khaddar25-d05-popular-printed-khaddar-3pc/","https://cdn.shopify.com/s/files/1/0906/1783/9987/files/B21B43F1-1C5E-42F6-BCB6-A1A858DFF420.jpg?v=1757515757","Popular","Women > Unstitched Suits > Luxury"
"RANGPREET-V1LINEN25-A03","Rang Preet Digital Printed Linen 3PC — 3","Rang Preet Digital Printed Linen 3PC — 3. 3 Piece unstitched suit by Rang Preet. Available to order with Cash on Delivery in Pakistan; final stock is confirmed before dispatch.","in stock","new","4695.00 PKR","https://alhumacollection.com/products/rangpreet-v1linen25-a03-rang-preet-digital-printed-linen-3pc/","https://cdn.shopify.com/s/files/1/0906/1783/9987/files/E0A38CF1-5757-4903-BD5A-F883AF41BC3E.jpg?v=1761305067","Rang Preet","Women > Unstitched Suits > Luxury"
"RANGPREET-STLWN-2P-RP-33","Rang Preet Digital Printed Shirt Trouser Lawn 2PC — 33","Rang Preet Digital Printed Shirt Trouser Lawn 2PC — 33. 3 Piece unstitched suit by Rang Preet. Available to order with Cash on Delivery in Pakistan; final stock is confirmed before dispatch.","in stock","new","2650.00 PKR","https://alhumacollection.com/products/rangpreet-stlwn-2p-rp-33-rang-preet-digital-printed-shirt-trouser-lawn-2pc/","https://cdn.shopify.com/s/files/1/0906/1783/9987/files/IMG-5532.jpg?v=1783181113","Rang Preet","Women > Unstitched Suits > Formal"
"RR-EID-LWN-AYLA-14","AYLA — 14","AYLA — 14. 3 Piece unstitched suit by Rang Rasiya. Available to order with Cash on Delivery in Pakistan; final stock is confirmed before dispatch.","in stock","new","12996.00 PKR","https://alhumacollection.com/products/rr-eid-lwn-ayla-14-ayla/","https://cdn.shopify.com/s/files/1/0906/1783/9987/files/14_6f8b9917-0168-46bb-9c61-d0c0ba555c7e.jpg?v=1783157754","Rang Rasiya","Women > Unstitched Suits > Luxury"
"CARNATION-RR-V2-ZOEY-3P-BL-01","Carnation By Rang Rasiya Vol-02 Luxury Emb Lawn 3PC — 1","Carnation By Rang Rasiya Vol-02 Luxury Emb Lawn 3PC — 1. 3 Piece unstitched suit by Rang Rasiya. Available to order with Cash on Delivery in Pakistan; final stock is confirmed before dispatch.","in stock","new","9094.00 PKR","https://alhumacollection.com/products/carnation-rr-v2-zoey-3p-bl-01-carnation-by-rang-rasiya-vol-02-luxury-emb-lawn-3pc/","https://cdn.shopify.com/s/files/1/0906/1783/9987/files/25_ae14e462-8962-4da8-bb70-5613da70f416.webp?v=1786284645","Rang Rasiya","Women > Unstitched Suits > Luxury"
"CARNATION-RR-V2-ISLA-3P-BL-02","Carnation By Rang Rasiya Vol-02 Luxury Emb Lawn 3PC — 2","Carnation By Rang Rasiya Vol-02 Luxury Emb Lawn 3PC — 2. 3 Piece unstitched suit by Rang Rasiya. Available to order with Cash on Delivery in Pakistan; final stock is confirmed before dispatch.","in stock","new","9094.00 PKR","https://alhumacollection.com/products/carnation-rr-v2-isla-3p-bl-02-carnation-by-rang-rasiya-vol-02-luxury-emb-lawn-3pc/","https://cdn.shopify.com/s/files/1/0906/1783/9987/files/14_7a697295-c975-4748-ac2b-22e4c8618edb.webp?v=1786284627","Rang Rasiya","Women > Unstitched Suits > Luxury"
"EID-RR-V2-HAYA-3P-BL-1","Eid Edit By Rang Rasiya Luxury Lawn — 1","Eid Edit By Rang Rasiya Luxury Lawn — 1. 3 Piece unstitched suit by Rang Rasiya. Available to order with Cash on Delivery in Pakistan; final stock is confirmed before dispatch.","in stock","new","10197.00 PKR","https://alhumacollection.com/products/eid-rr-v2-haya-3p-bl-1-eid-edit-by-rang-rasiya-luxury-lawn/","https://cdn.shopify.com/s/files/1/0906/1783/9987/files/22_513c5d8b-cec6-401d-9dbc-5a16872182bc.jpg?v=1786356757","Rang Rasiya","Women > Unstitched Suits > Luxury"
"EID-RR-V2-RANIYA-3P-BL-2","Eid Edit By Rang Rasiya Luxury Lawn — 2","Eid Edit By Rang Rasiya Luxury Lawn — 2. 3 Piece unstitched suit by Rang Rasiya. Available to order with Cash on Delivery in Pakistan; final stock is confirmed before dispatch.","in stock","new","10197.00 PKR","https://alhumacollection.com/products/eid-rr-v2-raniya-3p-bl-2-eid-edit-by-rang-rasiya-luxury-lawn/","https://cdn.shopify.com/s/files/1/0906/1783/9987/files/13_96a45562-915b-4046-bdad-7692b7ba6666.jpg?v=1786356712","Rang Rasiya","Women > Unstitched Suits > Luxury"
"EID-RR-V2-NADINE-3P-BL-3","Eid Edit By Rang Rasiya Luxury Lawn — 3","Eid Edit By Rang Rasiya Luxury Lawn — 3. 3 Piece unstitched suit by Rang Rasiya. Available to order with Cash on Delivery in Pakistan; final stock is confirmed before dispatch.","in stock","new","10197.00 PKR","https://alhumacollection.com/products/eid-rr-v2-nadine-3p-bl-3-eid-edit-by-rang-rasiya-luxury-lawn/","https://cdn.shopify.com/s/files/1/0906/1783/9987/files/4_a9c91da8-9ac3-4e4f-88d5-a41e9f598fda.jpg?v=1786356670","Rang Rasiya","Women > Unstitched Suits > Luxury"
"EID-RR-V2-ZAHA-3P-BL-4","Eid Edit By Rang Rasiya Luxury Lawn — 4","Eid Edit By Rang Rasiya Luxury Lawn — 4. 3 Piece unstitched suit by Rang Rasiya. Available to order with Cash on Delivery in Pakistan; final stock is confirmed before dispatch.","in stock","new","10197.00 PKR","https://alhumacollection.com/products/eid-rr-v2-zaha-3p-bl-4-eid-edit-by-rang-rasiya-luxury-lawn/","https://cdn.shopify.com/s/files/1/0906/1783/9987/files/19_9b746883-ea64-48cf-9445-b57e7f80b263.jpg?v=1786356617","Rang Rasiya","Women > Unstitched Suits > Luxury"
"EID-RR-V2-LAYL-3P-BL-5","Eid Edit By Rang Rasiya Luxury Lawn — 5","Eid Edit By Rang Rasiya Luxury Lawn — 5. 3 Piece unstitched suit by Rang Rasiya. Available to order with Cash on Delivery in Pakistan; final stock is confirmed before dispatch.","in stock","new","10197.00 PKR","https://alhumacollection.com/products/eid-rr-v2-layl-3p-bl-5-eid-edit-by-rang-rasiya-luxury-lawn/","https://cdn.shopify.com/s/files/1/0906/1783/9987/files/28_b35fdb35-3452-4b5a-b886-eb724b29c47e.jpg?v=1786356572","Rang Rasiya","Women > Unstitched Suits > Luxury"
"RAAYA-RR-LWN-ELVA-04","ELVA — 4","ELVA — 4. 3 Piece unstitched suit by Rang Rasiya. Available to order with Cash on Delivery in Pakistan; final stock is confirmed before dispatch.","in stock","new","9249.00 PKR","https://alhumacollection.com/products/raaya-rr-lwn-elva-04-elva/","https://cdn.shopify.com/s/files/1/0906/1783/9987/files/2_15383586-325e-4f30-b0a6-20060130ca64.jpg?v=1783157980","Rang Rasiya","Women > Unstitched Suits > Luxury"
"RAAYA-RR-LWN-EVLAYN-11","EVLAYN — 11","EVLAYN — 11. 3 Piece unstitched suit by Rang Rasiya. Available to order with Cash on Delivery in Pakistan; final stock is confirmed before dispatch.","in stock","new","9249.00 PKR","https://alhumacollection.com/products/raaya-rr-lwn-evlayn-11-evlayn/","https://cdn.shopify.com/s/files/1/0906/1783/9987/files/14_7f05fc9e-be6b-459c-8156-c74c472ce949.jpg?v=1783157966","Rang Rasiya","Women > Unstitched Suits > Luxury"
"FL-RR-FE-LWN-NILOFER-5","Florence By Rang Rasiya | Festive Edit'26 — 5","Florence By Rang Rasiya | Festive Edit'26 — 5. 3 Piece unstitched suit by Rang Rasiya. Available to order with Cash on Delivery in Pakistan; final stock is confirmed before dispatch.","in stock","new","9246.00 PKR","https://alhumacollection.com/products/fl-rr-fe-lwn-nilofer-5-florence-by-rang-rasiya-festive-edit-26/","https://cdn.shopify.com/s/files/1/0906/1783/9987/files/26_6e5f35cd-ab0c-4532-b9ed-a4ccec0e5bf3.jpg?v=1783157671","Rang Rasiya","Women > Unstitched Suits > Luxury"
"FLORENCE-RR-V2-LALEH-3P-BL-1","Florence By Rang Rasiya Vol-02 Luxury Emb Lawn 3PC — 1","Florence By Rang Rasiya Vol-02 Luxury Emb Lawn 3PC — 1. 3 Piece unstitched suit by Rang Rasiya. Available to order with Cash on Delivery in Pakistan; final stock is confirmed before dispatch.","in stock","new","7447.00 PKR","https://alhumacollection.com/products/florence-rr-v2-laleh-3p-bl-1-florence-by-rang-rasiya-vol-02-luxury-emb-lawn-3pc/","https://cdn.shopify.com/s/files/1/0906/1783/9987/files/39_be1cdfde-80df-48f0-83ad-b1990a055a15.webp?v=1786279744","Rang Rasiya","Women > Unstitched Suits > Luxury"
"FLORENCE-RR-V2-SHIRIN-3P-BL-2","Florence By Rang Rasiya Vol-02 Luxury Emb Lawn 3PC — 2","Florence By Rang Rasiya Vol-02 Luxury Emb Lawn 3PC — 2. 3 Piece unstitched suit by Rang Rasiya. Available to order with Cash on Delivery in Pakistan; final stock is confirmed before dispatch.","in stock","new","7447.00 PKR","https://alhumacollection.com/products/florence-rr-v2-shirin-3p-bl-2-florence-by-rang-rasiya-vol-02-luxury-emb-lawn-3pc/","https://cdn.shopify.com/s/files/1/0906/1783/9987/files/10_30a4c492-289d-468c-ab50-93ba0e6eaadb.webp?v=1786279647","Rang Rasiya","Women > Unstitched Suits > Luxury"
"FLORENCE-RR-V2-MAHNAZ-3P-BL-4","Florence By Rang Rasiya Vol-02 Luxury Emb Lawn 3PC — 4","Florence By Rang Rasiya Vol-02 Luxury Emb Lawn 3PC — 4. 3 Piece unstitched suit by Rang Rasiya. Available to order with Cash on Delivery in Pakistan; final stock is confirmed before dispatch.","in stock","new","7447.00 PKR","https://alhumacollection.com/products/florence-rr-v2-mahnaz-3p-bl-4-florence-by-rang-rasiya-vol-02-luxury-emb-lawn-3pc/","https://cdn.shopify.com/s/files/1/0906/1783/9987/files/48_3deaaa52-faa6-4689-b239-89ebdd0162c2.webp?v=1786279432","Rang Rasiya","Women > Unstitched Suits > Luxury"
"RAAYA-RR-LWN-ISLA-06","ISLA — 6","ISLA — 6. 3 Piece unstitched suit by Rang Rasiya. Available to order with Cash on Delivery in Pakistan; final stock is confirmed before dispatch.","in stock","new","9249.00 PKR","https://alhumacollection.com/products/raaya-rr-lwn-isla-06-isla/","https://cdn.shopify.com/s/files/1/0906/1783/9987/files/28_1c37023d-7e0f-424a-b6cb-d73bbf7f267f.jpg?v=1783157976","Rang Rasiya","Women > Unstitched Suits > Luxury"
"LIFESTYLE-RR-MELLOW-3P-BL-3","LifeStyle By Rang Rasiya Luxury Printed & Emb Lawn 3PC — 3","LifeStyle By Rang Rasiya Luxury Printed & Emb Lawn 3PC — 3. 3 Piece unstitched suit by Rang Rasiya. Available to order with Cash on Delivery in Pakistan; final stock is confirmed before dispatch.","in stock","new","6072.00 PKR","https://alhumacollection.com/products/lifestyle-rr-mellow-3p-bl-3-lifestyle-by-rang-rasiya-luxury-printed-and-emb-lawn-3pc/","https://cdn.shopify.com/s/files/1/0906/1783/9987/files/Mellow_2_1800x1800_8f97c384-38fe-40e4-bbbc-f245d4cbebf4.webp?v=1786212779","Rang Rasiya","Women > Unstitched Suits > Luxury"
"LIFESTYLE-RR-GARDENIA-3P-BL-4","LifeStyle By Rang Rasiya Luxury Printed & Emb Lawn 3PC — 4","LifeStyle By Rang Rasiya Luxury Printed & Emb Lawn 3PC — 4. 3 Piece unstitched suit by Rang Rasiya. Available to order with Cash on Delivery in Pakistan; final stock is confirmed before dispatch.","in stock","new","6072.00 PKR","https://alhumacollection.com/products/lifestyle-rr-gardenia-3p-bl-4-lifestyle-by-rang-rasiya-luxury-printed-and-emb-lawn-3pc/","https://cdn.shopify.com/s/files/1/0906/1783/9987/files/Gardenia_4_1800x1800_b046de2e-945f-4172-b6c9-6fbb84ec211b.webp?v=1786212749","Rang Rasiya","Women > Unstitched Suits > Luxury"
"LIFESTYLE-RR-PEONY-3P-BL-7","LifeStyle By Rang Rasiya Luxury Printed & Emb Lawn 3PC — 7","LifeStyle By Rang Rasiya Luxury Printed & Emb Lawn 3PC — 7. 3 Piece unstitched suit by Rang Rasiya. Available to order with Cash on Delivery in Pakistan; final stock is confirmed before dispatch.","in stock","new","6344.00 PKR","https://alhumacollection.com/products/lifestyle-rr-peony-3p-bl-7-lifestyle-by-rang-rasiya-luxury-printed-and-emb-lawn-3pc/","https://cdn.shopify.com/s/files/1/0906/1783/9987/files/Peony_2_1800x1800_ea2cf10a-0713-413a-881e-ad2b96f61429.webp?v=1786212819","Rang Rasiya","Women > Unstitched Suits > Luxury"
"LIFESTYLE-RR-SAGE-3P-BL-8","LifeStyle By Rang Rasiya Luxury Printed & Emb Lawn 3PC — 8","LifeStyle By Rang Rasiya Luxury Printed & Emb Lawn 3PC — 8. 3 Piece unstitched suit by Rang Rasiya. Available to order with Cash on Delivery in Pakistan; final stock is confirmed before dispatch.","in stock","new","6072.00 PKR","https://alhumacollection.com/products/lifestyle-rr-sage-3p-bl-8-lifestyle-by-rang-rasiya-luxury-printed-and-emb-lawn-3pc/","https://cdn.shopify.com/s/files/1/0906/1783/9987/files/Sage_3_1800x1800_c02960ec-7bef-4bf2-8d7c-c3219740e661.webp?v=1786212571","Rang Rasiya","Women > Unstitched Suits > Luxury"
"LIFESTYLE-RR-LUNA-3P-BL-9","LifeStyle By Rang Rasiya Luxury Printed & Emb Lawn 3PC — 9","LifeStyle By Rang Rasiya Luxury Printed & Emb Lawn 3PC — 9. 3 Piece unstitched suit by Rang Rasiya. Available to order with Cash on Delivery in Pakistan; final stock is confirmed before dispatch.","in stock","new","6072.00 PKR","https://alhumacollection.com/products/lifestyle-rr-luna-3p-bl-9-lifestyle-by-rang-rasiya-luxury-printed-and-emb-lawn-3pc/","https://cdn.shopify.com/s/files/1/0906/1783/9987/files/Luna_5_1800x1800_151162db-7043-49df-a797-724ee000a9c2.webp?v=1786214356","Rang Rasiya","Women > Unstitched Suits > Luxury"
"RR-EID-LWN-MAHI-05","MAHI — 5","MAHI — 5. 3 Piece unstitched suit by Rang Rasiya. Available to order with Cash on Delivery in Pakistan; final stock is confirmed before dispatch.","in stock","new","12996.00 PKR","https://alhumacollection.com/products/rr-eid-lwn-mahi-05-mahi/","https://cdn.shopify.com/s/files/1/0906/1783/9987/files/16_a2ba1bf3-5ef5-4d7b-8626-9ee6dd88216e.jpg?v=1783157737","Rang Rasiya","Women > Unstitched Suits > Luxury"
"NATALIA-RR-LWN-09","Natalia — 9","Natalia — 9. 3 Piece unstitched suit by Rang Rasiya. Available to order with Cash on Delivery in Pakistan; final stock is confirmed before dispatch.","in stock","new","11844.00 PKR","https://alhumacollection.com/products/natalia-rr-lwn-09-natalia/","https://cdn.shopify.com/s/files/1/0906/1783/9987/files/622342140_1284162227079543_8741377852334114175_n.jpg?v=1783158850","Rang Rasiya","Women > Unstitched Suits > Formal"
"NOVA-RR-EMB-LWN-3P-BL-10","Nova By Rang Rasiya Luxury Printed & Emb Lawn 3PC — 10","Nova By Rang Rasiya Luxury Printed & Emb Lawn 3PC — 10. 3 Piece unstitched suit by Rang Rasiya. Available to order with Cash on Delivery in Pakistan; final stock is confirmed before dispatch.","in stock","new","6347.00 PKR","https://alhumacollection.com/products/nova-rr-emb-lwn-3p-bl-10-nova-by-rang-rasiya-luxury-printed-and-emb-lawn-3pc/","https://cdn.shopify.com/s/files/1/0906/1783/9987/files/Isabella_2_1800x1800_7dbd9a3a-0825-46ee-b5d3-89dd1f3ed200.jpg?v=1786470579","Rang Rasiya","Women > Unstitched Suits > Luxury"
"NOVA-RR-EMB-LWN-3P-BL-13","Nova By Rang Rasiya Luxury Printed & Emb Lawn 3PC — 13","Nova By Rang Rasiya Luxury Printed & Emb Lawn 3PC — 13. 3 Piece unstitched suit by Rang Rasiya. Available to order with Cash on Delivery in Pakistan; final stock is confirmed before dispatch.","in stock","new","6347.00 PKR","https://alhumacollection.com/products/nova-rr-emb-lwn-3p-bl-13-nova-by-rang-rasiya-luxury-printed-and-emb-lawn-3pc/","https://cdn.shopify.com/s/files/1/0906/1783/9987/files/Ariana_3_1800x1800_fd4f2a2d-a2fc-4379-be8c-76b4110141c7.jpg?v=1786470642","Rang Rasiya","Women > Unstitched Suits > Luxury"
"NOVA-RR-EMB-LWN-3P-BL-14","Nova By Rang Rasiya Luxury Printed & Emb Lawn 3PC — 14","Nova By Rang Rasiya Luxury Printed & Emb Lawn 3PC — 14. 3 Piece unstitched suit by Rang Rasiya. Available to order with Cash on Delivery in Pakistan; final stock is confirmed before dispatch.","in stock","new","6347.00 PKR","https://alhumacollection.com/products/nova-rr-emb-lwn-3p-bl-14-nova-by-rang-rasiya-luxury-printed-and-emb-lawn-3pc/","https://cdn.shopify.com/s/files/1/0906/1783/9987/files/Georgia_4_1800x1800_66c88b7b-17f2-4edd-ab3b-8b285411706e.jpg?v=1786470825","Rang Rasiya","Women > Unstitched Suits > Luxury"
"NOVA-RR-EMB-LWN-3P-BL-03","Nova By Rang Rasiya Luxury Printed & Emb Lawn 3PC — 3","Nova By Rang Rasiya Luxury Printed & Emb Lawn 3PC — 3. 3 Piece unstitched suit by Rang Rasiya. Available to order with Cash on Delivery in Pakistan; final stock is confirmed before dispatch.","in stock","new","6347.00 PKR","https://alhumacollection.com/products/nova-rr-emb-lwn-3p-bl-03-nova-by-rang-rasiya-luxury-printed-and-emb-lawn-3pc/","https://cdn.shopify.com/s/files/1/0906/1783/9987/files/Emilia_3_1800x1800_6a989dda-edc1-43c4-a4a0-f602cd98dac5.jpg?v=1786470439","Rang Rasiya","Women > Unstitched Suits > Luxury"
"NOVA-RR-EMB-LWN-3P-BL-04","Nova By Rang Rasiya Luxury Printed & Emb Lawn 3PC — 4","Nova By Rang Rasiya Luxury Printed & Emb Lawn 3PC — 4. 3 Piece unstitched suit by Rang Rasiya. Available to order with Cash on Delivery in Pakistan; final stock is confirmed before dispatch.","in stock","new","6347.00 PKR","https://alhumacollection.com/products/nova-rr-emb-lwn-3p-bl-04-nova-by-rang-rasiya-luxury-printed-and-emb-lawn-3pc/","https://cdn.shopify.com/s/files/1/0906/1783/9987/files/Gabriella_3_1800x1800_5840f4ac-4d0c-454d-a189-eadc3f800794.webp?v=1786963827","Rang Rasiya","Women > Unstitched Suits > Luxury"
"NOVA-RR-EMB-LWN-3P-BL-07","Nova By Rang Rasiya Luxury Printed & Emb Lawn 3PC — 7","Nova By Rang Rasiya Luxury Printed & Emb Lawn 3PC — 7. 3 Piece unstitched suit by Rang Rasiya. Available to order with Cash on Delivery in Pakistan; final stock is confirmed before dispatch.","in stock","new","6347.00 PKR","https://alhumacollection.com/products/nova-rr-emb-lwn-3p-bl-07-nova-by-rang-rasiya-luxury-printed-and-emb-lawn-3pc/","https://cdn.shopify.com/s/files/1/0906/1783/9987/files/Rosalia_1_1800x1800_efc3a851-5563-40a4-8fc8-1f910a3a8b36.jpg?v=1786470552","Rang Rasiya","Women > Unstitched Suits > Luxury"
"RR-MOUSE-3PC-AK04","Rang Rasiya Luxury Embroidered Lawn 3PC — MOUSE","Rang Rasiya Luxury Embroidered Lawn 3PC — MOUSE. 3 Piece unstitched suit by Rang Rasiya. Available to order with Cash on Delivery in Pakistan; final stock is confirmed before dispatch.","in stock","new","8500.00 PKR","https://alhumacollection.com/products/rr-mouse-3pc-ak04-rang-rasiya-luxury-embroidered-lawn-3pc/","https://cdn.shopify.com/s/files/1/0906/1783/9987/files/95A4AFE1-8A69-431B-B80A-80C7E3FACA25.jpg?v=1783157552","Rang Rasiya","Women > Unstitched Suits > Luxury"
"RR-PLUM-3PC-AK04","Rang Rasiya Luxury Embroidered Lawn 3PC — PLUM","Rang Rasiya Luxury Embroidered Lawn 3PC — PLUM. 3 Piece unstitched suit by Rang Rasiya. Available to order with Cash on Delivery in Pakistan; final stock is confirmed before dispatch.","in stock","new","8500.00 PKR","https://alhumacollection.com/products/rr-plum-3pc-ak04-rang-rasiya-luxury-embroidered-lawn-3pc/","https://cdn.shopify.com/s/files/1/0906/1783/9987/files/4F9C98D7-4F9D-4F53-B9D8-3DB58F1D73D8.jpg?v=1783157553","Rang Rasiya","Women > Unstitched Suits > Luxury"
"RR-ZINC-3PC-AK04","Rang Rasiya Luxury Embroidered Lawn 3PC — ZINC","Rang Rasiya Luxury Embroidered Lawn 3PC — ZINC. 3 Piece unstitched suit by Rang Rasiya. Available to order with Cash on Delivery in Pakistan; final stock is confirmed before dispatch.","in stock","new","8500.00 PKR","https://alhumacollection.com/products/rr-zinc-3pc-ak04-rang-rasiya-luxury-embroidered-lawn-3pc/","https://cdn.shopify.com/s/files/1/0906/1783/9987/files/C121E26C-80CA-48F4-BBC0-4784FC23B564.jpg?v=1783157552","Rang Rasiya","Women > Unstitched Suits > Luxury"
"RR-PREM-ZARIAH-3P-BL-1","Rang Rasiya Premium Collection 2026 — 1","Rang Rasiya Premium Collection 2026 — 1. 3 Piece unstitched suit by Rang Rasiya. Available to order with Cash on Delivery in Pakistan; final stock is confirmed before dispatch.","in stock","new","11844.00 PKR","https://alhumacollection.com/products/rr-prem-zariah-3p-bl-1-rang-rasiya-premium-collection-2026/","https://cdn.shopify.com/s/files/1/0906/1783/9987/files/619089507_1279225287573237_3928013975196031705_n_dba72468-70d2-4d39-8a54-f74fd9ca68aa.jpg?v=1786281226","Rang Rasiya","Women > Unstitched Suits > Luxury"
"RR-PREM-SAFA-3P-BL-2","Rang Rasiya Premium Collection 2026 — 2","Rang Rasiya Premium Collection 2026 — 2. 3 Piece unstitched suit by Rang Rasiya. Available to order with Cash on Delivery in Pakistan; final stock is confirmed before dispatch.","in stock","new","11294.00 PKR","https://alhumacollection.com/products/rr-prem-safa-3p-bl-2-rang-rasiya-premium-collection-2026/","https://cdn.shopify.com/s/files/1/0906/1783/9987/files/618341010_1280717607424005_6327735094788230152_n_9a2fcedf-2e5b-449a-8137-3c909029e1f2.jpg?v=1786281036","Rang Rasiya","Women > Unstitched Suits > Luxury"
"RR-PREM-NATALIA-3P-BL-3","Rang Rasiya Premium Collection 2026 — 3","Rang Rasiya Premium Collection 2026 — 3. 3 Piece unstitched suit by Rang Rasiya. Available to order with Cash on Delivery in Pakistan; final stock is confirmed before dispatch.","in stock","new","11844.00 PKR","https://alhumacollection.com/products/rr-prem-natalia-3p-bl-3-rang-rasiya-premium-collection-2026/","https://cdn.shopify.com/s/files/1/0906/1783/9987/files/622342140_1284162227079543_8741377852334114175_n_99778078-3270-4591-806a-8319a23abc94.jpg?v=1786281297","Rang Rasiya","Women > Unstitched Suits > Luxury"
"RR-PREM-AYLEEN-3P-BL-4","Rang Rasiya Premium Collection 2026 — 4","Rang Rasiya Premium Collection 2026 — 4. 3 Piece unstitched suit by Rang Rasiya. Available to order with Cash on Delivery in Pakistan; final stock is confirmed before dispatch.","in stock","new","11844.00 PKR","https://alhumacollection.com/products/rr-prem-ayleen-3p-bl-4-rang-rasiya-premium-collection-2026/","https://cdn.shopify.com/s/files/1/0906/1783/9987/files/55_d7eb5ed9-eb01-479e-ae70-25ba7fc57d8c.jpg?v=1786281392","Rang Rasiya","Women > Unstitched Suits > Luxury"
"RR-PREM-ZARA-3P-BL-5","Rang Rasiya Premium Collection 2026 — 5","Rang Rasiya Premium Collection 2026 — 5. 3 Piece unstitched suit by Rang Rasiya. Available to order with Cash on Delivery in Pakistan; final stock is confirmed before dispatch.","in stock","new","11844.00 PKR","https://alhumacollection.com/products/rr-prem-zara-3p-bl-5-rang-rasiya-premium-collection-2026/","https://cdn.shopify.com/s/files/1/0906/1783/9987/files/27_a288a27f-9bfc-4b64-af4b-dd059f3d8069.jpg?v=1786281446","Rang Rasiya","Women > Unstitched Suits > Luxury"
"RR-PREM-MAYEL-3P-BL-6","Rang Rasiya Premium Collection 2026 — 6","Rang Rasiya Premium Collection 2026 — 6. 3 Piece unstitched suit by Rang Rasiya. Available to order with Cash on Delivery in Pakistan; final stock is confirmed before dispatch.","in stock","new","11294.00 PKR","https://alhumacollection.com/products/rr-prem-mayel-3p-bl-6-rang-rasiya-premium-collection-2026/","https://cdn.shopify.com/s/files/1/0906/1783/9987/files/621797920_1284189467076819_7648064417838095736_n_449da06d-ceab-4bf0-a6d0-24874f6a299d.jpg?v=1786281117","Rang Rasiya","Women > Unstitched Suits > Luxury"
"RAMEEN-LWN-SOFTP-08","SOFTP — 8","SOFTP — 8. 3 Piece unstitched suit by Rang Rasiya. Available to order with Cash on Delivery in Pakistan; final stock is confirmed before dispatch.","in stock","new","8874.00 PKR","https://alhumacollection.com/products/rameen-lwn-softp-08-softp/","https://cdn.shopify.com/s/files/1/0906/1783/9987/files/18_38321181-0608-4a27-ada1-4818a14607d1.jpg?v=1783158691","Rang Rasiya","Women > Unstitched Suits > Luxury"
"RAMEEN-LWN-SWAN-07","SWAN — 7","SWAN — 7. 3 Piece unstitched suit by Rang Rasiya. Available to order with Cash on Delivery in Pakistan; final stock is confirmed before dispatch.","in stock","new","8874.00 PKR","https://alhumacollection.com/products/rameen-lwn-swan-07-swan/","https://cdn.shopify.com/s/files/1/0906/1783/9987/files/30_4a34abbc-d9da-43af-94ee-06deaec6bf35.jpg?v=1783158692","Rang Rasiya","Women > Unstitched Suits > Luxury"
"RAMEEN-LWN-WHSPER-04","WHSPER — 4","WHSPER — 4. 3 Piece unstitched suit by Rang Rasiya. Available to order with Cash on Delivery in Pakistan; final stock is confirmed before dispatch.","in stock","new","8874.00 PKR","https://alhumacollection.com/products/rameen-lwn-whsper-04-whsper/","https://cdn.shopify.com/s/files/1/0906/1783/9987/files/36_7fc8116e-485b-4638-893b-2e2bec3532f7.jpg?v=1783158698","Rang Rasiya","Women > Unstitched Suits > Luxury"
"REGALIA-KHD-V1-3P-HM-12","Regalia Digital Printed Khaddar 3PC — 12","Regalia Digital Printed Khaddar 3PC — 12. 3 Piece unstitched suit by Regalia. Available to order with Cash on Delivery in Pakistan; final stock is confirmed before dispatch.","in stock","new","3195.00 PKR","https://alhumacollection.com/products/regalia-khd-v1-3p-hm-12-regalia-digital-printed-khaddar-3pc/","https://cdn.shopify.com/s/files/1/0906/1783/9987/files/IMG-0206.jpg?v=1789664490","Regalia","Women > Unstitched Suits > Formal"
"SAFINA-VISC-V1-3P-HM-01","Safina Digital Printed Viscose 3PC — 1","Safina Digital Printed Viscose 3PC — 1. 3 Piece unstitched suit by Safina. Available to order with Cash on Delivery in Pakistan; final stock is confirmed before dispatch.","in stock","new","3495.00 PKR","https://alhumacollection.com/products/safina-visc-v1-3p-hm-01-safina-digital-printed-viscose-3pc/","https://cdn.shopify.com/s/files/1/0906/1783/9987/files/Gemini_Generated_Image_qd08o2qd08o2qd08.jpg?v=1787561537","Safina","Women > Unstitched Suits > Formal"
"SAFINA-VISC-V1-3P-HM-11","Safina Digital Printed Viscose 3PC — 11","Safina Digital Printed Viscose 3PC — 11. 3 Piece unstitched suit by Safina. Available to order with Cash on Delivery in Pakistan; final stock is confirmed before dispatch.","in stock","new","3495.00 PKR","https://alhumacollection.com/products/safina-visc-v1-3p-hm-11-safina-digital-printed-viscose-3pc/","https://cdn.shopify.com/s/files/1/0906/1783/9987/files/Gemini_Generated_Image_z9xu7sz9xu7sz9xu.jpg?v=1787559404","Safina","Women > Unstitched Suits > Formal"
"SAFINA-VISC-V1-3P-HM-12","Safina Digital Printed Viscose 3PC — 12","Safina Digital Printed Viscose 3PC — 12. 3 Piece unstitched suit by Safina. Available to order with Cash on Delivery in Pakistan; final stock is confirmed before dispatch.","in stock","new","3495.00 PKR","https://alhumacollection.com/products/safina-visc-v1-3p-hm-12-safina-digital-printed-viscose-3pc/","https://cdn.shopify.com/s/files/1/0906/1783/9987/files/Gemini_Generated_Image_6he93x6he93x6he9.jpg?v=1787567740","Safina","Women > Unstitched Suits > Formal"
"SAFINA-VISC-V1-3P-HM-13","Safina Digital Printed Viscose 3PC — 13","Safina Digital Printed Viscose 3PC — 13. 3 Piece unstitched suit by Safina. Available to order with Cash on Delivery in Pakistan; final stock is confirmed before dispatch.","in stock","new","3500.00 PKR","https://alhumacollection.com/products/safina-visc-v1-3p-hm-13-safina-digital-printed-viscose-3pc/","https://cdn.shopify.com/s/files/1/0906/1783/9987/files/Gemini_Generated_Image_6mjbqr6mjbqr6mjb_1.jpg?v=1787559079","Safina","Women > Unstitched Suits > Formal"
"SAFINA-VISC-V1-3P-HM-16","Safina Digital Printed Viscose 3PC — 16","Safina Digital Printed Viscose 3PC — 16. 3 Piece unstitched suit by Safina. Available to order with Cash on Delivery in Pakistan; final stock is confirmed before dispatch.","in stock","new","3495.00 PKR","https://alhumacollection.com/products/safina-visc-v1-3p-hm-16-safina-digital-printed-viscose-3pc/","https://cdn.shopify.com/s/files/1/0906/1783/9987/files/Gemini_Generated_Image_muyve3muyve3muyv_1.jpg?v=1787559569","Safina","Women > Unstitched Suits > Formal"
"SAFINA-VISC-V1-3P-HM-17","Safina Digital Printed Viscose 3PC — 17","Safina Digital Printed Viscose 3PC — 17. 3 Piece unstitched suit by Safina. Available to order with Cash on Delivery in Pakistan; final stock is confirmed before dispatch.","in stock","new","3495.00 PKR","https://alhumacollection.com/products/safina-visc-v1-3p-hm-17-safina-digital-printed-viscose-3pc/","https://cdn.shopify.com/s/files/1/0906/1783/9987/files/Gemini_Generated_Image_3b09p93b09p93b09.jpg?v=1787561902","Safina","Women > Unstitched Suits > Formal"
"SAFINA-VISC-V1-3P-HM-19","Safina Digital Printed Viscose 3PC — 19","Safina Digital Printed Viscose 3PC — 19. 3 Piece unstitched suit by Safina. Available to order with Cash on Delivery in Pakistan; final stock is confirmed before dispatch.","in stock","new","3495.00 PKR","https://alhumacollection.com/products/safina-visc-v1-3p-hm-19-safina-digital-printed-viscose-3pc/","https://cdn.shopify.com/s/files/1/0906/1783/9987/files/Gemini_Generated_Image_qf84rhqf84rhqf84.jpg?v=1787555193","Safina","Women > Unstitched Suits > Formal"
"SAFINA-VISC-V1-3P-HM-02","Safina Digital Printed Viscose 3PC — 2","Safina Digital Printed Viscose 3PC — 2. 3 Piece unstitched suit by Safina. Available to order with Cash on Delivery in Pakistan; final stock is confirmed before dispatch.","in stock","new","3495.00 PKR","https://alhumacollection.com/products/safina-visc-v1-3p-hm-02-safina-digital-printed-viscose-3pc/","https://cdn.shopify.com/s/files/1/0906/1783/9987/files/Gemini_Generated_Image_tj7br8tj7br8tj7b.jpg?v=1787566451","Safina","Women > Unstitched Suits > Formal"
"SAFINA-VISC-V1-3P-HM-24","Safina Digital Printed Viscose 3PC — 24","Safina Digital Printed Viscose 3PC — 24. 3 Piece unstitched suit by Safina. Available to order with Cash on Delivery in Pakistan; final stock is confirmed before dispatch.","in stock","new","3495.00 PKR","https://alhumacollection.com/products/safina-visc-v1-3p-hm-24-safina-digital-printed-viscose-3pc/","https://cdn.shopify.com/s/files/1/0906/1783/9987/files/Gemini_Generated_Image_seah9gseah9gseah.jpg?v=1787562343","Safina","Women > Unstitched Suits > Formal"
"SAFINA-VISC-V1-3P-HM-26","Safina Digital Printed Viscose 3PC — 26","Safina Digital Printed Viscose 3PC — 26. 3 Piece unstitched suit by Safina. Available to order with Cash on Delivery in Pakistan; final stock is confirmed before dispatch.","in stock","new","3495.00 PKR","https://alhumacollection.com/products/safina-visc-v1-3p-hm-26-safina-digital-printed-viscose-3pc/","https://cdn.shopify.com/s/files/1/0906/1783/9987/files/Gemini_Generated_Image_k71o5yk71o5yk71o.jpg?v=1787566931","Safina","Women > Unstitched Suits > Formal"
"SAFINA-VISC-V1-3P-HM-27","Safina Digital Printed Viscose 3PC — 27","Safina Digital Printed Viscose 3PC — 27. 3 Piece unstitched suit by Safina. Available to order with Cash on Delivery in Pakistan; final stock is confirmed before dispatch.","in stock","new","3495.00 PKR","https://alhumacollection.com/products/safina-visc-v1-3p-hm-27-safina-digital-printed-viscose-3pc/","https://cdn.shopify.com/s/files/1/0906/1783/9987/files/Gemini_Generated_Image_ubw9bnubw9bnubw9.jpg?v=1787567343","Safina","Women > Unstitched Suits > Formal"
"SAFINA-VISC-V1-3P-HM-28","Safina Digital Printed Viscose 3PC — 28","Safina Digital Printed Viscose 3PC — 28. 3 Piece unstitched suit by Safina. Available to order with Cash on Delivery in Pakistan; final stock is confirmed before dispatch.","in stock","new","3495.00 PKR","https://alhumacollection.com/products/safina-visc-v1-3p-hm-28-safina-digital-printed-viscose-3pc/","https://cdn.shopify.com/s/files/1/0906/1783/9987/files/Gemini_Generated_Image_b58j2eb58j2eb58j.jpg?v=1787568000","Safina","Women > Unstitched Suits > Formal"
"SAFINA-VISC-V1-3P-HM-29","Safina Digital Printed Viscose 3PC — 29","Safina Digital Printed Viscose 3PC — 29. 3 Piece unstitched suit by Safina. Available to order with Cash on Delivery in Pakistan; final stock is confirmed before dispatch.","in stock","new","3495.00 PKR","https://alhumacollection.com/products/safina-visc-v1-3p-hm-29-safina-digital-printed-viscose-3pc/","https://cdn.shopify.com/s/files/1/0906/1783/9987/files/Gemini_Generated_Image_e49dsve49dsve49d.jpg?v=1787567548","Safina","Women > Unstitched Suits > Formal"
"SAFINA-VISC-V1-3P-HM-03","Safina Digital Printed Viscose 3PC — 3","Safina Digital Printed Viscose 3PC — 3. 3 Piece unstitched suit by Safina. Available to order with Cash on Delivery in Pakistan; final stock is confirmed before dispatch.","in stock","new","3495.00 PKR","https://alhumacollection.com/products/safina-visc-v1-3p-hm-03-safina-digital-printed-viscose-3pc/","https://cdn.shopify.com/s/files/1/0906/1783/9987/files/Gemini_Generated_Image_osj262osj262osj2_1.jpg?v=1787566307","Safina","Women > Unstitched Suits > Formal"
"SAFINA-VISC-V1-3P-HM-30","Safina Digital Printed Viscose 3PC — 30","Safina Digital Printed Viscose 3PC — 30. 3 Piece unstitched suit by Safina. Available to order with Cash on Delivery in Pakistan; final stock is confirmed before dispatch.","in stock","new","3495.00 PKR","https://alhumacollection.com/products/safina-visc-v1-3p-hm-30-safina-digital-printed-viscose-3pc/","https://cdn.shopify.com/s/files/1/0906/1783/9987/files/Gemini_Generated_Image_jhk2ajhk2ajhk2aj.jpg?v=1787559837","Safina","Women > Unstitched Suits > Formal"
"SAFINA-VISC-V1-3P-HM-31","Safina Digital Printed Viscose 3PC — 31","Safina Digital Printed Viscose 3PC — 31. 3 Piece unstitched suit by Safina. Available to order with Cash on Delivery in Pakistan; final stock is confirmed before dispatch.","in stock","new","3495.00 PKR","https://alhumacollection.com/products/safina-visc-v1-3p-hm-31-safina-digital-printed-viscose-3pc/","https://cdn.shopify.com/s/files/1/0906/1783/9987/files/Gemini_Generated_Image_j6x2wfj6x2wfj6x2.jpg?v=1787566797","Safina","Women > Unstitched Suits > Formal"
"SAFINA-VISC-V1-3P-HM-32","Safina Digital Printed Viscose 3PC — 32","Safina Digital Printed Viscose 3PC — 32. 3 Piece unstitched suit by Safina. Available to order with Cash on Delivery in Pakistan; final stock is confirmed before dispatch.","in stock","new","3495.00 PKR","https://alhumacollection.com/products/safina-visc-v1-3p-hm-32-safina-digital-printed-viscose-3pc/","https://cdn.shopify.com/s/files/1/0906/1783/9987/files/Gemini_Generated_Image_jkmtykjkmtykjkmt_1.jpg?v=1787561375","Safina","Women > Unstitched Suits > Formal"
"SAFINA-VISC-V1-3P-HM-33","Safina Digital Printed Viscose 3PC — 33","Safina Digital Printed Viscose 3PC — 33. 3 Piece unstitched suit by Safina. Available to order with Cash on Delivery in Pakistan; final stock is confirmed before dispatch.","in stock","new","3495.00 PKR","https://alhumacollection.com/products/safina-visc-v1-3p-hm-33-safina-digital-printed-viscose-3pc/","https://cdn.shopify.com/s/files/1/0906/1783/9987/files/WhatsAppImage2026-08-29at4.48.42PM.jpg?v=1788008411","Safina","Women > Unstitched Suits > Formal"
"SAFINA-VISC-V1-3P-HM-04","Safina Digital Printed Viscose 3PC — 4","Safina Digital Printed Viscose 3PC — 4. 3 Piece unstitched suit by Safina. Available to order with Cash on Delivery in Pakistan; final stock is confirmed before dispatch.","in stock","new","3495.00 PKR","https://alhumacollection.com/products/safina-visc-v1-3p-hm-04-safina-digital-printed-viscose-3pc/","https://cdn.shopify.com/s/files/1/0906/1783/9987/files/Gemini_Generated_Image_qoe844qoe844qoe8.jpg?v=1787556127","Safina","Women > Unstitched Suits > Formal"
"SAFINA-VISC-V1-3P-HM-05","Safina Digital Printed Viscose 3PC — 5","Safina Digital Printed Viscose 3PC — 5. 3 Piece unstitched suit by Safina. Available to order with Cash on Delivery in Pakistan; final stock is confirmed before dispatch.","in stock","new","3495.00 PKR","https://alhumacollection.com/products/safina-visc-v1-3p-hm-05-safina-digital-printed-viscose-3pc/","https://cdn.shopify.com/s/files/1/0906/1783/9987/files/Gemini_Generated_Image_23ao9d23ao9d23ao.jpg?v=1787561742","Safina","Women > Unstitched Suits > Formal"
"SAFINA-VISC-V1-3P-HM-06","Safina Digital Printed Viscose 3PC — 6","Safina Digital Printed Viscose 3PC — 6. 3 Piece unstitched suit by Safina. Available to order with Cash on Delivery in Pakistan; final stock is confirmed before dispatch.","in stock","new","3495.00 PKR","https://alhumacollection.com/products/safina-visc-v1-3p-hm-06-safina-digital-printed-viscose-3pc/","https://cdn.shopify.com/s/files/1/0906/1783/9987/files/Gemini_Generated_Image_hpw8tghpw8tghpw8.jpg?v=1787555759","Safina","Women > Unstitched Suits > Formal"
"SAFINA-VISC-V1-3P-HM-07","Safina Digital Printed Viscose 3PC — 7","Safina Digital Printed Viscose 3PC — 7. 3 Piece unstitched suit by Safina. Available to order with Cash on Delivery in Pakistan; final stock is confirmed before dispatch.","in stock","new","3495.00 PKR","https://alhumacollection.com/products/safina-visc-v1-3p-hm-07-safina-digital-printed-viscose-3pc/","https://cdn.shopify.com/s/files/1/0906/1783/9987/files/Gemini_Generated_Image_dlex8jdlex8jdlex.jpg?v=1787556378","Safina","Women > Unstitched Suits > Formal"
"SAFINA-VISC-V1-3P-HM-08","Safina Digital Printed Viscose 3PC — 8","Safina Digital Printed Viscose 3PC — 8. 3 Piece unstitched suit by Safina. Available to order with Cash on Delivery in Pakistan; final stock is confirmed before dispatch.","in stock","new","3495.00 PKR","https://alhumacollection.com/products/safina-visc-v1-3p-hm-08-safina-digital-printed-viscose-3pc/","https://cdn.shopify.com/s/files/1/0906/1783/9987/files/Gemini_Generated_Image_j7rg8j7rg8j7rg8j.jpg?v=1787567050","Safina","Women > Unstitched Suits > Formal"
"SAFINA-VISC-V1-3P-HM-09","Safina Digital Printed Viscose 3PC — 9","Safina Digital Printed Viscose 3PC — 9. 3 Piece unstitched suit by Safina. Available to order with Cash on Delivery in Pakistan; final stock is confirmed before dispatch.","in stock","new","3495.00 PKR","https://alhumacollection.com/products/safina-visc-v1-3p-hm-09-safina-digital-printed-viscose-3pc/","https://cdn.shopify.com/s/files/1/0906/1783/9987/files/Gemini_Generated_Image_1bi1r41bi1r41bi1.jpg?v=1787555945","Safina","Women > Unstitched Suits > Formal"
"SAPPHIRE-2PLWN-V1-ABR-04","Sapphire Digital Printed All Over Two Piece Lawn 2PC — 4","Sapphire Digital Printed All Over Two Piece Lawn 2PC — 4. 2 Piece unstitched suit by Sapphire. Available to order with Cash on Delivery in Pakistan; final stock is confirmed before dispatch.","in stock","new","2195.00 PKR","https://alhumacollection.com/products/sapphire-2plwn-v1-abr-04-sapphire-digital-printed-all-over-two-piece-lawn-2pc/","https://cdn.shopify.com/s/files/1/0906/1783/9987/files/sap-04.jpg?v=1786716911","Sapphire","Women > Unstitched Suits > Formal"
"SAPPHIRE-2PLWN-V1-ABR-06","Sapphire Digital Printed All Over Two Piece Lawn 2PC — 6","Sapphire Digital Printed All Over Two Piece Lawn 2PC — 6. 2 Piece unstitched suit by Sapphire. Available to order with Cash on Delivery in Pakistan; final stock is confirmed before dispatch.","in stock","new","2195.00 PKR","https://alhumacollection.com/products/sapphire-2plwn-v1-abr-06-sapphire-digital-printed-all-over-two-piece-lawn-2pc/","https://cdn.shopify.com/s/files/1/0906/1783/9987/files/sap-06.jpg?v=1786727210","Sapphire","Women > Unstitched Suits > Formal"
"SLUB-KHADDAR-EMBROIDERED-A03","Sapphire Printed Slub Khaddar With Emb Patches 3PC — 3","Sapphire Printed Slub Khaddar With Emb Patches 3PC — 3. 3 Piece unstitched suit by Sapphire. Available to order with Cash on Delivery in Pakistan; final stock is confirmed before dispatch.","in stock","new","5895.00 PKR","https://alhumacollection.com/products/slub-khaddar-embroidered-a03-sapphire-printed-slub-khaddar-with-emb-patches-3pc/","https://cdn.shopify.com/s/files/1/0906/1783/9987/files/B0791486-B2BE-483B-B33A-D2556CADEFF0.jpg?v=1767452317","Sapphire","Women > Unstitched Suits > Formal"
"GUL-E-BAHAR-V-01-A-07","Gul-E-Bahar By Shajar Noor Digital Printed Lawn 3PC — 7","Gul-E-Bahar By Shajar Noor Digital Printed Lawn 3PC — 7. 3 Piece unstitched suit by Shajar Noor. Available to order with Cash on Delivery in Pakistan; final stock is confirmed before dispatch.","in stock","new","3450.00 PKR","https://alhumacollection.com/products/gul-e-bahar-v-01-a-07-gul-e-bahar-by-shajar-noor-digital-printed-lawn-3pc/","https://cdn.shopify.com/s/files/1/0906/1783/9987/files/IMG-4120.jpg?v=1781701098","Shajar Noor","Women > Unstitched Suits > Formal"
"GUL-E-BAHAR-V-01-A-09","Gul-E-Bahar By Shajar Noor Digital Printed Lawn 3PC — 9","Gul-E-Bahar By Shajar Noor Digital Printed Lawn 3PC — 9. 3 Piece unstitched suit by Shajar Noor. Available to order with Cash on Delivery in Pakistan; final stock is confirmed before dispatch.","in stock","new","3450.00 PKR","https://alhumacollection.com/products/gul-e-bahar-v-01-a-09-gul-e-bahar-by-shajar-noor-digital-printed-lawn-3pc/","https://cdn.shopify.com/s/files/1/0906/1783/9987/files/IMG-4126.jpg?v=1781701181","Shajar Noor","Women > Unstitched Suits > Formal"
"MUSHQ-SHN-LIN-V285-3P-05","Mushq By Shanaya Digital Printed Linen 3PC — 5","Mushq By Shanaya Digital Printed Linen 3PC — 5. 3 Piece unstitched suit by Shanaya. Available to order with Cash on Delivery in Pakistan; final stock is confirmed before dispatch.","in stock","new","3450.00 PKR","https://alhumacollection.com/products/mushq-shn-lin-v285-3p-05-mushq-by-shanaya-digital-printed-linen-3pc/","https://cdn.shopify.com/s/files/1/0906/1783/9987/files/img362.jpg?v=1790075128","Shanaya","Women > Unstitched Suits > Formal"
"MUSHQ-SHN-LIN-V285-3P-06","Mushq By Shanaya Digital Printed Linen 3PC — 6","Mushq By Shanaya Digital Printed Linen 3PC — 6. 3 Piece unstitched suit by Shanaya. Available to order with Cash on Delivery in Pakistan; final stock is confirmed before dispatch.","in stock","new","3450.00 PKR","https://alhumacollection.com/products/mushq-shn-lin-v285-3p-06-mushq-by-shanaya-digital-printed-linen-3pc/","https://cdn.shopify.com/s/files/1/0906/1783/9987/files/img258.jpg?v=1790074999","Shanaya","Women > Unstitched Suits > Formal"
"MUSHQ-SHN-LIN-V285-3P-08","Mushq By Shanaya Digital Printed Linen 3PC — 8","Mushq By Shanaya Digital Printed Linen 3PC — 8. 3 Piece unstitched suit by Shanaya. Available to order with Cash on Delivery in Pakistan; final stock is confirmed before dispatch.","in stock","new","3450.00 PKR","https://alhumacollection.com/products/mushq-shn-lin-v285-3p-08-mushq-by-shanaya-digital-printed-linen-3pc/","https://cdn.shopify.com/s/files/1/0906/1783/9987/files/img600.jpg?v=1790075221","Shanaya","Women > Unstitched Suits > Formal"
"MUSHQ-SHN-LIN-V285-3P-09","Mushq By Shanaya Digital Printed Linen 3PC — 9","Mushq By Shanaya Digital Printed Linen 3PC — 9. 3 Piece unstitched suit by Shanaya. Available to order with Cash on Delivery in Pakistan; final stock is confirmed before dispatch.","in stock","new","3450.00 PKR","https://alhumacollection.com/products/mushq-shn-lin-v285-3p-09-mushq-by-shanaya-digital-printed-linen-3pc/","https://cdn.shopify.com/s/files/1/0906/1783/9987/files/img289.jpg?v=1790075166","Shanaya","Women > Unstitched Suits > Formal"
"NAINA-SHN-LWN-V212-2P-04","Naina By Shanaya Digital Printed Two Piece Lawn 2PC — 4","Naina By Shanaya Digital Printed Two Piece Lawn 2PC — 4. 2 Piece unstitched suit by Shanaya. Available to order with Cash on Delivery in Pakistan; final stock is confirmed before dispatch.","in stock","new","2450.00 PKR","https://alhumacollection.com/products/naina-shn-lwn-v212-2p-04-naina-by-shanaya-digital-printed-two-piece-lawn-2pc/","https://cdn.shopify.com/s/files/1/0906/1783/9987/files/15892_2.jpg?v=1785493897","Shanaya","Women > Unstitched Suits > Formal"
"NAINA-SHN-LWN-V212-2P-09","Naina By Shanaya Digital Printed Two Piece Lawn 2PC — 9","Naina By Shanaya Digital Printed Two Piece Lawn 2PC — 9. 2 Piece unstitched suit by Shanaya. Available to order with Cash on Delivery in Pakistan; final stock is confirmed before dispatch.","in stock","new","2450.00 PKR","https://alhumacollection.com/products/naina-shn-lwn-v212-2p-09-naina-by-shanaya-digital-printed-two-piece-lawn-2pc/","https://cdn.shopify.com/s/files/1/0906/1783/9987/files/15897_2_c10ad532-668a-46bb-982a-28d1f1a52042.jpg?v=1785494095","Shanaya","Women > Unstitched Suits > Formal"
"NIRVANA-SHN-LIN-V284-3P-01","Nirvana By Shanaya Digital Printed Linen 3PC — 1","Nirvana By Shanaya Digital Printed Linen 3PC — 1. 3 Piece unstitched suit by Shanaya. Available to order with Cash on Delivery in Pakistan; final stock is confirmed before dispatch.","in stock","new","3450.00 PKR","https://alhumacollection.com/products/nirvana-shn-lin-v284-3p-01-nirvana-by-shanaya-digital-printed-linen-3pc/","https://cdn.shopify.com/s/files/1/0906/1783/9987/files/24_8cf1fbc0-bdb3-4042-aaa9-c973ed8e0bc7.jpg?v=1789564112","Shanaya","Women > Unstitched Suits > Formal"
"NIRVANA-SHN-LIN-V284-3P-05","Nirvana By Shanaya Digital Printed Linen 3PC — 5","Nirvana By Shanaya Digital Printed Linen 3PC — 5. 3 Piece unstitched suit by Shanaya. Available to order with Cash on Delivery in Pakistan; final stock is confirmed before dispatch.","in stock","new","3450.00 PKR","https://alhumacollection.com/products/nirvana-shn-lin-v284-3p-05-nirvana-by-shanaya-digital-printed-linen-3pc/","https://cdn.shopify.com/s/files/1/0906/1783/9987/files/4_67a63c47-7268-4d32-aac9-62bdf9c4ed47.jpg?v=1789563875","Shanaya","Women > Unstitched Suits > Formal"
"NIRVANA-SHN-LIN-V284-3P-08","Nirvana By Shanaya Digital Printed Linen 3PC — 8","Nirvana By Shanaya Digital Printed Linen 3PC — 8. 3 Piece unstitched suit by Shanaya. Available to order with Cash on Delivery in Pakistan; final stock is confirmed before dispatch.","in stock","new","3450.00 PKR","https://alhumacollection.com/products/nirvana-shn-lin-v284-3p-08-nirvana-by-shanaya-digital-printed-linen-3pc/","https://cdn.shopify.com/s/files/1/0906/1783/9987/files/13_5bddc6be-bc6c-43ca-b286-7b46d6d4e82d.jpg?v=1789563737","Shanaya","Women > Unstitched Suits > Formal"
"NIRVANA-SHN-LIN-V284-3P-09","Nirvana By Shanaya Digital Printed Linen 3PC — 9","Nirvana By Shanaya Digital Printed Linen 3PC — 9. 3 Piece unstitched suit by Shanaya. Available to order with Cash on Delivery in Pakistan; final stock is confirmed before dispatch.","in stock","new","3450.00 PKR","https://alhumacollection.com/products/nirvana-shn-lin-v284-3p-09-nirvana-by-shanaya-digital-printed-linen-3pc/","https://cdn.shopify.com/s/files/1/0906/1783/9987/files/20_eb65d04b-d674-4626-859e-7b4bfe261a2c.jpg?v=1789563803","Shanaya","Women > Unstitched Suits > Formal"
"MC-SHN-LWN-V166-3P-05","Shanaya Digital Emb Lawn 3PC — 5","Shanaya Digital Emb Lawn 3PC — 5. 3 Piece unstitched suit by Shanaya. Available to order with Cash on Delivery in Pakistan; final stock is confirmed before dispatch.","in stock","new","5095.00 PKR","https://alhumacollection.com/products/mc-shn-lwn-v166-3p-05-shanaya-digital-emb-lawn-3pc/","https://cdn.shopify.com/s/files/1/0906/1783/9987/files/05_2_fc74179b-b093-4414-a1bd-bb58fc8af0d9.jpg?v=1783158173","Shanaya","Women > Unstitched Suits > Formal"
"ZAREEN-SHN-VISC-3P-UNS-15","Zareen By Shanaya Digital Printed Linen Viscose 3PC — UNS-15","Zareen By Shanaya Digital Printed Linen Viscose 3PC — UNS-15. 3 Piece unstitched suit by Shanaya. Available to order with Cash on Delivery in Pakistan; final stock is confirmed before dispatch.","in stock","new","3650.00 PKR","https://alhumacollection.com/products/zareen-shn-visc-3p-uns-15-zareen-by-shanaya-digital-printed-linen-viscose-3pc/","https://cdn.shopify.com/s/files/1/0906/1783/9987/files/15_3_f743cd56-c503-4ede-96f0-06df607e6f06.jpg?v=1788177358","Shanaya","Women > Unstitched Suits > Formal"
"SOBIANAZIR-EMB-PLAIN-3P-1891","Sobia Nazir Plain Embroidered Lawn 3PC — 1891","Sobia Nazir Plain Embroidered Lawn 3PC — 1891. 3 Piece unstitched suit by Sobia Nazir. Available to order with Cash on Delivery in Pakistan; final stock is confirmed before dispatch.","in stock","new","6537.00 PKR","https://alhumacollection.com/products/sobianazir-emb-plain-3p-1891-sobia-nazir-plain-embroidered-lawn-3pc/","https://cdn.shopify.com/s/files/1/0906/1783/9987/files/C7A1A806-0334-4FE8-9008-3243565A1343.jpg?v=1778155503","Sobia Nazir","Women > Unstitched Suits > Formal"
"ECHO-TWKL-LWN-D-3678","Echo Of Grace By Tawakkal Premium Emb Lawn 3PC — D-3678","Echo Of Grace By Tawakkal Premium Emb Lawn 3PC — D-3678. 3 Piece unstitched suit by Tawakkal. Available to order with Cash on Delivery in Pakistan; final stock is confirmed before dispatch.","in stock","new","9000.00 PKR","https://alhumacollection.com/products/echo-twkl-lwn-d-3678-echo-of-grace-by-tawakkal-premium-emb-lawn-3pc/","https://cdn.shopify.com/s/files/1/0906/1783/9987/files/3678_2.jpg?v=1777643481","Tawakkal","Women > Unstitched Suits > Luxury"
"ECHO-TWKL-LWN-D-3680","Echo Of Grace By Tawakkal Premium Emb Lawn 3PC — D-3680","Echo Of Grace By Tawakkal Premium Emb Lawn 3PC — D-3680. 3 Piece unstitched suit by Tawakkal. Available to order with Cash on Delivery in Pakistan; final stock is confirmed before dispatch.","in stock","new","9000.00 PKR","https://alhumacollection.com/products/echo-twkl-lwn-d-3680-echo-of-grace-by-tawakkal-premium-emb-lawn-3pc/","https://cdn.shopify.com/s/files/1/0906/1783/9987/files/3680_3.jpg?v=1777643470","Tawakkal","Women > Unstitched Suits > Luxury"
"SAPHIRA-TWKL-SATIN-3P-5258","Saphira By Tawakkal Satin 3PC — 5258","Saphira By Tawakkal Satin 3PC — 5258. 3 Piece unstitched suit by Tawakkal. Available to order with Cash on Delivery in Pakistan; final stock is confirmed before dispatch.","in stock","new","7875.00 PKR","https://alhumacollection.com/products/saphira-twkl-satin-3p-5258-saphira-by-tawakkal-satin-3pc/","https://cdn.shopify.com/s/files/1/0906/1783/9987/files/Gemini_Generated_Image_963k5x963k5x963k.jpg?v=1789571116","Tawakkal","Women > Unstitched Suits > Luxury"
"SAPHIRA-TWKL-SATIN-3P-5787","Saphira By Tawakkal Satin 3PC — 5787","Saphira By Tawakkal Satin 3PC — 5787. 3 Piece unstitched suit by Tawakkal. Available to order with Cash on Delivery in Pakistan; final stock is confirmed before dispatch.","in stock","new","7875.00 PKR","https://alhumacollection.com/products/saphira-twkl-satin-3p-5787-saphira-by-tawakkal-satin-3pc/","https://cdn.shopify.com/s/files/1/0906/1783/9987/files/17_c0b97f28-8976-4429-8e8c-977b47cc8074.jpg?v=1789569619","Tawakkal","Women > Unstitched Suits > Luxury"
"SEROSIA-TWKL-VISC-3P-5778","Serosia By Tawakkal Viscose Grip 3PC — 5778","Serosia By Tawakkal Viscose Grip 3PC — 5778. 3 Piece unstitched suit by Tawakkal. Available to order with Cash on Delivery in Pakistan; final stock is confirmed before dispatch.","in stock","new","8290.00 PKR","https://alhumacollection.com/products/serosia-twkl-visc-3p-5778-serosia-by-tawakkal-viscose-grip-3pc/","https://cdn.shopify.com/s/files/1/0906/1783/9987/files/4_e6acd79d-79e8-4104-be49-8e83b6746fef.jpg?v=1790176623","Tawakkal","Women > Unstitched Suits > Luxury"
"SEROSIA-TWKL-VISC-3P-5779","Serosia By Tawakkal Viscose Grip 3PC — 5779","Serosia By Tawakkal Viscose Grip 3PC — 5779. 3 Piece unstitched suit by Tawakkal. Available to order with Cash on Delivery in Pakistan; final stock is confirmed before dispatch.","in stock","new","8290.00 PKR","https://alhumacollection.com/products/serosia-twkl-visc-3p-5779-serosia-by-tawakkal-viscose-grip-3pc/","https://cdn.shopify.com/s/files/1/0906/1783/9987/files/16_9a299d57-f842-4b85-83cb-c445aa94500b.jpg?v=1790176664","Tawakkal","Women > Unstitched Suits > Luxury"
"SEROSIA-TWKL-VISC-3P-5782","Serosia By Tawakkal Viscose Grip 3PC — 5782","Serosia By Tawakkal Viscose Grip 3PC — 5782. 3 Piece unstitched suit by Tawakkal. Available to order with Cash on Delivery in Pakistan; final stock is confirmed before dispatch.","in stock","new","8290.00 PKR","https://alhumacollection.com/products/serosia-twkl-visc-3p-5782-serosia-by-tawakkal-viscose-grip-3pc/","https://cdn.shopify.com/s/files/1/0906/1783/9987/files/6_def5e3d1-665e-404b-b8d7-51e034499855.jpg?v=1790176851","Tawakkal","Women > Unstitched Suits > Luxury"
"TAWAKAL-DHNK-3P-EHT-2011","Tawakkal Emb Dhanak 3PC — 2011","Tawakkal Emb Dhanak 3PC — 2011. 3 Piece unstitched suit by Tawakkal. Available to order with Cash on Delivery in Pakistan; final stock is confirmed before dispatch.","in stock","new","6200.00 PKR","https://alhumacollection.com/products/tawakal-dhnk-3p-eht-2011-tawakkal-emb-dhanak-3pc/","https://cdn.shopify.com/s/files/1/0906/1783/9987/files/Vintage23rdDec-302.webp?v=1790421597","Tawakkal","Women > Unstitched Suits > Formal"
"RAQS-VISC-V2-3P-UNEQ-13553","Raqs By Uneq Digital Printed Cotton Viscose 3PC — 13553","Raqs By Uneq Digital Printed Cotton Viscose 3PC — 13553. 3 Piece unstitched suit by Uneq. Available to order with Cash on Delivery in Pakistan; final stock is confirmed before dispatch.","in stock","new","3495.00 PKR","https://alhumacollection.com/products/raqs-visc-v2-3p-uneq-13553-raqs-by-uneq-digital-printed-cotton-viscose-3pc/","https://cdn.shopify.com/s/files/1/0906/1783/9987/files/13553_1.jpg?v=1788526038","Uneq","Women > Unstitched Suits > Formal"
"RAQS-VISC-V1-3P-UNEQ-13566","Raqs By Uneq Digital Printed Cotton Viscose 3PC — 13566","Raqs By Uneq Digital Printed Cotton Viscose 3PC — 13566. 3 Piece unstitched suit by Uneq. Available to order with Cash on Delivery in Pakistan; final stock is confirmed before dispatch.","in stock","new","3495.00 PKR","https://alhumacollection.com/products/raqs-visc-v1-3p-uneq-13566-raqs-by-uneq-digital-printed-cotton-viscose-3pc/","https://cdn.shopify.com/s/files/1/0906/1783/9987/files/5_fab66d34-8756-49c2-a894-0ca736307af5.jpg?v=1788257391","Uneq","Women > Unstitched Suits > Formal"
"RAQS-VISC-V2-3P-UNEQ-13573","Raqs By Uneq Digital Printed Cotton Viscose 3PC — 13573","Raqs By Uneq Digital Printed Cotton Viscose 3PC — 13573. 3 Piece unstitched suit by Uneq. Available to order with Cash on Delivery in Pakistan; final stock is confirmed before dispatch.","in stock","new","3495.00 PKR","https://alhumacollection.com/products/raqs-visc-v2-3p-uneq-13573-raqs-by-uneq-digital-printed-cotton-viscose-3pc/","https://cdn.shopify.com/s/files/1/0906/1783/9987/files/Gemini_Generated_Image_a4in0za4in0za4in.jpg?v=1788531747","Uneq","Women > Unstitched Suits > Formal"
"RAQS-VISC-V1-3P-UNEQ-13592","Raqs By Uneq Digital Printed Cotton Viscose 3PC — 13592","Raqs By Uneq Digital Printed Cotton Viscose 3PC — 13592. 3 Piece unstitched suit by Uneq. Available to order with Cash on Delivery in Pakistan; final stock is confirmed before dispatch.","in stock","new","3495.00 PKR","https://alhumacollection.com/products/raqs-visc-v1-3p-uneq-13592-raqs-by-uneq-digital-printed-cotton-viscose-3pc/","https://cdn.shopify.com/s/files/1/0906/1783/9987/files/9_ed8a0284-89da-41d4-8106-9d032a0f4789.jpg?v=1788257296","Uneq","Women > Unstitched Suits > Formal"
"RAQS-VISC-V2-3P-UNEQ-13603","Raqs By Uneq Digital Printed Cotton Viscose 3PC — 13603","Raqs By Uneq Digital Printed Cotton Viscose 3PC — 13603. 3 Piece unstitched suit by Uneq. Available to order with Cash on Delivery in Pakistan; final stock is confirmed before dispatch.","in stock","new","3495.00 PKR","https://alhumacollection.com/products/raqs-visc-v2-3p-uneq-13603-raqs-by-uneq-digital-printed-cotton-viscose-3pc/","https://cdn.shopify.com/s/files/1/0906/1783/9987/files/13603_2.jpg?v=1788526079","Uneq","Women > Unstitched Suits > Formal"
"RAQS-VISC-V2-3P-UNEQ-13620","Raqs By Uneq Digital Printed Cotton Viscose 3PC — 13620","Raqs By Uneq Digital Printed Cotton Viscose 3PC — 13620. 3 Piece unstitched suit by Uneq. Available to order with Cash on Delivery in Pakistan; final stock is confirmed before dispatch.","in stock","new","3495.00 PKR","https://alhumacollection.com/products/raqs-visc-v2-3p-uneq-13620-raqs-by-uneq-digital-printed-cotton-viscose-3pc/","https://cdn.shopify.com/s/files/1/0906/1783/9987/files/13620.jpg?v=1788526252","Uneq","Women > Unstitched Suits > Formal"
"RAQS-VISC-V1-3P-UNEQ-13841","Raqs By Uneq Digital Printed Cotton Viscose 3PC — 13841","Raqs By Uneq Digital Printed Cotton Viscose 3PC — 13841. 3 Piece unstitched suit by Uneq. Available to order with Cash on Delivery in Pakistan; final stock is confirmed before dispatch.","in stock","new","3495.00 PKR","https://alhumacollection.com/products/raqs-visc-v1-3p-uneq-13841-raqs-by-uneq-digital-printed-cotton-viscose-3pc/","https://cdn.shopify.com/s/files/1/0906/1783/9987/files/7_22544efb-99d0-4c0a-a116-8a87bd793991.jpg?v=1788258250","Uneq","Women > Unstitched Suits > Formal"
"RAQS-VISC-V2-3P-UNEQ-13886","Raqs By Uneq Digital Printed Cotton Viscose 3PC — 13886","Raqs By Uneq Digital Printed Cotton Viscose 3PC — 13886. 3 Piece unstitched suit by Uneq. Available to order with Cash on Delivery in Pakistan; final stock is confirmed before dispatch.","in stock","new","3495.00 PKR","https://alhumacollection.com/products/raqs-visc-v2-3p-uneq-13886-raqs-by-uneq-digital-printed-cotton-viscose-3pc/","https://cdn.shopify.com/s/files/1/0906/1783/9987/files/13866.jpg?v=1788526198","Uneq","Women > Unstitched Suits > Formal"
"RAQS-VISC-V2-3P-UNEQ-13963","Raqs By Uneq Digital Printed Cotton Viscose 3PC — 13963","Raqs By Uneq Digital Printed Cotton Viscose 3PC — 13963. 3 Piece unstitched suit by Uneq. Available to order with Cash on Delivery in Pakistan; final stock is confirmed before dispatch.","in stock","new","3495.00 PKR","https://alhumacollection.com/products/raqs-visc-v2-3p-uneq-13963-raqs-by-uneq-digital-printed-cotton-viscose-3pc/","https://cdn.shopify.com/s/files/1/0906/1783/9987/files/13963_2.jpg?v=1788526275","Uneq","Women > Unstitched Suits > Formal"
"RAQS-VISC-V2-3P-UNEQ-14131","Raqs By Uneq Digital Printed Cotton Viscose 3PC — 14131","Raqs By Uneq Digital Printed Cotton Viscose 3PC — 14131. 3 Piece unstitched suit by Uneq. Available to order with Cash on Delivery in Pakistan; final stock is confirmed before dispatch.","in stock","new","3495.00 PKR","https://alhumacollection.com/products/raqs-visc-v2-3p-uneq-14131-raqs-by-uneq-digital-printed-cotton-viscose-3pc/","https://cdn.shopify.com/s/files/1/0906/1783/9987/files/Gemini_Generated_Image_qmr26yqmr26yqmr2.jpg?v=1788531457","Uneq","Women > Unstitched Suits > Formal"
"RAQS-VISC-V1-3P-UNEQ-14132","Raqs By Uneq Digital Printed Cotton Viscose 3PC — 14132","Raqs By Uneq Digital Printed Cotton Viscose 3PC — 14132. 3 Piece unstitched suit by Uneq. Available to order with Cash on Delivery in Pakistan; final stock is confirmed before dispatch.","in stock","new","3495.00 PKR","https://alhumacollection.com/products/raqs-visc-v1-3p-uneq-14132-raqs-by-uneq-digital-printed-cotton-viscose-3pc/","https://cdn.shopify.com/s/files/1/0906/1783/9987/files/Gemini_Generated_Image_esoqodesoqodesoq.jpg?v=1788258178","Uneq","Women > Unstitched Suits > Formal"
"RAQS-VISC-V2-3P-UNEQ-14133","Raqs By Uneq Digital Printed Cotton Viscose 3PC — 14133","Raqs By Uneq Digital Printed Cotton Viscose 3PC — 14133. 3 Piece unstitched suit by Uneq. Available to order with Cash on Delivery in Pakistan; final stock is confirmed before dispatch.","in stock","new","3495.00 PKR","https://alhumacollection.com/products/raqs-visc-v2-3p-uneq-14133-raqs-by-uneq-digital-printed-cotton-viscose-3pc/","https://cdn.shopify.com/s/files/1/0906/1783/9987/files/14133_1.jpg?v=1788526375","Uneq","Women > Unstitched Suits > Formal"
"RAQS-VISC-V1-3P-UNEQ-14204","Raqs By Uneq Digital Printed Cotton Viscose 3PC — 14204","Raqs By Uneq Digital Printed Cotton Viscose 3PC — 14204. 3 Piece unstitched suit by Uneq. Available to order with Cash on Delivery in Pakistan; final stock is confirmed before dispatch.","in stock","new","3495.00 PKR","https://alhumacollection.com/products/raqs-visc-v1-3p-uneq-14204-raqs-by-uneq-digital-printed-cotton-viscose-3pc/","https://cdn.shopify.com/s/files/1/0906/1783/9987/files/15_83009c51-18ff-4f7b-842c-6c73f36c57f6.jpg?v=1788257589","Uneq","Women > Unstitched Suits > Formal"
"RAQS-VISC-V2-3P-UNEQ-14206","Raqs By Uneq Digital Printed Cotton Viscose 3PC — 14206","Raqs By Uneq Digital Printed Cotton Viscose 3PC — 14206. 3 Piece unstitched suit by Uneq. Available to order with Cash on Delivery in Pakistan; final stock is confirmed before dispatch.","in stock","new","3495.00 PKR","https://alhumacollection.com/products/raqs-visc-v2-3p-uneq-14206-raqs-by-uneq-digital-printed-cotton-viscose-3pc/","https://cdn.shopify.com/s/files/1/0906/1783/9987/files/14206_1.jpg?v=1788526400","Uneq","Women > Unstitched Suits > Formal"
"SLUB-KHADDAR-EMBROIDERED-A08","Vanya Printed Slub Khaddar With Emb Patches 3PC — 8","Vanya Printed Slub Khaddar With Emb Patches 3PC — 8. 3 Piece unstitched suit by Vanya. Available to order with Cash on Delivery in Pakistan; final stock is confirmed before dispatch.","in stock","new","5895.00 PKR","https://alhumacollection.com/products/slub-khaddar-embroidered-a08-vanya-printed-slub-khaddar-with-emb-patches-3pc/","https://cdn.shopify.com/s/files/1/0906/1783/9987/files/E0A094EE-02C6-43DB-8E5E-633595F917E3.jpg?v=1766999942","Vanya","Women > Unstitched Suits > Formal"
"COCO-ZS-3PLWN-V2-LALA-06","Coco By Zara Shahjahan Digital Printed Lawn 3PC — 6","Coco By Zara Shahjahan Digital Printed Lawn 3PC — 6. 3 Piece unstitched suit by Zara Shahjahan. Available to order with Cash on Delivery in Pakistan; final stock is confirmed before dispatch.","in stock","new","2990.00 PKR","https://alhumacollection.com/products/coco-zs-3plwn-v2-lala-06-coco-by-zara-shahjahan-digital-printed-lawn-3pc/","https://cdn.shopify.com/s/files/1/0906/1783/9987/files/06_3547efbd-4b5c-43a3-8496-426976326eb7.jpg?v=1786803243","Zara Shahjahan","Women > Unstitched Suits > Formal"
"ZARA-2PLWN-V1-ABR-18","Zara Shahjahan Digital Printed All Over Two Piece Lawn 2PC — 18","Zara Shahjahan Digital Printed All Over Two Piece Lawn 2PC — 18. 2 Piece unstitched suit by Zara Shahjahan. Available to order with Cash on Delivery in Pakistan; final stock is confirmed before dispatch.","in stock","new","2195.00 PKR","https://alhumacollection.com/products/zara-2plwn-v1-abr-18-zara-shahjahan-digital-printed-all-over-two-piece-lawn-2pc/","https://cdn.shopify.com/s/files/1/0906/1783/9987/files/zara-18.jpg?v=1786779008","Zara Shahjahan","Women > Unstitched Suits > Formal"
"ZARA-2PLWN-V1-ABR-20","Zara Shahjahan Digital Printed All Over Two Piece Lawn 2PC — 20","Zara Shahjahan Digital Printed All Over Two Piece Lawn 2PC — 20. 2 Piece unstitched suit by Zara Shahjahan. Available to order with Cash on Delivery in Pakistan; final stock is confirmed before dispatch.","in stock","new","2195.00 PKR","https://alhumacollection.com/products/zara-2plwn-v1-abr-20-zara-shahjahan-digital-printed-all-over-two-piece-lawn-2pc/","https://cdn.shopify.com/s/files/1/0906/1783/9987/files/zara-20.jpg?v=1786778855","Zara Shahjahan","Women > Unstitched Suits > Formal"
"ZARA-2PLWN-V1-ABR-05","Zara Shahjahan Digital Printed All Over Two Piece Lawn 2PC — 5","Zara Shahjahan Digital Printed All Over Two Piece Lawn 2PC — 5. 2 Piece unstitched suit by Zara Shahjahan. Available to order with Cash on Delivery in Pakistan; final stock is confirmed before dispatch.","in stock","new","2195.00 PKR","https://alhumacollection.com/products/zara-2plwn-v1-abr-05-zara-shahjahan-digital-printed-all-over-two-piece-lawn-2pc/","https://cdn.shopify.com/s/files/1/0906/1783/9987/files/zara-05.jpg?v=1786778701","Zara Shahjahan","Women > Unstitched Suits > Formal"
"ZE-LWN-SKIN-3P-ZE-1001","Zarmeen & Emaan Premium Emb Lawn 3PC — ZE-1001","Zarmeen & Emaan Premium Emb Lawn 3PC — ZE-1001. 3 Piece unstitched suit by Zarmeen & Emaan. Available to order with Cash on Delivery in Pakistan; final stock is confirmed before dispatch.","in stock","new","7495.00 PKR","https://alhumacollection.com/products/ze-lwn-skin-3p-ze-1001-zarmeen-and-emaan-premium-emb-lawn-3pc/","https://cdn.shopify.com/s/files/1/0906/1783/9987/files/60631CF0-2AC5-4AD3-9B2C-4E9699AEC5E8.jpg?v=1785499825","Zarmeen & Emaan","Women > Unstitched Suits > Luxury"
"ZE-LWN-YELOW-3P-ZE-519","Zarmeen & Emaan Premium Emb Lawn 3PC — ZE-519","Zarmeen & Emaan Premium Emb Lawn 3PC — ZE-519. 3 Piece unstitched suit by Zarmeen & Emaan. Available to order with Cash on Delivery in Pakistan; final stock is confirmed before dispatch.","in stock","new","7495.00 PKR","https://alhumacollection.com/products/ze-lwn-yelow-3p-ze-519-zarmeen-and-emaan-premium-emb-lawn-3pc/","https://cdn.shopify.com/s/files/1/0906/1783/9987/files/2091.jpg?v=1785164299","Zarmeen & Emaan","Women > Unstitched Suits > Luxury"
"ZE-LWN-GOLD-3P-ZE-523","Zarmeen & Emaan Premium Emb Lawn 3PC — ZE-523","Zarmeen & Emaan Premium Emb Lawn 3PC — ZE-523. 3 Piece unstitched suit by Zarmeen & Emaan. Available to order with Cash on Delivery in Pakistan; final stock is confirmed before dispatch.","in stock","new","7495.00 PKR","https://alhumacollection.com/products/ze-lwn-gold-3p-ze-523-zarmeen-and-emaan-premium-emb-lawn-3pc/","https://cdn.shopify.com/s/files/1/0906/1783/9987/files/F57FC33D-C6C2-4C02-AB56-8BA6CDD4C4F1.jpg?v=1785501830","Zarmeen & Emaan","Women > Unstitched Suits > Luxury"
"ZE-LWN-PURP-3P-ZE-640","Zarmeen & Emaan Premium Emb Lawn 3PC — ZE-640","Zarmeen & Emaan Premium Emb Lawn 3PC — ZE-640. 3 Piece unstitched suit by Zarmeen & Emaan. Available to order with Cash on Delivery in Pakistan; final stock is confirmed before dispatch.","in stock","new","7495.00 PKR","https://alhumacollection.com/products/ze-lwn-purp-3p-ze-640-zarmeen-and-emaan-premium-emb-lawn-3pc/","https://cdn.shopify.com/s/files/1/0906/1783/9987/files/83E6D791-8137-470D-BCD6-982DC55E0E57.jpg?v=1785501708","Zarmeen & Emaan","Women > Unstitched Suits > Luxury"
"ZE-LWN-PECH-3P-ZE-641","Zarmeen & Emaan Premium Emb Lawn 3PC — ZE-641","Zarmeen & Emaan Premium Emb Lawn 3PC — ZE-641. 3 Piece unstitched suit by Zarmeen & Emaan. Available to order with Cash on Delivery in Pakistan; final stock is confirmed before dispatch.","in stock","new","7495.00 PKR","https://alhumacollection.com/products/ze-lwn-pech-3p-ze-641-zarmeen-and-emaan-premium-emb-lawn-3pc/","https://cdn.shopify.com/s/files/1/0906/1783/9987/files/2086.jpg?v=1785164479","Zarmeen & Emaan","Women > Unstitched Suits > Luxury"
"ZE-LAWN-MERN-3P-359","Zarmeen & Emaan Premium Emb Lawn-3PC — ZE-359","Zarmeen & Emaan Premium Emb Lawn-3PC — ZE-359. 3 Piece unstitched suit by Zarmeen & Emaan. Available to order with Cash on Delivery in Pakistan; final stock is confirmed before dispatch.","in stock","new","8700.00 PKR","https://alhumacollection.com/products/ze-lawn-mern-3p-359-zarmeen-and-emaan-premium-emb-lawn-3pc/","https://cdn.shopify.com/s/files/1/0906/1783/9987/files/ECA58E11-056D-4038-932D-1965E7C67271.jpg?v=1785501597","Zarmeen & Emaan","Women > Unstitched Suits > Luxury"
"ZELBURY-3PLIN-V1-AHMD-X20542","Zellbury Digital Printed Fancy Linen 3PC — X20542","Zellbury Digital Printed Fancy Linen 3PC — X20542. 3 Piece unstitched suit by Zellbury. Available to order with Cash on Delivery in Pakistan; final stock is confirmed before dispatch.","in stock","new","3150.00 PKR","https://alhumacollection.com/products/zelbury-3plin-v1-ahmd-x20542-zellbury-digital-printed-fancy-linen-3pc/","https://cdn.shopify.com/s/files/1/0906/1783/9987/files/Gemini_Generated_Image_q5x14nq5x14nq5x1.jpg?v=1788853928","Zellbury","Women > Unstitched Suits > Formal"
"ZELBURY-3PLIN-V1-AHMD-X30128","Zellbury Digital Printed Fancy Linen 3PC — X30128","Zellbury Digital Printed Fancy Linen 3PC — X30128. 3 Piece unstitched suit by Zellbury. Available to order with Cash on Delivery in Pakistan; final stock is confirmed before dispatch.","in stock","new","3150.00 PKR","https://alhumacollection.com/products/zelbury-3plin-v1-ahmd-x30128-zellbury-digital-printed-fancy-linen-3pc/","https://cdn.shopify.com/s/files/1/0906/1783/9987/files/Gemini_Generated_Image_o967ruo967ruo967.jpg?v=1788780464","Zellbury","Women > Unstitched Suits > Formal"
"ZELBURY-3PLIN-V1-AHMD-X30196","Zellbury Digital Printed Fancy Linen 3PC — X30196","Zellbury Digital Printed Fancy Linen 3PC — X30196. 3 Piece unstitched suit by Zellbury. Available to order with Cash on Delivery in Pakistan; final stock is confirmed before dispatch.","in stock","new","3150.00 PKR","https://alhumacollection.com/products/zelbury-3plin-v1-ahmd-x30196-zellbury-digital-printed-fancy-linen-3pc/","https://cdn.shopify.com/s/files/1/0906/1783/9987/files/Gemini_Generated_Image_ebajatebajatebaj.jpg?v=1788799085","Zellbury","Women > Unstitched Suits > Formal"
"ZELBURY-3PLIN-V1-AHMD-X30327","Zellbury Digital Printed Fancy Linen 3PC — X30327","Zellbury Digital Printed Fancy Linen 3PC — X30327. 3 Piece unstitched suit by Zellbury. Available to order with Cash on Delivery in Pakistan; final stock is confirmed before dispatch.","in stock","new","3150.00 PKR","https://alhumacollection.com/products/zelbury-3plin-v1-ahmd-x30327-zellbury-digital-printed-fancy-linen-3pc/","https://cdn.shopify.com/s/files/1/0906/1783/9987/files/Gemini_Generated_Image_gjyzvzgjyzvzgjyz.jpg?v=1788850494","Zellbury","Women > Unstitched Suits > Formal"
"ZELBURY-3PLIN-V1-AHMD-X30574","Zellbury Digital Printed Fancy Linen 3PC — X30574","Zellbury Digital Printed Fancy Linen 3PC — X30574. 3 Piece unstitched suit by Zellbury. Available to order with Cash on Delivery in Pakistan; final stock is confirmed before dispatch.","in stock","new","3150.00 PKR","https://alhumacollection.com/products/zelbury-3plin-v1-ahmd-x30574-zellbury-digital-printed-fancy-linen-3pc/","https://cdn.shopify.com/s/files/1/0906/1783/9987/files/Gemini_Generated_Image_1h0vo1h0vo1h0vo1.jpg?v=1788780381","Zellbury","Women > Unstitched Suits > Formal"
"ZESH-EMBLWN-3P-HM-05","Zesh Airjet Printed Embroidered Lawn With Boring Work 3PC — 5","Zesh Airjet Printed Embroidered Lawn With Boring Work 3PC — 5. 3 Piece unstitched suit by Zesh. Available to order with Cash on Delivery in Pakistan; final stock is confirmed before dispatch.","in stock","new","6495.00 PKR","https://alhumacollection.com/products/zesh-emblwn-3p-hm-05-zesh-airjet-printed-embroidered-lawn-with-boring-work-3pc/","https://cdn.shopify.com/s/files/1/0906/1783/9987/files/IMG-2033.jpg?v=1777490522","Zesh","Women > Unstitched Suits > Formal"
"ZESH-PRN-KHD-V3-3P-HM-01","Zesh Digital Printed Khaddar 3PC — 1","Zesh Digital Printed Khaddar 3PC — 1. 3 Piece unstitched suit by Zesh. Available to order with Cash on Delivery in Pakistan; final stock is confirmed before dispatch.","in stock","new","3350.00 PKR","https://alhumacollection.com/products/zesh-prn-khd-v3-3p-hm-01-zesh-digital-printed-khaddar-3pc/","https://cdn.shopify.com/s/files/1/0906/1783/9987/files/32_816a8a54-8f63-478c-9aa2-a4c273637408.jpg?v=1789547753","Zesh","Women > Unstitched Suits > Formal"
"ZESH-PRN-KHD-V3-3P-HM-10","Zesh Digital Printed Khaddar 3PC — 10","Zesh Digital Printed Khaddar 3PC — 10. 3 Piece unstitched suit by Zesh. Available to order with Cash on Delivery in Pakistan; final stock is confirmed before dispatch.","in stock","new","3350.00 PKR","https://alhumacollection.com/products/zesh-prn-khd-v3-3p-hm-10-zesh-digital-printed-khaddar-3pc/","https://cdn.shopify.com/s/files/1/0906/1783/9987/files/25_a97077f3-0188-4ebd-8d54-c8436b7a9a11.jpg?v=1789547360","Zesh","Women > Unstitched Suits > Formal"
"ZESH-PRN-KHD-V3-3P-HM-11","Zesh Digital Printed Khaddar 3PC — 11","Zesh Digital Printed Khaddar 3PC — 11. 3 Piece unstitched suit by Zesh. Available to order with Cash on Delivery in Pakistan; final stock is confirmed before dispatch.","in stock","new","3350.00 PKR","https://alhumacollection.com/products/zesh-prn-khd-v3-3p-hm-11-zesh-digital-printed-khaddar-3pc/","https://cdn.shopify.com/s/files/1/0906/1783/9987/files/37_e06aaeea-973d-46c4-a35b-1b5608af05fc.jpg?v=1789547318","Zesh","Women > Unstitched Suits > Formal"
"ZESH-PRN-KHD-V3-3P-HM-12","Zesh Digital Printed Khaddar 3PC — 12","Zesh Digital Printed Khaddar 3PC — 12. 3 Piece unstitched suit by Zesh. Available to order with Cash on Delivery in Pakistan; final stock is confirmed before dispatch.","in stock","new","3350.00 PKR","https://alhumacollection.com/products/zesh-prn-khd-v3-3p-hm-12-zesh-digital-printed-khaddar-3pc/","https://cdn.shopify.com/s/files/1/0906/1783/9987/files/16_a5b53d1b-7a95-4d79-900a-dbe2bf4391a5.jpg?v=1789547251","Zesh","Women > Unstitched Suits > Formal"
"ZESH-PRN-KHD-V3-3P-HM-03","Zesh Digital Printed Khaddar 3PC — 3","Zesh Digital Printed Khaddar 3PC — 3. 3 Piece unstitched suit by Zesh. Available to order with Cash on Delivery in Pakistan; final stock is confirmed before dispatch.","in stock","new","3350.00 PKR","https://alhumacollection.com/products/zesh-prn-khd-v3-3p-hm-03-zesh-digital-printed-khaddar-3pc/","https://cdn.shopify.com/s/files/1/0906/1783/9987/files/30_7e54b3dd-3e82-4100-a9fa-010a77db0d57.jpg?v=1789547676","Zesh","Women > Unstitched Suits > Formal"
"ZESH-PRN-KHD-V3-3P-HM-04","Zesh Digital Printed Khaddar 3PC — 4","Zesh Digital Printed Khaddar 3PC — 4. 3 Piece unstitched suit by Zesh. Available to order with Cash on Delivery in Pakistan; final stock is confirmed before dispatch.","in stock","new","3350.00 PKR","https://alhumacollection.com/products/zesh-prn-khd-v3-3p-hm-04-zesh-digital-printed-khaddar-3pc/","https://cdn.shopify.com/s/files/1/0906/1783/9987/files/19_79ce4670-b430-44e3-a1af-5d210b063112.jpg?v=1789547648","Zesh","Women > Unstitched Suits > Formal"
"ZESH-PRN-KHD-V3-3P-HM-05","Zesh Digital Printed Khaddar 3PC — 5","Zesh Digital Printed Khaddar 3PC — 5. 3 Piece unstitched suit by Zesh. Available to order with Cash on Delivery in Pakistan; final stock is confirmed before dispatch.","in stock","new","3350.00 PKR","https://alhumacollection.com/products/zesh-prn-khd-v3-3p-hm-05-zesh-digital-printed-khaddar-3pc/","https://cdn.shopify.com/s/files/1/0906/1783/9987/files/14_6294323c-39e0-47a0-a8c8-2821a5dacc71.jpg?v=1789547597","Zesh","Women > Unstitched Suits > Formal"
"ZESH-PRN-KHD-V3-3P-HM-06","Zesh Digital Printed Khaddar 3PC — 6","Zesh Digital Printed Khaddar 3PC — 6. 3 Piece unstitched suit by Zesh. Available to order with Cash on Delivery in Pakistan; final stock is confirmed before dispatch.","in stock","new","3350.00 PKR","https://alhumacollection.com/products/zesh-prn-khd-v3-3p-hm-06-zesh-digital-printed-khaddar-3pc/","https://cdn.shopify.com/s/files/1/0906/1783/9987/files/34_fe73f9e4-d1f0-44b3-a1c0-be1adb7efb75.jpg?v=1789547558","Zesh","Women > Unstitched Suits > Formal"
"ZESH-PRN-KHD-V3-3P-HM-07","Zesh Digital Printed Khaddar 3PC — 7","Zesh Digital Printed Khaddar 3PC — 7. 3 Piece unstitched suit by Zesh. Available to order with Cash on Delivery in Pakistan; final stock is confirmed before dispatch.","in stock","new","3350.00 PKR","https://alhumacollection.com/products/zesh-prn-khd-v3-3p-hm-07-zesh-digital-printed-khaddar-3pc/","https://cdn.shopify.com/s/files/1/0906/1783/9987/files/6_33d00ca2-b008-4ca8-8423-fc00bf066c81.jpg?v=1789547521","Zesh","Women > Unstitched Suits > Formal"
"ZESH-PRN-KHD-V3-3P-HM-08","Zesh Digital Printed Khaddar 3PC — 8","Zesh Digital Printed Khaddar 3PC — 8. 3 Piece unstitched suit by Zesh. Available to order with Cash on Delivery in Pakistan; final stock is confirmed before dispatch.","in stock","new","3350.00 PKR","https://alhumacollection.com/products/zesh-prn-khd-v3-3p-hm-08-zesh-digital-printed-khaddar-3pc/","https://cdn.shopify.com/s/files/1/0906/1783/9987/files/42_9e6f7eac-9a1e-42b7-9bb4-c3a66464d30d.jpg?v=1789547449","Zesh","Women > Unstitched Suits > Formal"
"ZESH-PRN-KHD-V3-3P-HM-09","Zesh Digital Printed Khaddar 3PC — 9","Zesh Digital Printed Khaddar 3PC — 9. 3 Piece unstitched suit by Zesh. Available to order with Cash on Delivery in Pakistan; final stock is confirmed before dispatch.","in stock","new","3350.00 PKR","https://alhumacollection.com/products/zesh-prn-khd-v3-3p-hm-09-zesh-digital-printed-khaddar-3pc/","https://cdn.shopify.com/s/files/1/0906/1783/9987/files/9_7212fdb8-dbc7-424b-a804-cfe3e1509334.jpg?v=1789547411","Zesh","Women > Unstitched Suits > Formal"
"ZESH-PRNVISC-V1-3P-HM-01","Zesh Digital Printed Linen Viscose 3PC — 1","Zesh Digital Printed Linen Viscose 3PC — 1. 3 Piece unstitched suit by Zesh. Available to order with Cash on Delivery in Pakistan; final stock is confirmed before dispatch.","in stock","new","3350.00 PKR","https://alhumacollection.com/products/zesh-prnvisc-v1-3p-hm-01-zesh-digital-printed-linen-viscose-3pc/","https://cdn.shopify.com/s/files/1/0906/1783/9987/files/01_2_b5610148-1d33-4396-a97c-15d8353f5b1e.jpg?v=1789130873","Zesh","Women > Unstitched Suits > Formal"
"ZESH-PRNVISC-V1-3P-HM-11","Zesh Digital Printed Linen Viscose 3PC — 11","Zesh Digital Printed Linen Viscose 3PC — 11. 3 Piece unstitched suit by Zesh. Available to order with Cash on Delivery in Pakistan; final stock is confirmed before dispatch.","in stock","new","3350.00 PKR","https://alhumacollection.com/products/zesh-prnvisc-v1-3p-hm-11-zesh-digital-printed-linen-viscose-3pc/","https://cdn.shopify.com/s/files/1/0906/1783/9987/files/5_b81910f2-6ed5-4173-885a-bce2aa99b5ba.jpg?v=1789131074","Zesh","Women > Unstitched Suits > Formal"
"ZESH-PRNVISC-V1-3P-HM-12","Zesh Digital Printed Linen Viscose 3PC — 12","Zesh Digital Printed Linen Viscose 3PC — 12. 3 Piece unstitched suit by Zesh. Available to order with Cash on Delivery in Pakistan; final stock is confirmed before dispatch.","in stock","new","3350.00 PKR","https://alhumacollection.com/products/zesh-prnvisc-v1-3p-hm-12-zesh-digital-printed-linen-viscose-3pc/","https://cdn.shopify.com/s/files/1/0906/1783/9987/files/15_0d9b32ec-982e-44fb-96f5-c1280bf62299.jpg?v=1789131295","Zesh","Women > Unstitched Suits > Formal"
"ZESH-PRNVISC-V1-3P-HM-13","Zesh Digital Printed Linen Viscose 3PC — 13","Zesh Digital Printed Linen Viscose 3PC — 13. 3 Piece unstitched suit by Zesh. Available to order with Cash on Delivery in Pakistan; final stock is confirmed before dispatch.","in stock","new","3350.00 PKR","https://alhumacollection.com/products/zesh-prnvisc-v1-3p-hm-13-zesh-digital-printed-linen-viscose-3pc/","https://cdn.shopify.com/s/files/1/0906/1783/9987/files/17_8381504e-d40d-460f-8b14-efc1e1110ed9.jpg?v=1789131378","Zesh","Women > Unstitched Suits > Formal"
"ZESH-PRNVISC-V1-3P-HM-14","Zesh Digital Printed Linen Viscose 3PC — 14","Zesh Digital Printed Linen Viscose 3PC — 14. 3 Piece unstitched suit by Zesh. Available to order with Cash on Delivery in Pakistan; final stock is confirmed before dispatch.","in stock","new","3350.00 PKR","https://alhumacollection.com/products/zesh-prnvisc-v1-3p-hm-14-zesh-digital-printed-linen-viscose-3pc/","https://cdn.shopify.com/s/files/1/0906/1783/9987/files/1_afb3d38f-62ec-4f3f-9820-ff99f4633278.jpg?v=1789130944","Zesh","Women > Unstitched Suits > Formal"
"ZESH-PRNVISC-V1-3P-HM-15","Zesh Digital Printed Linen Viscose 3PC — 15","Zesh Digital Printed Linen Viscose 3PC — 15. 3 Piece unstitched suit by Zesh. Available to order with Cash on Delivery in Pakistan; final stock is confirmed before dispatch.","in stock","new","3350.00 PKR","https://alhumacollection.com/products/zesh-prnvisc-v1-3p-hm-15-zesh-digital-printed-linen-viscose-3pc/","https://cdn.shopify.com/s/files/1/0906/1783/9987/files/20_88e4449a-2236-421a-bb54-b89968a25742.jpg?v=1789131421","Zesh","Women > Unstitched Suits > Formal"
"ZESH-PRNVISC-V1-3P-HM-17","Zesh Digital Printed Linen Viscose 3PC — 17","Zesh Digital Printed Linen Viscose 3PC — 17. 3 Piece unstitched suit by Zesh. Available to order with Cash on Delivery in Pakistan; final stock is confirmed before dispatch.","in stock","new","3350.00 PKR","https://alhumacollection.com/products/zesh-prnvisc-v1-3p-hm-17-zesh-digital-printed-linen-viscose-3pc/","https://cdn.shopify.com/s/files/1/0906/1783/9987/files/17_2_de370f4d-2fbc-46a7-88c3-426298fbf29d.jpg?v=1789130592","Zesh","Women > Unstitched Suits > Formal"
"ZESH-PRNVISC-V1-3P-HM-18","Zesh Digital Printed Linen Viscose 3PC — 18","Zesh Digital Printed Linen Viscose 3PC — 18. 3 Piece unstitched suit by Zesh. Available to order with Cash on Delivery in Pakistan; final stock is confirmed before dispatch.","in stock","new","3350.00 PKR","https://alhumacollection.com/products/zesh-prnvisc-v1-3p-hm-18-zesh-digital-printed-linen-viscose-3pc/","https://cdn.shopify.com/s/files/1/0906/1783/9987/files/18_2_c1591378-16c0-43a0-abad-5a94ba3012f4.jpg?v=1789133220","Zesh","Women > Unstitched Suits > Formal"
"ZESH-PRNVISC-V1-3P-HM-02","Zesh Digital Printed Linen Viscose 3PC — 2","Zesh Digital Printed Linen Viscose 3PC — 2. 3 Piece unstitched suit by Zesh. Available to order with Cash on Delivery in Pakistan; final stock is confirmed before dispatch.","in stock","new","3350.00 PKR","https://alhumacollection.com/products/zesh-prnvisc-v1-3p-hm-02-zesh-digital-printed-linen-viscose-3pc/","https://cdn.shopify.com/s/files/1/0906/1783/9987/files/11_cb9e90bc-c767-4034-920f-c6dbae2b6a63.jpg?v=1789131216","Zesh","Women > Unstitched Suits > Formal"
"ZESH-PRNVISC-V1-3P-HM-03","Zesh Digital Printed Linen Viscose 3PC — 3","Zesh Digital Printed Linen Viscose 3PC — 3. 3 Piece unstitched suit by Zesh. Available to order with Cash on Delivery in Pakistan; final stock is confirmed before dispatch.","in stock","new","3350.00 PKR","https://alhumacollection.com/products/zesh-prnvisc-v1-3p-hm-03-zesh-digital-printed-linen-viscose-3pc/","https://cdn.shopify.com/s/files/1/0906/1783/9987/files/03_2_7edacefc-ea58-4dfe-99b7-f2f3a5debfda.jpg?v=1789130829","Zesh","Women > Unstitched Suits > Formal"
"ZESH-PRNVISC-V1-3P-HM-04","Zesh Digital Printed Linen Viscose 3PC — 4","Zesh Digital Printed Linen Viscose 3PC — 4. 3 Piece unstitched suit by Zesh. Available to order with Cash on Delivery in Pakistan; final stock is confirmed before dispatch.","in stock","new","3350.00 PKR","https://alhumacollection.com/products/zesh-prnvisc-v1-3p-hm-04-zesh-digital-printed-linen-viscose-3pc/","https://cdn.shopify.com/s/files/1/0906/1783/9987/files/04_604ecd70-b4a5-49af-8450-d1cf4eb23047.jpg?v=1789130796","Zesh","Women > Unstitched Suits > Formal"
"ZESH-PRNVISC-V1-3P-HM-05","Zesh Digital Printed Linen Viscose 3PC — 5","Zesh Digital Printed Linen Viscose 3PC — 5. 3 Piece unstitched suit by Zesh. Available to order with Cash on Delivery in Pakistan; final stock is confirmed before dispatch.","in stock","new","3350.00 PKR","https://alhumacollection.com/products/zesh-prnvisc-v1-3p-hm-05-zesh-digital-printed-linen-viscose-3pc/","https://cdn.shopify.com/s/files/1/0906/1783/9987/files/05_e912d0f2-ac0c-4eb6-b9c5-28f9d3ee3bf8.jpg?v=1789130775","Zesh","Women > Unstitched Suits > Formal"
"ZESH-PRNVISC-V1-3P-HM-06","Zesh Digital Printed Linen Viscose 3PC — 6","Zesh Digital Printed Linen Viscose 3PC — 6. 3 Piece unstitched suit by Zesh. Available to order with Cash on Delivery in Pakistan; final stock is confirmed before dispatch.","in stock","new","3350.00 PKR","https://alhumacollection.com/products/zesh-prnvisc-v1-3p-hm-06-zesh-digital-printed-linen-viscose-3pc/","https://cdn.shopify.com/s/files/1/0906/1783/9987/files/06_2_e15aa553-0c0f-429c-9658-f3b09d7bbdda.jpg?v=1789130735","Zesh","Women > Unstitched Suits > Formal"
"ZESH-PRNVISC-V1-3P-HM-07","Zesh Digital Printed Linen Viscose 3PC — 7","Zesh Digital Printed Linen Viscose 3PC — 7. 3 Piece unstitched suit by Zesh. Available to order with Cash on Delivery in Pakistan; final stock is confirmed before dispatch.","in stock","new","3350.00 PKR","https://alhumacollection.com/products/zesh-prnvisc-v1-3p-hm-07-zesh-digital-printed-linen-viscose-3pc/","https://cdn.shopify.com/s/files/1/0906/1783/9987/files/5_8265e7ca-c2ad-470b-90d6-fe26468ec2a7.jpg?v=1789132951","Zesh","Women > Unstitched Suits > Formal"
"ZESH-PRNVISC-V1-3P-HM-08","Zesh Digital Printed Linen Viscose 3PC — 8","Zesh Digital Printed Linen Viscose 3PC — 8. 3 Piece unstitched suit by Zesh. Available to order with Cash on Delivery in Pakistan; final stock is confirmed before dispatch.","in stock","new","3350.00 PKR","https://alhumacollection.com/products/zesh-prnvisc-v1-3p-hm-08-zesh-digital-printed-linen-viscose-3pc/","https://cdn.shopify.com/s/files/1/0906/1783/9987/files/08_2_2c37406c-b033-4f5e-8718-1ea4898324a5.jpg?v=1789130694","Zesh","Women > Unstitched Suits > Formal"
"RANG-REZA-ANAYANOOR-AR01","Rang Reza By Anaya Noor Embroidered Bana Dora 3PC — 1","Rang Reza By Anaya Noor Embroidered Bana Dora 3PC — 1. 3 Piece unstitched suit by Anaya Noor. Currently unavailable in the synchronized catalogue.","out of stock","new","5750.00 PKR","https://alhumacollection.com/products/rang-reza-anayanoor-ar01-rang-reza-by-anaya-noor-embroidered-bana-dora-3pc/","https://cdn.shopify.com/s/files/1/0906/1783/9987/files/01_3_5af3ea16-460f-4c23-925a-974e7ff0cc15.jpg?v=1767943650","Anaya Noor","Women > Unstitched Suits > Formal"
"RANG-REZA-ANAYANOOR-AR10","Rang Reza By Anaya Noor Embroidered Bana Dora 3PC — 10","Rang Reza By Anaya Noor Embroidered Bana Dora 3PC — 10. 3 Piece unstitched suit by Anaya Noor. Currently unavailable in the synchronized catalogue.","out of stock","new","5750.00 PKR","https://alhumacollection.com/products/rang-reza-anayanoor-ar10-rang-reza-by-anaya-noor-embroidered-bana-dora-3pc/","https://cdn.shopify.com/s/files/1/0906/1783/9987/files/10_4_5b226528-7622-4aad-8378-a5736bbf3242.jpg?v=1767943800","Anaya Noor","Women > Unstitched Suits > Formal"
"RANG-REZA-ANAYANOOR-AR02","Rang Reza By Anaya Noor Embroidered Bana Dora 3PC — 2","Rang Reza By Anaya Noor Embroidered Bana Dora 3PC — 2. 3 Piece unstitched suit by Anaya Noor. Currently unavailable in the synchronized catalogue.","out of stock","new","5750.00 PKR","https://alhumacollection.com/products/rang-reza-anayanoor-ar02-rang-reza-by-anaya-noor-embroidered-bana-dora-3pc/","https://cdn.shopify.com/s/files/1/0906/1783/9987/files/02_3_49da123b-ddc2-4493-b7fd-591d191e6098.jpg?v=1767943665","Anaya Noor","Women > Unstitched Suits > Formal"
"RANG-REZA-ANAYANOOR-AR03","Rang Reza By Anaya Noor Embroidered Bana Dora 3PC — 3","Rang Reza By Anaya Noor Embroidered Bana Dora 3PC — 3. 3 Piece unstitched suit by Anaya Noor. Currently unavailable in the synchronized catalogue.","out of stock","new","5750.00 PKR","https://alhumacollection.com/products/rang-reza-anayanoor-ar03-rang-reza-by-anaya-noor-embroidered-bana-dora-3pc/","https://cdn.shopify.com/s/files/1/0906/1783/9987/files/03_3_6d39f349-539d-4797-9dd2-6432a81425c1.jpg?v=1767943683","Anaya Noor","Women > Unstitched Suits > Formal"
"RANG-REZA-ANAYANOOR-AR04","Rang Reza By Anaya Noor Embroidered Bana Dora 3PC — 4","Rang Reza By Anaya Noor Embroidered Bana Dora 3PC — 4. 3 Piece unstitched suit by Anaya Noor. Currently unavailable in the synchronized catalogue.","out of stock","new","5095.00 PKR","https://alhumacollection.com/products/rang-reza-anayanoor-ar04-rang-reza-by-anaya-noor-embroidered-bana-dora-3pc/","https://cdn.shopify.com/s/files/1/0906/1783/9987/files/04_2_9d8ce28e-b9d7-4afa-b809-971222e79341.jpg?v=1767943698","Anaya Noor","Women > Unstitched Suits > Formal"
"RANG-REZA-ANAYANOOR-AR05","Rang Reza By Anaya Noor Embroidered Bana Dora 3PC — 5","Rang Reza By Anaya Noor Embroidered Bana Dora 3PC — 5. 3 Piece unstitched suit by Anaya Noor. Currently unavailable in the synchronized catalogue.","out of stock","new","5750.00 PKR","https://alhumacollection.com/products/rang-reza-anayanoor-ar05-rang-reza-by-anaya-noor-embroidered-bana-dora-3pc/","https://cdn.shopify.com/s/files/1/0906/1783/9987/files/05_3_5af7da5b-ea98-4cca-bfe5-eb1c0e41ffdf.jpg?v=1767943729","Anaya Noor","Women > Unstitched Suits > Formal"
"RANG-REZA-ANAYANOOR-AR06","Rang Reza By Anaya Noor Embroidered Bana Dora 3PC — 6","Rang Reza By Anaya Noor Embroidered Bana Dora 3PC — 6. 3 Piece unstitched suit by Anaya Noor. Currently unavailable in the synchronized catalogue.","out of stock","new","5750.00 PKR","https://alhumacollection.com/products/rang-reza-anayanoor-ar06-rang-reza-by-anaya-noor-embroidered-bana-dora-3pc/","https://cdn.shopify.com/s/files/1/0906/1783/9987/files/06_2_a090f10c-45e1-4f74-9155-0b7dbd8af413.jpg?v=1767943752","Anaya Noor","Women > Unstitched Suits > Formal"
"RANG-REZA-ANAYANOOR-AR07","Rang Reza By Anaya Noor Embroidered Bana Dora 3PC — 7","Rang Reza By Anaya Noor Embroidered Bana Dora 3PC — 7. 3 Piece unstitched suit by Anaya Noor. Currently unavailable in the synchronized catalogue.","out of stock","new","5095.00 PKR","https://alhumacollection.com/products/rang-reza-anayanoor-ar07-rang-reza-by-anaya-noor-embroidered-bana-dora-3pc/","https://cdn.shopify.com/s/files/1/0906/1783/9987/files/07_3_15fd3ff5-718c-4bcc-971a-606402b425fe.jpg?v=1767943784","Anaya Noor","Women > Unstitched Suits > Formal"
"RANG-REZA-ANAYANOOR-AR08","Rang Reza By Anaya Noor Embroidered Bana Dora 3PC — 8","Rang Reza By Anaya Noor Embroidered Bana Dora 3PC — 8. 3 Piece unstitched suit by Anaya Noor. Currently unavailable in the synchronized catalogue.","out of stock","new","5750.00 PKR","https://alhumacollection.com/products/rang-reza-anayanoor-ar08-rang-reza-by-anaya-noor-embroidered-bana-dora-3pc/","https://cdn.shopify.com/s/files/1/0906/1783/9987/files/08_3_91d9d4a0-e2f2-4327-8ada-a0c2166bdcae.jpg?v=1767943768","Anaya Noor","Women > Unstitched Suits > Formal"
"RANG-REZA-ANAYANOOR-AR09","Rang Reza By Anaya Noor Embroidered Bana Dora 3PC — 9","Rang Reza By Anaya Noor Embroidered Bana Dora 3PC — 9. 3 Piece unstitched suit by Anaya Noor. Currently unavailable in the synchronized catalogue.","out of stock","new","5750.00 PKR","https://alhumacollection.com/products/rang-reza-anayanoor-ar09-rang-reza-by-anaya-noor-embroidered-bana-dora-3pc/","https://cdn.shopify.com/s/files/1/0906/1783/9987/files/09_3_e49b6219-ca11-4a07-98b0-5b6c910e11a1.jpg?v=1767943815","Anaya Noor","Women > Unstitched Suits > Formal"
"BINILYAS-BLACK-3PC-AK01","Bin Ilyas Luxury Embroidered Lawn 3PC — BLACK","Bin Ilyas Luxury Embroidered Lawn 3PC — BLACK. 3 Piece unstitched suit by Bin Ilyas. Currently unavailable in the synchronized catalogue.","out of stock","new","8500.00 PKR","https://alhumacollection.com/products/binilyas-black-3pc-ak01-bin-ilyas-luxury-embroidered-lawn-3pc/","https://cdn.shopify.com/s/files/1/0906/1783/9987/files/59D0A92D-5B7F-4EDE-911E-782A27B13B83.jpg?v=1783157556","Bin Ilyas","Women > Unstitched Suits > Luxury"
"BINILYAS-MAGENTA-3PC-AK01","Bin Ilyas Luxury Embroidered Lawn 3PC — MAGENTA","Bin Ilyas Luxury Embroidered Lawn 3PC — MAGENTA. 3 Piece unstitched suit by Bin Ilyas. Currently unavailable in the synchronized catalogue.","out of stock","new","8500.00 PKR","https://alhumacollection.com/products/binilyas-magenta-3pc-ak01-bin-ilyas-luxury-embroidered-lawn-3pc/","https://cdn.shopify.com/s/files/1/0906/1783/9987/files/E660E3CB-9AC7-4001-91B3-DAB2C358F887.jpg?v=1783157556","Bin Ilyas","Women > Unstitched Suits > Luxury"
"BINILYAS-MAROON-3PC-AK01","Bin Ilyas Luxury Embroidered Lawn 3PC — MAROON","Bin Ilyas Luxury Embroidered Lawn 3PC — MAROON. 3 Piece unstitched suit by Bin Ilyas. Currently unavailable in the synchronized catalogue.","out of stock","new","8500.00 PKR","https://alhumacollection.com/products/binilyas-maroon-3pc-ak01-bin-ilyas-luxury-embroidered-lawn-3pc/","https://cdn.shopify.com/s/files/1/0906/1783/9987/files/16AF3D76-D338-483D-A24A-BEDC624E84DD.jpg?v=1783157556","Bin Ilyas","Women > Unstitched Suits > Luxury"
"CRIMSON-MRN-3PC-AK15","Crimson Luxury Embroidered Lawn Collection 3PC — MAROON","Crimson Luxury Embroidered Lawn Collection 3PC — MAROON. 3 Piece unstitched suit by Crimson. Currently unavailable in the synchronized catalogue.","out of stock","new","7000.00 PKR","https://alhumacollection.com/products/crimson-mrn-3pc-ak15-crimson-luxury-embroidered-lawn-collection-3pc/","https://cdn.shopify.com/s/files/1/0906/1783/9987/files/340A7A5E-EFAF-4D77-867B-3FDBC663130E.jpg?v=1783157597","Crimson","Women > Unstitched Suits > Luxury"
"AYEFA-DL-LWN-3P-1839","Ayefa | Lawn | Dressline — 1839","Ayefa | Lawn | Dressline — 1839. 3 Piece unstitched suit by Dressline. Currently unavailable in the synchronized catalogue.","out of stock","new","9300.00 PKR","https://alhumacollection.com/products/ayefa-dl-lwn-3p-1839-ayefa-lawn-dressline/","https://cdn.shopify.com/s/files/1/0906/1783/9987/files/IMG-8488.jpg?v=1783157586","Dressline","Women > Unstitched Suits > Luxury"
"AYEFA-DL-LWN-3P-1836","Ayefa By Dressline | Lawn'26 — 1836","Ayefa By Dressline | Lawn'26 — 1836. 3 Piece unstitched suit by Dressline. Currently unavailable in the synchronized catalogue.","out of stock","new","9300.00 PKR","https://alhumacollection.com/products/ayefa-dl-lwn-3p-1836-ayefa-by-dressline-lawn-26/","https://cdn.shopify.com/s/files/1/0906/1783/9987/files/IMG-8482.jpg?v=1783157595","Dressline","Women > Unstitched Suits > Luxury"
"KHUWAB-DL-LKLWN-14426-D","Khuwab | Lawn | Dressline — 14426-D","Khuwab | Lawn | Dressline — 14426-D. 3 Piece unstitched suit by Dressline. Currently unavailable in the synchronized catalogue.","out of stock","new","8500.00 PKR","https://alhumacollection.com/products/khuwab-dl-lklwn-14426-d-khuwab-lawn-dressline/","https://cdn.shopify.com/s/files/1/0906/1783/9987/files/5_60737319-4d17-4a52-867a-ecfe4bd3eafb.jpg?v=1783157768","Dressline","Women > Unstitched Suits > Luxury"
"MISAAL-DL-LWN-3P-FB-383-A","Misaal | Lawn | Dressline — FB-383-A","Misaal | Lawn | Dressline — FB-383-A. 3 Piece unstitched suit by Dressline. Currently unavailable in the synchronized catalogue.","out of stock","new","7800.00 PKR","https://alhumacollection.com/products/misaal-dl-lwn-3p-fb-383-a-misaal-lawn-dressline/","https://cdn.shopify.com/s/files/1/0906/1783/9987/files/383A_2.jpg?v=1784707159","Dressline","Women > Unstitched Suits > Luxury"
"MISAAL-DL-LWN-3P-FB-383-B","Misaal | Lawn | Dressline — FB-383-B","Misaal | Lawn | Dressline — FB-383-B. 3 Piece unstitched suit by Dressline. Currently unavailable in the synchronized catalogue.","out of stock","new","7800.00 PKR","https://alhumacollection.com/products/misaal-dl-lwn-3p-fb-383-b-misaal-lawn-dressline/","https://cdn.shopify.com/s/files/1/0906/1783/9987/files/383B_2.jpg?v=1784707190","Dressline","Women > Unstitched Suits > Luxury"
"PAYAL-DL-LWN-3P-FB-360-A","Payal | Lawn | Dressline — FB-360-A","Payal | Lawn | Dressline — FB-360-A. 3 Piece unstitched suit by Dressline. Currently unavailable in the synchronized catalogue.","out of stock","new","7800.00 PKR","https://alhumacollection.com/products/payal-dl-lwn-3p-fb-360-a-payal-lawn-dressline/","https://cdn.shopify.com/s/files/1/0906/1783/9987/files/360A_2.jpg?v=1784709304","Dressline","Women > Unstitched Suits > Luxury"
"PAYAL-DL-LWN-3P-FB-360-B","Payal | Lawn | Dressline — FB-360-B","Payal | Lawn | Dressline — FB-360-B. 3 Piece unstitched suit by Dressline. Currently unavailable in the synchronized catalogue.","out of stock","new","7800.00 PKR","https://alhumacollection.com/products/payal-dl-lwn-3p-fb-360-b-payal-lawn-dressline/","https://cdn.shopify.com/s/files/1/0906/1783/9987/files/360B_1.jpg?v=1784709335","Dressline","Women > Unstitched Suits > Luxury"
"PAYAL-DL-LWN-3P-FB-365-B","Payal | Lawn | Dressline — FB-365-B","Payal | Lawn | Dressline — FB-365-B. 3 Piece unstitched suit by Dressline. Currently unavailable in the synchronized catalogue.","out of stock","new","7800.00 PKR","https://alhumacollection.com/products/payal-dl-lwn-3p-fb-365-b-payal-lawn-dressline/","https://cdn.shopify.com/s/files/1/0906/1783/9987/files/365B_2.jpg?v=1784709504","Dressline","Women > Unstitched Suits > Luxury"
"POSHNA-VISC-3P-14164-A","Poshna By Dressline Luxury Emb Jaquard Check Viscose 3PC — 14164-A","Poshna By Dressline Luxury Emb Jaquard Check Viscose 3PC — 14164-A. 3 Piece unstitched suit by Dressline. Currently unavailable in the synchronized catalogue.","out of stock","new","6200.00 PKR","https://alhumacollection.com/products/poshna-visc-3p-14164-a-poshna-by-dressline-luxury-emb-jaquard-check-viscose-3pc/","https://cdn.shopify.com/s/files/1/0906/1783/9987/files/A_3.jpg?v=1769032839","Dressline","Women > Unstitched Suits > Luxury"
"POSHNA-VISC-3P-14164-B","Poshna By Dressline Luxury Emb Jaquard Check Viscose 3PC — 14164-B","Poshna By Dressline Luxury Emb Jaquard Check Viscose 3PC — 14164-B. 3 Piece unstitched suit by Dressline. Currently unavailable in the synchronized catalogue.","out of stock","new","6200.00 PKR","https://alhumacollection.com/products/poshna-visc-3p-14164-b-poshna-by-dressline-luxury-emb-jaquard-check-viscose-3pc/","https://cdn.shopify.com/s/files/1/0906/1783/9987/files/B_3.jpg?v=1769032854","Dressline","Women > Unstitched Suits > Luxury"
"POSHNA-VISC-3P-14164-C","Poshna By Dressline Luxury Emb Jaquard Check Viscose 3PC — 14164-C","Poshna By Dressline Luxury Emb Jaquard Check Viscose 3PC — 14164-C. 3 Piece unstitched suit by Dressline. Currently unavailable in the synchronized catalogue.","out of stock","new","6200.00 PKR","https://alhumacollection.com/products/poshna-visc-3p-14164-c-poshna-by-dressline-luxury-emb-jaquard-check-viscose-3pc/","https://cdn.shopify.com/s/files/1/0906/1783/9987/files/C_3.jpg?v=1769032878","Dressline","Women > Unstitched Suits > Luxury"
"POSHNA-VISC-3P-14164-D","Poshna By Dressline Luxury Emb Jaquard Check Viscose 3PC — 14164-D","Poshna By Dressline Luxury Emb Jaquard Check Viscose 3PC — 14164-D. 3 Piece unstitched suit by Dressline. Currently unavailable in the synchronized catalogue.","out of stock","new","6200.00 PKR","https://alhumacollection.com/products/poshna-visc-3p-14164-d-poshna-by-dressline-luxury-emb-jaquard-check-viscose-3pc/","https://cdn.shopify.com/s/files/1/0906/1783/9987/files/D_3.jpg?v=1769032897","Dressline","Women > Unstitched Suits > Luxury"
"POSHNA-VISC-3P-14164-E","Poshna By Dressline Luxury Emb Jaquard Check Viscose 3PC — 14164-E","Poshna By Dressline Luxury Emb Jaquard Check Viscose 3PC — 14164-E. 3 Piece unstitched suit by Dressline. Currently unavailable in the synchronized catalogue.","out of stock","new","6200.00 PKR","https://alhumacollection.com/products/poshna-visc-3p-14164-e-poshna-by-dressline-luxury-emb-jaquard-check-viscose-3pc/","https://cdn.shopify.com/s/files/1/0906/1783/9987/files/E_3.jpg?v=1769032922","Dressline","Women > Unstitched Suits > Luxury"
"POSHNA-VISC-3P-14164-F","Poshna By Dressline Luxury Emb Jaquard Check Viscose 3PC — 14164-F","Poshna By Dressline Luxury Emb Jaquard Check Viscose 3PC — 14164-F. 3 Piece unstitched suit by Dressline. Currently unavailable in the synchronized catalogue.","out of stock","new","6200.00 PKR","https://alhumacollection.com/products/poshna-visc-3p-14164-f-poshna-by-dressline-luxury-emb-jaquard-check-viscose-3pc/","https://cdn.shopify.com/s/files/1/0906/1783/9987/files/F_3.jpg?v=1769032910","Dressline","Women > Unstitched Suits > Luxury"
"SATRNG-LWN-SKIN-FB-199","Satrangi | Lawn | Dressline — FB-199","Satrangi | Lawn | Dressline — FB-199. 3 Piece unstitched suit by Dressline. Currently unavailable in the synchronized catalogue.","out of stock","new","9050.00 PKR","https://alhumacollection.com/products/satrng-lwn-skin-fb-199-satrangi-lawn-dressline/","https://cdn.shopify.com/s/files/1/0906/1783/9987/files/13_1386e3d1-768d-4b60-b9c8-95fde9b60916.jpg?v=1783158784","Dressline","Women > Unstitched Suits > Luxury"
"WADA-DL-LWN-3P-14415-E","Wada | Lawn | Dressline — 14415-E","Wada | Lawn | Dressline — 14415-E. 3 Piece unstitched suit by Dressline. Currently unavailable in the synchronized catalogue.","out of stock","new","8300.00 PKR","https://alhumacollection.com/products/wada-dl-lwn-3p-14415-e-wada-lawn-dressline/","https://cdn.shopify.com/s/files/1/0906/1783/9987/files/13_aac1c761-7d77-41bd-8e49-76d52f170930.jpg?v=1783157784","Dressline","Women > Unstitched Suits > Luxury"
"EMAN-BLUE-3PC-AK19","Emaan Adeel Luxury Embroidered Lawn 3PC — BLUE","Emaan Adeel Luxury Embroidered Lawn 3PC — BLUE. 3 Piece unstitched suit by Emaan Adeel. Currently unavailable in the synchronized catalogue.","out of stock","new","8500.00 PKR","https://alhumacollection.com/products/eman-blue-3pc-ak19-emaan-adeel-luxury-embroidered-lawn-3pc/","https://cdn.shopify.com/s/files/1/0906/1783/9987/files/4D60DC58-39C1-49AD-B4DC-C758667B8F91.jpg?v=1783157564","Emaan Adeel","Women > Unstitched Suits > Luxury"
"EMAN-MEHNDI-3PC-AK19","Emaan Adeel Luxury Embroidered Lawn 3PC — MEHNDI","Emaan Adeel Luxury Embroidered Lawn 3PC — MEHNDI. 3 Piece unstitched suit by Emaan Adeel. Currently unavailable in the synchronized catalogue.","out of stock","new","8500.00 PKR","https://alhumacollection.com/products/eman-mehndi-3pc-ak19-emaan-adeel-luxury-embroidered-lawn-3pc/","https://cdn.shopify.com/s/files/1/0906/1783/9987/files/5DE74C6A-4021-4720-91DA-E045B2262562.jpg?v=1783157564","Emaan Adeel","Women > Unstitched Suits > Luxury"
"EMAN-T PINK-3PC-AK19","Emaan Adeel Luxury Embroidered Lawn 3PC — T PINK","Emaan Adeel Luxury Embroidered Lawn 3PC — T PINK. 3 Piece unstitched suit by Emaan Adeel. Currently unavailable in the synchronized catalogue.","out of stock","new","8500.00 PKR","https://alhumacollection.com/products/eman-t-pink-3pc-ak19-emaan-adeel-luxury-embroidered-lawn-3pc/","https://cdn.shopify.com/s/files/1/0906/1783/9987/files/23999AE3-5293-471E-97F7-226AB4D4AF5B.jpg?v=1783157564","Emaan Adeel","Women > Unstitched Suits > Luxury"
"IMROZ-MONGIA-3PC-AK39","Imrozia Luxury Embroidered Lawn 3PC — MONGIA","Imrozia Luxury Embroidered Lawn 3PC — MONGIA. 3 Piece unstitched suit by Imrozia. Currently unavailable in the synchronized catalogue.","out of stock","new","8500.00 PKR","https://alhumacollection.com/products/imroz-mongia-3pc-ak39-imrozia-luxury-embroidered-lawn-3pc/","https://cdn.shopify.com/s/files/1/0906/1783/9987/files/342ABCD3-A5E4-4121-ACE1-0DF7BC29BB42.jpg?v=1783157554","Imrozia","Women > Unstitched Suits > Luxury"
"IMROZ-PURPLE-3PC-AK39","Imrozia Luxury Embroidered Lawn 3PC — PURPLE","Imrozia Luxury Embroidered Lawn 3PC — PURPLE. 3 Piece unstitched suit by Imrozia. Currently unavailable in the synchronized catalogue.","out of stock","new","8500.00 PKR","https://alhumacollection.com/products/imroz-purple-3pc-ak39-imrozia-luxury-embroidered-lawn-3pc/","https://cdn.shopify.com/s/files/1/0906/1783/9987/files/1DC435E8-0A88-424E-8AE4-156D8DA17FA4.jpg?v=1783157554","Imrozia","Women > Unstitched Suits > Luxury"
"IMROZ-SKY-3PC-AK39","Imrozia Luxury Embroidered Lawn 3PC — SKY","Imrozia Luxury Embroidered Lawn 3PC — SKY. 3 Piece unstitched suit by Imrozia. Currently unavailable in the synchronized catalogue.","out of stock","new","8500.00 PKR","https://alhumacollection.com/products/imroz-sky-3pc-ak39-imrozia-luxury-embroidered-lawn-3pc/","https://cdn.shopify.com/s/files/1/0906/1783/9987/files/215EAD31-7A62-4665-8EEE-9C4634C2EE69.jpg?v=1783157554","Imrozia","Women > Unstitched Suits > Luxury"
"AMELIA-MAHNUR-AM3","Amelia | Mahnur | Kotrai — 3","Amelia | Mahnur | Kotrai — 3. 3 Piece unstitched suit by Mahnur. Currently unavailable in the synchronized catalogue.","out of stock","new","9993.00 PKR","https://alhumacollection.com/products/amelia-mahnur-am3-amelia-mahnur-kotrai/","https://cdn.shopify.com/s/files/1/0906/1783/9987/files/CK-003_18.webp?v=1783159402","Mahnur","Women > Unstitched Suits > Formal"
"ANAYA-MHN-LWN-3P-ANA-001","Anaya By Mahnur | Vol-1 | Lawn'26 — ANA-001","Anaya By Mahnur | Vol-1 | Lawn'26 — ANA-001. 3 Piece unstitched suit by Mahnur. Currently unavailable in the synchronized catalogue.","out of stock","new","7368.00 PKR","https://alhumacollection.com/products/anaya-mhn-lwn-3p-ana-001-anaya-by-mahnur-vol-1-lawn-26/","https://cdn.shopify.com/s/files/1/0906/1783/9987/files/73_d972b6a7-042f-4be6-9527-087b11538c2c.jpg?v=1783158993","Mahnur","Women > Unstitched Suits > Formal"
"ANAYA-MHN-LWN-3P-ANA-002","Anaya By Mahnur | Vol-1 | Lawn'26 — ANA-002","Anaya By Mahnur | Vol-1 | Lawn'26 — ANA-002. 3 Piece unstitched suit by Mahnur. Currently unavailable in the synchronized catalogue.","out of stock","new","7368.00 PKR","https://alhumacollection.com/products/anaya-mhn-lwn-3p-ana-002-anaya-by-mahnur-vol-1-lawn-26/","https://cdn.shopify.com/s/files/1/0906/1783/9987/files/27_4977a584-a587-454b-b869-d03186b0d482.jpg?v=1783158991","Mahnur","Women > Unstitched Suits > Formal"
"ANAYA-MHN-LWN-3P-ANA-004","Anaya By Mahnur | Vol-1 | Lawn'26 — ANA-004","Anaya By Mahnur | Vol-1 | Lawn'26 — ANA-004. 3 Piece unstitched suit by Mahnur. Currently unavailable in the synchronized catalogue.","out of stock","new","7368.00 PKR","https://alhumacollection.com/products/anaya-mhn-lwn-3p-ana-004-anaya-by-mahnur-vol-1-lawn-26/","https://cdn.shopify.com/s/files/1/0906/1783/9987/files/34_124b35e9-86c2-4977-a59c-659cc82f126e.jpg?v=1783158989","Mahnur","Women > Unstitched Suits > Formal"
"ANAYA-MHN-LWN-3P-ANA-007","Anaya By Mahnur | Vol-1 | Lawn'26 — ANA-007","Anaya By Mahnur | Vol-1 | Lawn'26 — ANA-007. 3 Piece unstitched suit by Mahnur. Currently unavailable in the synchronized catalogue.","out of stock","new","7368.00 PKR","https://alhumacollection.com/products/anaya-mhn-lwn-3p-ana-007-anaya-by-mahnur-vol-1-lawn-26/","https://cdn.shopify.com/s/files/1/0906/1783/9987/files/49_f0ac3074-6edd-4772-bc05-b47f42ecd7e3.jpg?v=1783158984","Mahnur","Women > Unstitched Suits > Formal"
"ANAYA-MHN-LWN-3P-ANA-012","Anaya By Mahnur | Vol-1 | Lawn'26 — ANA-012","Anaya By Mahnur | Vol-1 | Lawn'26 — ANA-012. 3 Piece unstitched suit by Mahnur. Currently unavailable in the synchronized catalogue.","out of stock","new","7368.00 PKR","https://alhumacollection.com/products/anaya-mhn-lwn-3p-ana-012-anaya-by-mahnur-vol-1-lawn-26/","https://cdn.shopify.com/s/files/1/0906/1783/9987/files/19_efc36331-b0a1-489f-8d02-1ce327390e89.jpg?v=1783158978","Mahnur","Women > Unstitched Suits > Formal"
"ANAYA-MHN-LWN-3P-ANA-020","Anaya By Mahnur | Vol-1 | Lawn'26 — ANA-020","Anaya By Mahnur | Vol-1 | Lawn'26 — ANA-020. 3 Piece unstitched suit by Mahnur. Currently unavailable in the synchronized catalogue.","out of stock","new","6993.00 PKR","https://alhumacollection.com/products/anaya-mhn-lwn-3p-ana-020-anaya-by-mahnur-vol-1-lawn-26/","https://cdn.shopify.com/s/files/1/0906/1783/9987/files/11_aa30d38a-da50-4162-a83c-e3041d4e32e9.jpg?v=1783158968","Mahnur","Women > Unstitched Suits > Formal"
"ANAYA-MHN-LWN-3P-AN2-01","Anaya By Mahnur Vol-2 | Lawn'26 — AN2-01","Anaya By Mahnur Vol-2 | Lawn'26 — AN2-01. 3 Piece unstitched suit by Mahnur. Currently unavailable in the synchronized catalogue.","out of stock","new","7368.00 PKR","https://alhumacollection.com/products/anaya-mhn-lwn-3p-an2-01-anaya-by-mahnur-vol-2-lawn-26/","https://cdn.shopify.com/s/files/1/0906/1783/9987/files/4_29b9c708-8c7a-4a6e-b9cb-6299544645aa.jpg?v=1783158490","Mahnur","Women > Unstitched Suits > Formal"
"ANAYA-MHN-LWN-3P-AN2-02","Anaya By Mahnur Vol-2 | Lawn'26 — AN2-02","Anaya By Mahnur Vol-2 | Lawn'26 — AN2-02. 3 Piece unstitched suit by Mahnur. Currently unavailable in the synchronized catalogue.","out of stock","new","7368.00 PKR","https://alhumacollection.com/products/anaya-mhn-lwn-3p-an2-02-anaya-by-mahnur-vol-2-lawn-26/","https://cdn.shopify.com/s/files/1/0906/1783/9987/files/10_00f0e18d-4928-4c8f-846c-dffe34e38aa2.jpg?v=1783158485","Mahnur","Women > Unstitched Suits > Formal"
"ANAYA-MHN-LWN-3P-AN2-03","Anaya By Mahnur Vol-2 | Lawn'26 — AN2-03","Anaya By Mahnur Vol-2 | Lawn'26 — AN2-03. 3 Piece unstitched suit by Mahnur. Currently unavailable in the synchronized catalogue.","out of stock","new","7990.00 PKR","https://alhumacollection.com/products/anaya-mhn-lwn-3p-an2-03-anaya-by-mahnur-vol-2-lawn-26/","https://cdn.shopify.com/s/files/1/0906/1783/9987/files/22_b642f48b-8bec-4458-a3c4-9b5baa8d98f8.jpg?v=1783158488","Mahnur","Women > Unstitched Suits > Formal"
"ANAYA-MHN-LWN-3P-AN2-05","Anaya By Mahnur Vol-2 | Lawn'26 — AN2-05","Anaya By Mahnur Vol-2 | Lawn'26 — AN2-05. 3 Piece unstitched suit by Mahnur. Currently unavailable in the synchronized catalogue.","out of stock","new","7990.00 PKR","https://alhumacollection.com/products/anaya-mhn-lwn-3p-an2-05-anaya-by-mahnur-vol-2-lawn-26/","https://cdn.shopify.com/s/files/1/0906/1783/9987/files/25_8c82169e-0d8e-4289-a995-bb723fb2e27f.jpg?v=1783158487","Mahnur","Women > Unstitched Suits > Formal"
"ANAYA-MHN-LWN-3P-AN2-08","Anaya By Mahnur Vol-2 | Lawn'26 — AN2-08","Anaya By Mahnur Vol-2 | Lawn'26 — AN2-08. 3 Piece unstitched suit by Mahnur. Currently unavailable in the synchronized catalogue.","out of stock","new","7368.00 PKR","https://alhumacollection.com/products/anaya-mhn-lwn-3p-an2-08-anaya-by-mahnur-vol-2-lawn-26/","https://cdn.shopify.com/s/files/1/0906/1783/9987/files/34_361dff98-e60e-438e-9617-295ec99423bd.jpg?v=1783158481","Mahnur","Women > Unstitched Suits > Formal"
"ANAYA-MHN-LWN-3P-AN2-10","Anaya By Mahnur Vol-2 | Lawn'26 — AN2-10","Anaya By Mahnur Vol-2 | Lawn'26 — AN2-10. 3 Piece unstitched suit by Mahnur. Currently unavailable in the synchronized catalogue.","out of stock","new","7368.00 PKR","https://alhumacollection.com/products/anaya-mhn-lwn-3p-an2-10-anaya-by-mahnur-vol-2-lawn-26/","https://cdn.shopify.com/s/files/1/0906/1783/9987/files/28_01affe0e-909f-4594-8fd9-7bb979718cf9.jpg?v=1783158480","Mahnur","Women > Unstitched Suits > Formal"
"ANAYA-MHN-LWN-3P-AN2-14","Anaya By Mahnur Vol-2 | Lawn'26 — AN2-14","Anaya By Mahnur Vol-2 | Lawn'26 — AN2-14. 3 Piece unstitched suit by Mahnur. Currently unavailable in the synchronized catalogue.","out of stock","new","7368.00 PKR","https://alhumacollection.com/products/anaya-mhn-lwn-3p-an2-14-anaya-by-mahnur-vol-2-lawn-26/","https://cdn.shopify.com/s/files/1/0906/1783/9987/files/16_cbdaa061-a23c-466f-802c-8d28474951e5.jpg?v=1783158474","Mahnur","Women > Unstitched Suits > Formal"
"ANAYA-MHN-LWN-3P-AN2-15","Anaya By Mahnur Vol-2 | Lawn'26 — AN2-15","Anaya By Mahnur Vol-2 | Lawn'26 — AN2-15. 3 Piece unstitched suit by Mahnur. Currently unavailable in the synchronized catalogue.","out of stock","new","7368.00 PKR","https://alhumacollection.com/products/anaya-mhn-lwn-3p-an2-15-anaya-by-mahnur-vol-2-lawn-26/","https://cdn.shopify.com/s/files/1/0906/1783/9987/files/49_58cd8118-023d-4baf-b16d-6b5f847833ca.jpg?v=1783158470","Mahnur","Women > Unstitched Suits > Formal"
"ANGAN-LWN-3P-AN-002","Angan By Mahnur | Lawn'26 — AN-002","Angan By Mahnur | Lawn'26 — AN-002. 3 Piece unstitched suit by Mahnur. Currently unavailable in the synchronized catalogue.","out of stock","new","8868.00 PKR","https://alhumacollection.com/products/angan-lwn-3p-an-002-angan-by-mahnur-lawn-26/","https://cdn.shopify.com/s/files/1/0906/1783/9987/files/14_346e08a0-c58e-4998-b0f4-88dd42fe5169.jpg?v=1783158747","Mahnur","Women > Unstitched Suits > Formal"
"ANGAN-LWN-3P-AN-004","Angan By Mahnur | Lawn'26 — AN-004","Angan By Mahnur | Lawn'26 — AN-004. 3 Piece unstitched suit by Mahnur. Currently unavailable in the synchronized catalogue.","out of stock","new","8868.00 PKR","https://alhumacollection.com/products/angan-lwn-3p-an-004-angan-by-mahnur-lawn-26/","https://cdn.shopify.com/s/files/1/0906/1783/9987/files/4_da2c31fb-0b0b-48c7-bbcd-1ad343a60c09.jpg?v=1783158744","Mahnur","Women > Unstitched Suits > Formal"
"ANGAN-LWN-3P-AN-005","Angan By Mahnur | Lawn'26 — AN-005","Angan By Mahnur | Lawn'26 — AN-005. 3 Piece unstitched suit by Mahnur. Currently unavailable in the synchronized catalogue.","out of stock","new","8868.00 PKR","https://alhumacollection.com/products/angan-lwn-3p-an-005-angan-by-mahnur-lawn-26/","https://cdn.shopify.com/s/files/1/0906/1783/9987/files/29_d27fa386-3de9-4b4a-90e6-1599484278db.jpg?v=1783158740","Mahnur","Women > Unstitched Suits > Formal"
"ANGAN-LWN-3P-AN-006","Angan By Mahnur | Lawn'26 — AN-006","Angan By Mahnur | Lawn'26 — AN-006. 3 Piece unstitched suit by Mahnur. Currently unavailable in the synchronized catalogue.","out of stock","new","8868.00 PKR","https://alhumacollection.com/products/angan-lwn-3p-an-006-angan-by-mahnur-lawn-26/","https://cdn.shopify.com/s/files/1/0906/1783/9987/files/19_707a121f-863d-4c79-9c2a-3604f4d07e6c.jpg?v=1783158738","Mahnur","Women > Unstitched Suits > Formal"
"ANGAN-LWN-3P-AN-007","Angan By Mahnur | Lawn'26 — AN-007","Angan By Mahnur | Lawn'26 — AN-007. 3 Piece unstitched suit by Mahnur. Currently unavailable in the synchronized catalogue.","out of stock","new","8868.00 PKR","https://alhumacollection.com/products/angan-lwn-3p-an-007-angan-by-mahnur-lawn-26/","https://cdn.shopify.com/s/files/1/0906/1783/9987/files/11_f2b9c4b4-0c71-47fb-a9f6-f86f232cdc58.jpg?v=1783158736","Mahnur","Women > Unstitched Suits > Formal"
"ANGAN-LWN-3P-AN-010","Angan By Mahnur | Lawn'26 — AN-010","Angan By Mahnur | Lawn'26 — AN-010. 3 Piece unstitched suit by Mahnur. Currently unavailable in the synchronized catalogue.","out of stock","new","9790.00 PKR","https://alhumacollection.com/products/angan-lwn-3p-an-010-angan-by-mahnur-lawn-26/","https://cdn.shopify.com/s/files/1/0906/1783/9987/files/26_ece83208-8447-4131-8359-1ba4adfafc1b.jpg?v=1783158730","Mahnur","Women > Unstitched Suits > Formal"
"ANGAN-LWN-3P-AN-012","Angan By Mahnur | Lawn'26 — AN-012","Angan By Mahnur | Lawn'26 — AN-012. 3 Piece unstitched suit by Mahnur. Currently unavailable in the synchronized catalogue.","out of stock","new","8868.00 PKR","https://alhumacollection.com/products/angan-lwn-3p-an-012-angan-by-mahnur-lawn-26/","https://cdn.shopify.com/s/files/1/0906/1783/9987/files/41_971b37ac-9daa-4fba-b70b-f756186d4adb.jpg?v=1783158729","Mahnur","Women > Unstitched Suits > Formal"
"FIONA-MHN-LWN-3P-F-01","Fiona By Mahnur | Lawn'26 — F-01","Fiona By Mahnur | Lawn'26 — F-01. 3 Piece unstitched suit by Mahnur. Currently unavailable in the synchronized catalogue.","out of stock","new","8493.00 PKR","https://alhumacollection.com/products/fiona-mhn-lwn-3p-f-01-fiona-by-mahnur-lawn-26/","https://cdn.shopify.com/s/files/1/0906/1783/9987/files/6_60a29a71-0e93-454a-a679-949ffda6dcf9.jpg?v=1783158208","Mahnur","Women > Unstitched Suits > Formal"
"FIONA-MHN-LWN-3P-F-02","Fiona By Mahnur | Lawn'26 — F-02","Fiona By Mahnur | Lawn'26 — F-02. 3 Piece unstitched suit by Mahnur. Currently unavailable in the synchronized catalogue.","out of stock","new","9390.00 PKR","https://alhumacollection.com/products/fiona-mhn-lwn-3p-f-02-fiona-by-mahnur-lawn-26/","https://cdn.shopify.com/s/files/1/0906/1783/9987/files/3_f35c4c28-97a5-4858-88b5-dbb7b5e0f53c.jpg?v=1783158207","Mahnur","Women > Unstitched Suits > Formal"
"FIONA-MHN-LWN-3P-F-03","Fiona By Mahnur | Lawn'26 — F-03","Fiona By Mahnur | Lawn'26 — F-03. 3 Piece unstitched suit by Mahnur. Currently unavailable in the synchronized catalogue.","out of stock","new","8493.00 PKR","https://alhumacollection.com/products/fiona-mhn-lwn-3p-f-03-fiona-by-mahnur-lawn-26/","https://cdn.shopify.com/s/files/1/0906/1783/9987/files/18_14acaa6c-4bc0-409e-a670-ba02b4826071.jpg?v=1783158210","Mahnur","Women > Unstitched Suits > Formal"
"FIONA-MHN-LWN-3P-F-04","Fiona By Mahnur | Lawn'26 — F-04","Fiona By Mahnur | Lawn'26 — F-04. 3 Piece unstitched suit by Mahnur. Currently unavailable in the synchronized catalogue.","out of stock","new","8493.00 PKR","https://alhumacollection.com/products/fiona-mhn-lwn-3p-f-04-fiona-by-mahnur-lawn-26/","https://cdn.shopify.com/s/files/1/0906/1783/9987/files/30_e43f4003-3896-49ab-9e9a-5d0bf7adf4ac.jpg?v=1783158202","Mahnur","Women > Unstitched Suits > Formal"
"FIONA-MHN-LWN-3P-F-05","Fiona By Mahnur | Lawn'26 — F-05","Fiona By Mahnur | Lawn'26 — F-05. 3 Piece unstitched suit by Mahnur. Currently unavailable in the synchronized catalogue.","out of stock","new","9390.00 PKR","https://alhumacollection.com/products/fiona-mhn-lwn-3p-f-05-fiona-by-mahnur-lawn-26/","https://cdn.shopify.com/s/files/1/0906/1783/9987/files/42_cd92ea70-d30f-4a0a-954b-2358bb2babcd.jpg?v=1783158203","Mahnur","Women > Unstitched Suits > Formal"
"FIONA-MHN-LWN-3P-F-06","Fiona By Mahnur | Lawn'26 — F-06","Fiona By Mahnur | Lawn'26 — F-06. 3 Piece unstitched suit by Mahnur. Currently unavailable in the synchronized catalogue.","out of stock","new","8493.00 PKR","https://alhumacollection.com/products/fiona-mhn-lwn-3p-f-06-fiona-by-mahnur-lawn-26/","https://cdn.shopify.com/s/files/1/0906/1783/9987/files/9_98385af6-dc3d-47f5-9437-ee2e9d7fada7.jpg?v=1783158205","Mahnur","Women > Unstitched Suits > Formal"
"FIONA-MHN-LWN-3P-F-07","Fiona By Mahnur | Lawn'26 — F-07","Fiona By Mahnur | Lawn'26 — F-07. 3 Piece unstitched suit by Mahnur. Currently unavailable in the synchronized catalogue.","out of stock","new","8493.00 PKR","https://alhumacollection.com/products/fiona-mhn-lwn-3p-f-07-fiona-by-mahnur-lawn-26/","https://cdn.shopify.com/s/files/1/0906/1783/9987/files/27_67feac8f-f65f-498a-8b50-fd03199d9e58.jpg?v=1783158201","Mahnur","Women > Unstitched Suits > Formal"
"FIONA-MHN-LWN-3P-F-08","Fiona By Mahnur | Lawn'26 — F-08","Fiona By Mahnur | Lawn'26 — F-08. 3 Piece unstitched suit by Mahnur. Currently unavailable in the synchronized catalogue.","out of stock","new","8493.00 PKR","https://alhumacollection.com/products/fiona-mhn-lwn-3p-f-08-fiona-by-mahnur-lawn-26/","https://cdn.shopify.com/s/files/1/0906/1783/9987/files/15_a9b5f93f-818f-402c-8a8e-f4bad090e8bf.jpg?v=1783158199","Mahnur","Women > Unstitched Suits > Formal"
"FIONA-MHN-LWN-3P-F-09","Fiona By Mahnur | Lawn'26 — F-09","Fiona By Mahnur | Lawn'26 — F-09. 3 Piece unstitched suit by Mahnur. Currently unavailable in the synchronized catalogue.","out of stock","new","8493.00 PKR","https://alhumacollection.com/products/fiona-mhn-lwn-3p-f-09-fiona-by-mahnur-lawn-26/","https://cdn.shopify.com/s/files/1/0906/1783/9987/files/39_b7e0bfae-70f8-47cf-91bd-986cfcf97c08.jpg?v=1783158195","Mahnur","Women > Unstitched Suits > Formal"
"FIONA-MHN-LWN-3P-F-10","Fiona By Mahnur | Lawn'26 — F-10","Fiona By Mahnur | Lawn'26 — F-10. 3 Piece unstitched suit by Mahnur. Currently unavailable in the synchronized catalogue.","out of stock","new","8493.00 PKR","https://alhumacollection.com/products/fiona-mhn-lwn-3p-f-10-fiona-by-mahnur-lawn-26/","https://cdn.shopify.com/s/files/1/0906/1783/9987/files/12_e41f6151-c9e5-46ab-81b7-6aad3a234cef.jpg?v=1783158197","Mahnur","Women > Unstitched Suits > Formal"
"FIONA-MHN-LWN-3P-F-11","Fiona By Mahnur | Lawn'26 — F-11","Fiona By Mahnur | Lawn'26 — F-11. 3 Piece unstitched suit by Mahnur. Currently unavailable in the synchronized catalogue.","out of stock","new","9390.00 PKR","https://alhumacollection.com/products/fiona-mhn-lwn-3p-f-11-fiona-by-mahnur-lawn-26/","https://cdn.shopify.com/s/files/1/0906/1783/9987/files/24_0117bfac-add2-443a-8fc0-a327991e2864.jpg?v=1783158194","Mahnur","Women > Unstitched Suits > Formal"
"FIONA-MHN-LWN-3P-F-12","Fiona By Mahnur | Lawn'26 — F-12","Fiona By Mahnur | Lawn'26 — F-12. 3 Piece unstitched suit by Mahnur. Currently unavailable in the synchronized catalogue.","out of stock","new","8493.00 PKR","https://alhumacollection.com/products/fiona-mhn-lwn-3p-f-12-fiona-by-mahnur-lawn-26/","https://cdn.shopify.com/s/files/1/0906/1783/9987/files/21_0470226d-fe37-441a-905d-5659fa26f45f.jpg?v=1783158192","Mahnur","Women > Unstitched Suits > Formal"
"FIONA-MHN-LWN-3P-F-13","Fiona By Mahnur | Lawn'26 — F-13","Fiona By Mahnur | Lawn'26 — F-13. 3 Piece unstitched suit by Mahnur. Currently unavailable in the synchronized catalogue.","out of stock","new","8493.00 PKR","https://alhumacollection.com/products/fiona-mhn-lwn-3p-f-13-fiona-by-mahnur-lawn-26/","https://cdn.shopify.com/s/files/1/0906/1783/9987/files/33_86cc55a4-890f-4b03-b8b9-17432fe99715.jpg?v=1783158191","Mahnur","Women > Unstitched Suits > Formal"
"FIONA-MHN-LWN-3P-F-14","Fiona By Mahnur | Lawn'26 — F-14","Fiona By Mahnur | Lawn'26 — F-14. 3 Piece unstitched suit by Mahnur. Currently unavailable in the synchronized catalogue.","out of stock","new","8493.00 PKR","https://alhumacollection.com/products/fiona-mhn-lwn-3p-f-14-fiona-by-mahnur-lawn-26/","https://cdn.shopify.com/s/files/1/0906/1783/9987/files/36_0260632e-15e5-46f4-bfb1-ad86404ab27e.jpg?v=1783158189","Mahnur","Women > Unstitched Suits > Formal"
"GULZAR-G-02","Gulzar | Mahnur | Viscose — LILAC","Gulzar | Mahnur | Viscose — LILAC. 3 Piece unstitched suit by Mahnur. Currently unavailable in the synchronized catalogue.","out of stock","new","8425.00 PKR","https://alhumacollection.com/products/gulzar-g-02-gulzar-mahnur-viscose/","https://cdn.shopify.com/s/files/1/0906/1783/9987/files/G-02_1.webp?v=1783159636","Mahnur","Women > Unstitched Suits > Formal"
"GULZAR-G-06","Gulzar | Mahnur | Viscose — PARROT","Gulzar | Mahnur | Viscose — PARROT. 3 Piece unstitched suit by Mahnur. Currently unavailable in the synchronized catalogue.","out of stock","new","8425.00 PKR","https://alhumacollection.com/products/gulzar-g-06-gulzar-mahnur-viscose/","https://cdn.shopify.com/s/files/1/0906/1783/9987/files/G-06_5.webp?v=1783159629","Mahnur","Women > Unstitched Suits > Formal"
"GULZAR-G-08","Gulzar | Mahnur | Viscose — ZINC","Gulzar | Mahnur | Viscose — ZINC. 3 Piece unstitched suit by Mahnur. Currently unavailable in the synchronized catalogue.","out of stock","new","9385.00 PKR","https://alhumacollection.com/products/gulzar-g-08-gulzar-mahnur-viscose/","https://cdn.shopify.com/s/files/1/0906/1783/9987/files/G-09_2.webp?v=1783159626","Mahnur","Women > Unstitched Suits > Formal"
"JAHAAN-MHNR-3P-MJ-01","Jahaan By Mahnur | Lawn'26 — MJ-01","Jahaan By Mahnur | Lawn'26 — MJ-01. 3 Piece unstitched suit by Mahnur. Currently unavailable in the synchronized catalogue.","out of stock","new","7743.00 PKR","https://alhumacollection.com/products/jahaan-mhnr-3p-mj-01-jahaan-by-mahnur-lawn-26/","https://cdn.shopify.com/s/files/1/0906/1783/9987/files/29_88ddca03-7f1e-4f2a-9c74-63d3b568d1a4.jpg?v=1783158106","Mahnur","Women > Unstitched Suits > Formal"
"JAHAAN-MHNR-3P-MJ-04","Jahaan By Mahnur | Lawn'26 — MJ-04","Jahaan By Mahnur | Lawn'26 — MJ-04. 3 Piece unstitched suit by Mahnur. Currently unavailable in the synchronized catalogue.","out of stock","new","7743.00 PKR","https://alhumacollection.com/products/jahaan-mhnr-3p-mj-04-jahaan-by-mahnur-lawn-26/","https://cdn.shopify.com/s/files/1/0906/1783/9987/files/14_e5c0a35e-d332-49b8-a095-b7b6eb63c718.jpg?v=1783158100","Mahnur","Women > Unstitched Suits > Formal"
"JAHAAN-MHNR-3P-MJ-06","Jahaan By Mahnur | Lawn'26 — MJ-06","Jahaan By Mahnur | Lawn'26 — MJ-06. 3 Piece unstitched suit by Mahnur. Currently unavailable in the synchronized catalogue.","out of stock","new","8590.00 PKR","https://alhumacollection.com/products/jahaan-mhnr-3p-mj-06-jahaan-by-mahnur-lawn-26/","https://cdn.shopify.com/s/files/1/0906/1783/9987/files/26_e2397e60-d060-49d7-a733-8d2a3f44a2cf.jpg?v=1783158097","Mahnur","Women > Unstitched Suits > Formal"
"JAHAAN-MHNR-3P-MJ-07","Jahaan By Mahnur | Lawn'26 — MJ-07","Jahaan By Mahnur | Lawn'26 — MJ-07. 3 Piece unstitched suit by Mahnur. Currently unavailable in the synchronized catalogue.","out of stock","new","8590.00 PKR","https://alhumacollection.com/products/jahaan-mhnr-3p-mj-07-jahaan-by-mahnur-lawn-26/","https://cdn.shopify.com/s/files/1/0906/1783/9987/files/8_ef74ce89-fff8-417e-a5f9-2894d9aab0f2.jpg?v=1783158095","Mahnur","Women > Unstitched Suits > Formal"
"JAHAAN-MHNR-3P-MJ-08","Jahaan By Mahnur | Lawn'26 — MJ-08","Jahaan By Mahnur | Lawn'26 — MJ-08. 3 Piece unstitched suit by Mahnur. Currently unavailable in the synchronized catalogue.","out of stock","new","8590.00 PKR","https://alhumacollection.com/products/jahaan-mhnr-3p-mj-08-jahaan-by-mahnur-lawn-26/","https://cdn.shopify.com/s/files/1/0906/1783/9987/files/11_7ce52bfe-4a80-44d5-a6b8-cc51fb80c386.jpg?v=1783158100","Mahnur","Women > Unstitched Suits > Formal"
"JAHAAN-MHNR-3P-MJ-10","Jahaan By Mahnur | Lawn'26 — MJ-10","Jahaan By Mahnur | Lawn'26 — MJ-10. 3 Piece unstitched suit by Mahnur. Currently unavailable in the synchronized catalogue.","out of stock","new","8590.00 PKR","https://alhumacollection.com/products/jahaan-mhnr-3p-mj-10-jahaan-by-mahnur-lawn-26/","https://cdn.shopify.com/s/files/1/0906/1783/9987/files/5_88c10114-f6f5-4cc1-864c-7ff17e06b7eb.jpg?v=1783158091","Mahnur","Women > Unstitched Suits > Formal"
"KAIA-LUXURY-MAHNUR-06","Kaia | Mahnur | Slub Linen — 6","Kaia | Mahnur | Slub Linen — 6. 3 Piece unstitched suit by Mahnur. Currently unavailable in the synchronized catalogue.","out of stock","new","8118.00 PKR","https://alhumacollection.com/products/kaia-luxury-mahnur-06-kaia-mahnur-slub-linen/","https://cdn.shopify.com/s/files/1/0906/1783/9987/files/K-06_1.webp?v=1783159500","Mahnur","Women > Unstitched Suits > Formal"
"LEILA-MHN-LWN-L-01","Leila By Mahnur | Lawn'26 — L-01","Leila By Mahnur | Lawn'26 — L-01. 3 Piece unstitched suit by Mahnur. Currently unavailable in the synchronized catalogue.","out of stock","new","8118.00 PKR","https://alhumacollection.com/products/leila-mhn-lwn-l-01-leila-by-mahnur-lawn-26/","https://cdn.shopify.com/s/files/1/0906/1783/9987/files/19_fe8a79b6-aaea-4ee5-8174-56dbcd4e630a.jpg?v=1783158508","Mahnur","Women > Unstitched Suits > Formal"
"LEILA-MHN-LWN-L-03","Leila By Mahnur | Lawn'26 — L-03","Leila By Mahnur | Lawn'26 — L-03. 3 Piece unstitched suit by Mahnur. Currently unavailable in the synchronized catalogue.","out of stock","new","9000.00 PKR","https://alhumacollection.com/products/leila-mhn-lwn-l-03-leila-by-mahnur-lawn-26/","https://cdn.shopify.com/s/files/1/0906/1783/9987/files/7_39654077-7fa7-476b-bc6e-e9eefcdee314.jpg?v=1783158510","Mahnur","Women > Unstitched Suits > Formal"
"LEILA-MHN-LWN-L-06","Leila By Mahnur | Lawn'26 — L-06","Leila By Mahnur | Lawn'26 — L-06. 3 Piece unstitched suit by Mahnur. Currently unavailable in the synchronized catalogue.","out of stock","new","8118.00 PKR","https://alhumacollection.com/products/leila-mhn-lwn-l-06-leila-by-mahnur-lawn-26/","https://cdn.shopify.com/s/files/1/0906/1783/9987/files/40_11cfaec1-2ad9-4884-ba33-1f1a7f764d43.jpg?v=1783158502","Mahnur","Women > Unstitched Suits > Formal"
"LEILA-MHN-LWN-L-07","Leila By Mahnur | Lawn'26 — L-07","Leila By Mahnur | Lawn'26 — L-07. 3 Piece unstitched suit by Mahnur. Currently unavailable in the synchronized catalogue.","out of stock","new","8118.00 PKR","https://alhumacollection.com/products/leila-mhn-lwn-l-07-leila-by-mahnur-lawn-26/","https://cdn.shopify.com/s/files/1/0906/1783/9987/files/37_e7d1d398-683e-4ff4-9557-2df11a7472cb.jpg?v=1783158504","Mahnur","Women > Unstitched Suits > Formal"
"LEILA-MHN-LWN-L-08","Leila By Mahnur | Lawn'26 — L-08","Leila By Mahnur | Lawn'26 — L-08. 3 Piece unstitched suit by Mahnur. Currently unavailable in the synchronized catalogue.","out of stock","new","9000.00 PKR","https://alhumacollection.com/products/leila-mhn-lwn-l-08-leila-by-mahnur-lawn-26/","https://cdn.shopify.com/s/files/1/0906/1783/9987/files/22_ea621f7f-82ff-4826-a1ed-3e80a592ded5.jpg?v=1783158501","Mahnur","Women > Unstitched Suits > Formal"
"LEILA-MHN-LWN-L-12","Leila By Mahnur | Lawn'26 — L-12","Leila By Mahnur | Lawn'26 — L-12. 3 Piece unstitched suit by Mahnur. Currently unavailable in the synchronized catalogue.","out of stock","new","9000.00 PKR","https://alhumacollection.com/products/leila-mhn-lwn-l-12-leila-by-mahnur-lawn-26/","https://cdn.shopify.com/s/files/1/0906/1783/9987/files/1_441e5a69-ebf7-4d8f-82fc-af90b003a88f.jpg?v=1783158495","Mahnur","Women > Unstitched Suits > Formal"
"LEILA-MHN-LWN-L-13","Leila By Mahnur | Lawn'26 — L-13","Leila By Mahnur | Lawn'26 — L-13. 3 Piece unstitched suit by Mahnur. Currently unavailable in the synchronized catalogue.","out of stock","new","8118.00 PKR","https://alhumacollection.com/products/leila-mhn-lwn-l-13-leila-by-mahnur-lawn-26/","https://cdn.shopify.com/s/files/1/0906/1783/9987/files/28_731af615-496d-4773-ae92-603253d3ed33.jpg?v=1783158493","Mahnur","Women > Unstitched Suits > Formal"
"LEILA-MHN-LWN-L-14","Leila By Mahnur | Lawn'26 — L-14","Leila By Mahnur | Lawn'26 — L-14. 3 Piece unstitched suit by Mahnur. Currently unavailable in the synchronized catalogue.","out of stock","new","9000.00 PKR","https://alhumacollection.com/products/leila-mhn-lwn-l-14-leila-by-mahnur-lawn-26/","https://cdn.shopify.com/s/files/1/0906/1783/9987/files/13_dd087bb6-9117-4341-a078-2064dcb3969f.jpg?v=1783158492","Mahnur","Women > Unstitched Suits > Formal"
"NILOFER-MHN-LWN-NL-02","Nilofer By Mahnur | Lawn'26 — NL-02","Nilofer By Mahnur | Lawn'26 — NL-02. 3 Piece unstitched suit by Mahnur. Currently unavailable in the synchronized catalogue.","out of stock","new","11090.00 PKR","https://alhumacollection.com/products/nilofer-mhn-lwn-nl-02-nilofer-by-mahnur-lawn-26/","https://cdn.shopify.com/s/files/1/0906/1783/9987/files/47_d473f1f2-3c8d-4c60-98c6-268823dba25c.jpg?v=1783157936","Mahnur","Women > Unstitched Suits > Formal"
"NILOFER-MHN-LWN-NL-03","Nilofer By Mahnur | Lawn'26 — NL-03","Nilofer By Mahnur | Lawn'26 — NL-03. 3 Piece unstitched suit by Mahnur. Currently unavailable in the synchronized catalogue.","out of stock","new","9993.00 PKR","https://alhumacollection.com/products/nilofer-mhn-lwn-nl-03-nilofer-by-mahnur-lawn-26/","https://cdn.shopify.com/s/files/1/0906/1783/9987/files/55_846ebc56-65e0-4d13-9fae-7545a6aa54f2.jpg?v=1783157934","Mahnur","Women > Unstitched Suits > Formal"
"NILOFER-MHN-LWN-NL-04","Nilofer By Mahnur | Lawn'26 — NL-04","Nilofer By Mahnur | Lawn'26 — NL-04. 3 Piece unstitched suit by Mahnur. Currently unavailable in the synchronized catalogue.","out of stock","new","9993.00 PKR","https://alhumacollection.com/products/nilofer-mhn-lwn-nl-04-nilofer-by-mahnur-lawn-26/","https://cdn.shopify.com/s/files/1/0906/1783/9987/files/11_d748b1fc-6d09-4991-ae57-311cf3f753db.jpg?v=1783157929","Mahnur","Women > Unstitched Suits > Formal"
"NILOFER-MHN-LWN-NL-07","Nilofer By Mahnur | Lawn'26 — NL-07","Nilofer By Mahnur | Lawn'26 — NL-07. 3 Piece unstitched suit by Mahnur. Currently unavailable in the synchronized catalogue.","out of stock","new","9993.00 PKR","https://alhumacollection.com/products/nilofer-mhn-lwn-nl-07-nilofer-by-mahnur-lawn-26/","https://cdn.shopify.com/s/files/1/0906/1783/9987/files/27_26f4d8ba-7955-4bb1-a2b3-1afc84e4f10b.jpg?v=1783157927","Mahnur","Women > Unstitched Suits > Formal"
"NILOFER-MHN-LWN-NL-08","Nilofer By Mahnur | Lawn'26 — NL-08","Nilofer By Mahnur | Lawn'26 — NL-08. 3 Piece unstitched suit by Mahnur. Currently unavailable in the synchronized catalogue.","out of stock","new","11090.00 PKR","https://alhumacollection.com/products/nilofer-mhn-lwn-nl-08-nilofer-by-mahnur-lawn-26/","https://cdn.shopify.com/s/files/1/0906/1783/9987/files/31_53d0d487-e590-4533-a45a-d8ef03579a18.jpg?v=1783157926","Mahnur","Women > Unstitched Suits > Formal"
"NILOFER-MHN-LWN-NL-10","Nilofer By Mahnur | Lawn'26 — NL-10","Nilofer By Mahnur | Lawn'26 — NL-10. 3 Piece unstitched suit by Mahnur. Currently unavailable in the synchronized catalogue.","out of stock","new","11090.00 PKR","https://alhumacollection.com/products/nilofer-mhn-lwn-nl-10-nilofer-by-mahnur-lawn-26/","https://cdn.shopify.com/s/files/1/0906/1783/9987/files/43_3493c09f-6987-4b12-9fc6-431a364125f3.jpg?v=1783157924","Mahnur","Women > Unstitched Suits > Formal"
"NILOFER-MHN-LWN-NL-11","Nilofer By Mahnur | Lawn'26 — NL-11","Nilofer By Mahnur | Lawn'26 — NL-11. 3 Piece unstitched suit by Mahnur. Currently unavailable in the synchronized catalogue.","out of stock","new","11090.00 PKR","https://alhumacollection.com/products/nilofer-mhn-lwn-nl-11-nilofer-by-mahnur-lawn-26/","https://cdn.shopify.com/s/files/1/0906/1783/9987/files/7_91ac126a-394a-4877-9835-f49681e51a0c.jpg?v=1783157923","Mahnur","Women > Unstitched Suits > Formal"
"NILOFER-MHN-LWN-NL-12","Nilofer By Mahnur | Lawn'26 — NL-12","Nilofer By Mahnur | Lawn'26 — NL-12. 3 Piece unstitched suit by Mahnur. Currently unavailable in the synchronized catalogue.","out of stock","new","11090.00 PKR","https://alhumacollection.com/products/nilofer-mhn-lwn-nl-12-nilofer-by-mahnur-lawn-26/","https://cdn.shopify.com/s/files/1/0906/1783/9987/files/3_a32e6099-5f87-4cbe-9d24-10764b57c9c5.jpg?v=1783157918","Mahnur","Women > Unstitched Suits > Formal"
"NILOFER-MHN-LWN-NL-13","Nilofer By Mahnur | Lawn'26 — NL-13","Nilofer By Mahnur | Lawn'26 — NL-13. 3 Piece unstitched suit by Mahnur. Currently unavailable in the synchronized catalogue.","out of stock","new","11090.00 PKR","https://alhumacollection.com/products/nilofer-mhn-lwn-nl-13-nilofer-by-mahnur-lawn-26/","https://cdn.shopify.com/s/files/1/0906/1783/9987/files/51_e665fd8f-bd74-42ec-a5aa-e7553828159a.jpg?v=1783157919","Mahnur","Women > Unstitched Suits > Formal"
"NILOFER-MHN-LWN-NL-14","Nilofer By Mahnur | Lawn'26 — NL-14","Nilofer By Mahnur | Lawn'26 — NL-14. 3 Piece unstitched suit by Mahnur. Currently unavailable in the synchronized catalogue.","out of stock","new","9993.00 PKR","https://alhumacollection.com/products/nilofer-mhn-lwn-nl-14-nilofer-by-mahnur-lawn-26/","https://cdn.shopify.com/s/files/1/0906/1783/9987/files/23_31c97626-cc5f-4b8d-b355-11a858563575.jpg?v=1783157916","Mahnur","Women > Unstitched Suits > Formal"
"PAKEEZAH-PK-10","Pakeezah | Luxury | Mahnur — CREAM","Pakeezah | Luxury | Mahnur — CREAM. 3 Piece unstitched suit by Mahnur. Currently unavailable in the synchronized catalogue.","out of stock","new","12993.00 PKR","https://alhumacollection.com/products/pakeezah-pk-10-pakeezah-luxury-mahnur/","https://cdn.shopify.com/s/files/1/0906/1783/9987/files/NEHA_14.webp?v=1783159681","Mahnur","Women > Unstitched Suits > Luxury"
"PAKEEZAH-PK-04","Pakeezah | Luxury | Mahnur — MEHNDI","Pakeezah | Luxury | Mahnur — MEHNDI. 3 Piece unstitched suit by Mahnur. Currently unavailable in the synchronized catalogue.","out of stock","new","12993.00 PKR","https://alhumacollection.com/products/pakeezah-pk-04-pakeezah-luxury-mahnur/","https://cdn.shopify.com/s/files/1/0906/1783/9987/files/HANIYE_6.webp?v=1783159690","Mahnur","Women > Unstitched Suits > Luxury"
"PAKEEZAH-PK-07","Pakeezah | Luxury | Mahnur — SATRANGI","Pakeezah | Luxury | Mahnur — SATRANGI. 3 Piece unstitched suit by Mahnur. Currently unavailable in the synchronized catalogue.","out of stock","new","12993.00 PKR","https://alhumacollection.com/products/pakeezah-pk-07-pakeezah-luxury-mahnur/","https://cdn.shopify.com/s/files/1/0906/1783/9987/files/NAZGUL_1.webp?v=1783159685","Mahnur","Women > Unstitched Suits > Luxury"
"SATRANGI-MHN-LWN-ST-01","Satrangi By Mahnur | Lawn'26 — ST-01","Satrangi By Mahnur | Lawn'26 — ST-01. 3 Piece unstitched suit by Mahnur. Currently unavailable in the synchronized catalogue.","out of stock","new","9243.00 PKR","https://alhumacollection.com/products/satrangi-mhn-lwn-st-01-satrangi-by-mahnur-lawn-26/","https://cdn.shopify.com/s/files/1/0906/1783/9987/files/5_1135b592-dcf4-4071-905e-0fad42c48d5b.jpg?v=1783158072","Mahnur","Women > Unstitched Suits > Formal"
"SATRANGI-MHN-LWN-ST-02","Satrangi By Mahnur | Lawn'26 — ST-02","Satrangi By Mahnur | Lawn'26 — ST-02. 3 Piece unstitched suit by Mahnur. Currently unavailable in the synchronized catalogue.","out of stock","new","9243.00 PKR","https://alhumacollection.com/products/satrangi-mhn-lwn-st-02-satrangi-by-mahnur-lawn-26/","https://cdn.shopify.com/s/files/1/0906/1783/9987/files/35_e4aa9d8b-25a4-46a3-a2a2-9d26864ceaf4.jpg?v=1783158069","Mahnur","Women > Unstitched Suits > Formal"
"SATRANGI-MHN-LWN-ST-03","Satrangi By Mahnur | Lawn'26 — ST-03","Satrangi By Mahnur | Lawn'26 — ST-03. 3 Piece unstitched suit by Mahnur. Currently unavailable in the synchronized catalogue.","out of stock","new","9243.00 PKR","https://alhumacollection.com/products/satrangi-mhn-lwn-st-03-satrangi-by-mahnur-lawn-26/","https://cdn.shopify.com/s/files/1/0906/1783/9987/files/17_6b69fa73-499d-44b9-ba3f-ffd9c1237056.jpg?v=1783158071","Mahnur","Women > Unstitched Suits > Formal"
"SATRANGI-MHN-LWN-ST-04","Satrangi By Mahnur | Lawn'26 — ST-04","Satrangi By Mahnur | Lawn'26 — ST-04. 3 Piece unstitched suit by Mahnur. Currently unavailable in the synchronized catalogue.","out of stock","new","9243.00 PKR","https://alhumacollection.com/products/satrangi-mhn-lwn-st-04-satrangi-by-mahnur-lawn-26/","https://cdn.shopify.com/s/files/1/0906/1783/9987/files/11_efbd93b6-6039-4e3b-9920-7a1fc2065188.jpg?v=1783158066","Mahnur","Women > Unstitched Suits > Formal"
"SATRANGI-MHN-LWN-ST-05","Satrangi By Mahnur | Lawn'26 — ST-05","Satrangi By Mahnur | Lawn'26 — ST-05. 3 Piece unstitched suit by Mahnur. Currently unavailable in the synchronized catalogue.","out of stock","new","9243.00 PKR","https://alhumacollection.com/products/satrangi-mhn-lwn-st-05-satrangi-by-mahnur-lawn-26/","https://cdn.shopify.com/s/files/1/0906/1783/9987/files/20_c051ba34-acf5-40f9-b90a-e8d0ff10c06d.jpg?v=1783158067","Mahnur","Women > Unstitched Suits > Formal"
"SATRANGI-MHN-LWN-ST-06","Satrangi By Mahnur | Lawn'26 — ST-06","Satrangi By Mahnur | Lawn'26 — ST-06. 3 Piece unstitched suit by Mahnur. Currently unavailable in the synchronized catalogue.","out of stock","new","10190.00 PKR","https://alhumacollection.com/products/satrangi-mhn-lwn-st-06-satrangi-by-mahnur-lawn-26/","https://cdn.shopify.com/s/files/1/0906/1783/9987/files/8_c2aba0e2-35e3-4d06-8045-3f360a29d8ab.jpg?v=1783158063","Mahnur","Women > Unstitched Suits > Formal"
"SATRANGI-MHN-LWN-ST-07","Satrangi By Mahnur | Lawn'26 — ST-07","Satrangi By Mahnur | Lawn'26 — ST-07. 3 Piece unstitched suit by Mahnur. Currently unavailable in the synchronized catalogue.","out of stock","new","10190.00 PKR","https://alhumacollection.com/products/satrangi-mhn-lwn-st-07-satrangi-by-mahnur-lawn-26/","https://cdn.shopify.com/s/files/1/0906/1783/9987/files/14_6af4e0ff-ed70-4b10-9368-a4595128a297.jpg?v=1783158064","Mahnur","Women > Unstitched Suits > Formal"
"SATRANGI-MHN-LWN-ST-08","Satrangi By Mahnur | Lawn'26 — ST-08","Satrangi By Mahnur | Lawn'26 — ST-08. 3 Piece unstitched suit by Mahnur. Currently unavailable in the synchronized catalogue.","out of stock","new","9243.00 PKR","https://alhumacollection.com/products/satrangi-mhn-lwn-st-08-satrangi-by-mahnur-lawn-26/","https://cdn.shopify.com/s/files/1/0906/1783/9987/files/32_f889ac72-ffac-41c2-8f71-03879957f7ef.jpg?v=1783158060","Mahnur","Women > Unstitched Suits > Formal"
"SATRANGI-MHN-LWN-ST-09","Satrangi By Mahnur | Lawn'26 — ST-09","Satrangi By Mahnur | Lawn'26 — ST-09. 3 Piece unstitched suit by Mahnur. Currently unavailable in the synchronized catalogue.","out of stock","new","9243.00 PKR","https://alhumacollection.com/products/satrangi-mhn-lwn-st-09-satrangi-by-mahnur-lawn-26/","https://cdn.shopify.com/s/files/1/0906/1783/9987/files/2_96b54460-00a2-4b41-974d-9bf48a527f93.jpg?v=1783158062","Mahnur","Women > Unstitched Suits > Formal"
"SATRANGI-MHN-LWN-ST-10","Satrangi By Mahnur | Lawn'26 — ST-10","Satrangi By Mahnur | Lawn'26 — ST-10. 3 Piece unstitched suit by Mahnur. Currently unavailable in the synchronized catalogue.","out of stock","new","10190.00 PKR","https://alhumacollection.com/products/satrangi-mhn-lwn-st-10-satrangi-by-mahnur-lawn-26/","https://cdn.shopify.com/s/files/1/0906/1783/9987/files/29_0e0deb43-7574-40f1-bdcf-2d1b67be7e98.jpg?v=1783158057","Mahnur","Women > Unstitched Suits > Formal"
"SATRANGI-MHN-LWN-ST-11","Satrangi By Mahnur | Lawn'26 — ST-11","Satrangi By Mahnur | Lawn'26 — ST-11. 3 Piece unstitched suit by Mahnur. Currently unavailable in the synchronized catalogue.","out of stock","new","10190.00 PKR","https://alhumacollection.com/products/satrangi-mhn-lwn-st-11-satrangi-by-mahnur-lawn-26/","https://cdn.shopify.com/s/files/1/0906/1783/9987/files/26_168742b9-b0c1-4155-8776-75abe66c9910.jpg?v=1783158059","Mahnur","Women > Unstitched Suits > Formal"
"SATRANGI-MHN-LWN-ST-12","Satrangi By Mahnur | Lawn'26 — ST-12","Satrangi By Mahnur | Lawn'26 — ST-12. 3 Piece unstitched suit by Mahnur. Currently unavailable in the synchronized catalogue.","out of stock","new","10190.00 PKR","https://alhumacollection.com/products/satrangi-mhn-lwn-st-12-satrangi-by-mahnur-lawn-26/","https://cdn.shopify.com/s/files/1/0906/1783/9987/files/23_871043e8-9dbc-4b17-8c57-53cbe08371a1.jpg?v=1783158056","Mahnur","Women > Unstitched Suits > Formal"
"MARIAB-FEROZI-3PC-AK20","Maria B Luxury Embroidered Lawn 3PC — FEROZI","Maria B Luxury Embroidered Lawn 3PC — FEROZI. 3 Piece unstitched suit by Maria B. Currently unavailable in the synchronized catalogue.","out of stock","new","8500.00 PKR","https://alhumacollection.com/products/mariab-ferozi-3pc-ak20-maria-b-luxury-embroidered-lawn-3pc/","https://cdn.shopify.com/s/files/1/0906/1783/9987/files/4D1B1ACA-2693-4240-A1EC-A8DC287B68DC.jpg?v=1783157565","Maria B","Women > Unstitched Suits > Luxury"
"RR-BLACK-3PC-AK04","Rang Rasiya Luxury Embroidered Lawn 3PC — BLACK","Rang Rasiya Luxury Embroidered Lawn 3PC — BLACK. 3 Piece unstitched suit by Rang Rasiya. Currently unavailable in the synchronized catalogue.","out of stock","new","8500.00 PKR","https://alhumacollection.com/products/rr-black-3pc-ak04-rang-rasiya-luxury-embroidered-lawn-3pc/","https://cdn.shopify.com/s/files/1/0906/1783/9987/files/336261EF-922A-4129-9D2B-F9A21B72956F.jpg?v=1783157552","Rang Rasiya","Women > Unstitched Suits > Luxury"
"RR-MAROON-3PC-AK04","Rang Rasiya Luxury Embroidered Lawn 3PC — MAROON","Rang Rasiya Luxury Embroidered Lawn 3PC — MAROON. 3 Piece unstitched suit by Rang Rasiya. Currently unavailable in the synchronized catalogue.","out of stock","new","8500.00 PKR","https://alhumacollection.com/products/rr-maroon-3pc-ak04-rang-rasiya-luxury-embroidered-lawn-3pc/","https://cdn.shopify.com/s/files/1/0906/1783/9987/files/7A05D48B-9745-467A-B12A-267EF44E157F.jpg?v=1783157552","Rang Rasiya","Women > Unstitched Suits > Luxury"
"HELEIA-TWKL-LWN-D-3019","Heleia By Tawakkal | Lawn'26 — D-3019","Heleia By Tawakkal | Lawn'26 — D-3019. 3 Piece unstitched suit by Tawakkal. Currently unavailable in the synchronized catalogue.","out of stock","new","9190.00 PKR","https://alhumacollection.com/products/heleia-twkl-lwn-d-3019-heleia-by-tawakkal-lawn-26/","https://cdn.shopify.com/s/files/1/0906/1783/9987/files/3_b113c50e-1af8-4879-ae3d-9e859e37abd1.jpg?v=1783158017","Tawakkal","Women > Unstitched Suits > Formal"
"HELEIA-TWKL-LWN-D-3020","Heleia By Tawakkal | Lawn'26 — D-3020","Heleia By Tawakkal | Lawn'26 — D-3020. 3 Piece unstitched suit by Tawakkal. Currently unavailable in the synchronized catalogue.","out of stock","new","9190.00 PKR","https://alhumacollection.com/products/heleia-twkl-lwn-d-3020-heleia-by-tawakkal-lawn-26/","https://cdn.shopify.com/s/files/1/0906/1783/9987/files/6_af36bdb4-b975-4d5b-91ad-02ed2768ff8d.jpg?v=1783158016","Tawakkal","Women > Unstitched Suits > Formal"
"HELEIA-TWKL-LWN-D-3021","Heleia By Tawakkal | Lawn'26 — D-3021","Heleia By Tawakkal | Lawn'26 — D-3021. 3 Piece unstitched suit by Tawakkal. Currently unavailable in the synchronized catalogue.","out of stock","new","9190.00 PKR","https://alhumacollection.com/products/heleia-twkl-lwn-d-3021-heleia-by-tawakkal-lawn-26/","https://cdn.shopify.com/s/files/1/0906/1783/9987/files/9_51159f6a-c50c-43bb-955e-80992f787a83.jpg?v=1783158014","Tawakkal","Women > Unstitched Suits > Formal"
"HELEIA-TWKL-LWN-D-3022","Heleia By Tawakkal | Lawn'26 — D-3022","Heleia By Tawakkal | Lawn'26 — D-3022. 3 Piece unstitched suit by Tawakkal. Currently unavailable in the synchronized catalogue.","out of stock","new","9190.00 PKR","https://alhumacollection.com/products/heleia-twkl-lwn-d-3022-heleia-by-tawakkal-lawn-26/","https://cdn.shopify.com/s/files/1/0906/1783/9987/files/12_f1669ecb-97d4-4acc-ac07-9bbe4ccf8d60.jpg?v=1783158013","Tawakkal","Women > Unstitched Suits > Formal"
"HELEIA-TWKL-LWN-D-3023","Heleia By Tawakkal | Lawn'26 — D-3023","Heleia By Tawakkal | Lawn'26 — D-3023. 3 Piece unstitched suit by Tawakkal. Currently unavailable in the synchronized catalogue.","out of stock","new","9190.00 PKR","https://alhumacollection.com/products/heleia-twkl-lwn-d-3023-heleia-by-tawakkal-lawn-26/","https://cdn.shopify.com/s/files/1/0906/1783/9987/files/15_10452265-e3d3-4d9f-8dcb-89f906ab97cd.jpg?v=1783158008","Tawakkal","Women > Unstitched Suits > Formal"
"HELEIA-TWKL-LWN-D-3024","Heleia By Tawakkal | Lawn'26 — D-3024","Heleia By Tawakkal | Lawn'26 — D-3024. 3 Piece unstitched suit by Tawakkal. Currently unavailable in the synchronized catalogue.","out of stock","new","9190.00 PKR","https://alhumacollection.com/products/heleia-twkl-lwn-d-3024-heleia-by-tawakkal-lawn-26/","https://cdn.shopify.com/s/files/1/0906/1783/9987/files/19_7ba24d1b-7161-4cb0-83c8-de9b5edea054.jpg?v=1783158010","Tawakkal","Women > Unstitched Suits > Formal"
"HELEIA-TWKL-LWN-D-3025","Heleia By Tawakkal | Lawn'26 — D-3025","Heleia By Tawakkal | Lawn'26 — D-3025. 3 Piece unstitched suit by Tawakkal. Currently unavailable in the synchronized catalogue.","out of stock","new","9190.00 PKR","https://alhumacollection.com/products/heleia-twkl-lwn-d-3025-heleia-by-tawakkal-lawn-26/","https://cdn.shopify.com/s/files/1/0906/1783/9987/files/21_7df3d894-44d3-4b17-9a4c-476af12ea970.jpg?v=1783158011","Tawakkal","Women > Unstitched Suits > Formal"
"ZAYLEE-TWKL-LWN-D-2831","Zaylee By Tawakkal | Lawn'26 — D-2831","Zaylee By Tawakkal | Lawn'26 — D-2831. 3 Piece unstitched suit by Tawakkal. Currently unavailable in the synchronized catalogue.","out of stock","new","11490.00 PKR","https://alhumacollection.com/products/zaylee-twkl-lwn-d-2831-zaylee-by-tawakkal-lawn-26/","https://cdn.shopify.com/s/files/1/0906/1783/9987/files/1673_2.png?v=1783158043","Tawakkal","Women > Unstitched Suits > Formal"
"ZAYLEE-TWKL-LWN-D-2832","Zaylee By Tawakkal | Lawn'26 — D-2832","Zaylee By Tawakkal | Lawn'26 — D-2832. 3 Piece unstitched suit by Tawakkal. Currently unavailable in the synchronized catalogue.","out of stock","new","11490.00 PKR","https://alhumacollection.com/products/zaylee-twkl-lwn-d-2832-zaylee-by-tawakkal-lawn-26/","https://cdn.shopify.com/s/files/1/0906/1783/9987/files/1674_2.png?v=1783158045","Tawakkal","Women > Unstitched Suits > Formal"
"ZAYLEE-TWKL-LWN-D-2833","Zaylee By Tawakkal | Lawn'26 — D-2833","Zaylee By Tawakkal | Lawn'26 — D-2833. 3 Piece unstitched suit by Tawakkal. Currently unavailable in the synchronized catalogue.","out of stock","new","11490.00 PKR","https://alhumacollection.com/products/zaylee-twkl-lwn-d-2833-zaylee-by-tawakkal-lawn-26/","https://cdn.shopify.com/s/files/1/0906/1783/9987/files/1675_3.png?v=1783158045","Tawakkal","Women > Unstitched Suits > Formal"
"ZAYLEE-TWKL-LWN-D-2834","Zaylee By Tawakkal | Lawn'26 — D-2834","Zaylee By Tawakkal | Lawn'26 — D-2834. 3 Piece unstitched suit by Tawakkal. Currently unavailable in the synchronized catalogue.","out of stock","new","11490.00 PKR","https://alhumacollection.com/products/zaylee-twkl-lwn-d-2834-zaylee-by-tawakkal-lawn-26/","https://cdn.shopify.com/s/files/1/0906/1783/9987/files/1676_4.png?v=1783158050","Tawakkal","Women > Unstitched Suits > Formal"
"ZAYLEE-TWKL-LWN-D-2835","Zaylee By Tawakkal | Lawn'26 — D-2835","Zaylee By Tawakkal | Lawn'26 — D-2835. 3 Piece unstitched suit by Tawakkal. Currently unavailable in the synchronized catalogue.","out of stock","new","11490.00 PKR","https://alhumacollection.com/products/zaylee-twkl-lwn-d-2835-zaylee-by-tawakkal-lawn-26/","https://cdn.shopify.com/s/files/1/0906/1783/9987/files/1677_3.png?v=1783158048","Tawakkal","Women > Unstitched Suits > Formal"
"ZAYLEE-TWKL-LWN-D-2836","Zaylee By Tawakkal | Lawn'26 — D-2836","Zaylee By Tawakkal | Lawn'26 — D-2836. 3 Piece unstitched suit by Tawakkal. Currently unavailable in the synchronized catalogue.","out of stock","new","11490.00 PKR","https://alhumacollection.com/products/zaylee-twkl-lwn-d-2836-zaylee-by-tawakkal-lawn-26/","https://cdn.shopify.com/s/files/1/0906/1783/9987/files/1678_3.png?v=1783158047","Tawakkal","Women > Unstitched Suits > Formal"
"ZE-LWN-MERN-3P-ZE-1002","Zarmeen & Emaan Premium Emb Lawn 3PC — ZE-1002","Zarmeen & Emaan Premium Emb Lawn 3PC — ZE-1002. 3 Piece unstitched suit by Zarmeen & Emaan. Currently unavailable in the synchronized catalogue.","out of stock","new","7495.00 PKR","https://alhumacollection.com/products/ze-lwn-mern-3p-ze-1002-zarmeen-and-emaan-premium-emb-lawn-3pc/","https://cdn.shopify.com/s/files/1/0906/1783/9987/files/2084.jpg?v=1785164553","Zarmeen & Emaan","Women > Unstitched Suits > Formal"
"ZE-LWN-ARSHI-3P-ZE-359","Zarmeen & Emaan Premium Emb Lawn 3PC — ZE-359","Zarmeen & Emaan Premium Emb Lawn 3PC — ZE-359. 3 Piece unstitched suit by Zarmeen & Emaan. Currently unavailable in the synchronized catalogue.","out of stock","new","7495.00 PKR","https://alhumacollection.com/products/ze-lwn-arshi-3p-ze-359-zarmeen-and-emaan-premium-emb-lawn-3pc/","https://cdn.shopify.com/s/files/1/0906/1783/9987/files/9B9DA0B4-80EA-4FDC-ADC3-302EF63212C3.jpg?v=1785501657","Zarmeen & Emaan","Women > Unstitched Suits > Formal"
"ZE-LWN-PINK-3P-ZE-408","Zarmeen & Emaan Premium Emb Lawn 3PC — ZE-408","Zarmeen & Emaan Premium Emb Lawn 3PC — ZE-408. 3 Piece unstitched suit by Zarmeen & Emaan. Currently unavailable in the synchronized catalogue.","out of stock","new","7495.00 PKR","https://alhumacollection.com/products/ze-lwn-pink-3p-ze-408-zarmeen-and-emaan-premium-emb-lawn-3pc/","https://cdn.shopify.com/s/files/1/0906/1783/9987/files/2087.jpg?v=1785164431","Zarmeen & Emaan","Women > Unstitched Suits > Formal"
"ZE-LWN-BRWN-3P-ZE-513","Zarmeen & Emaan Premium Emb Lawn 3PC — ZE-513","Zarmeen & Emaan Premium Emb Lawn 3PC — ZE-513. 3 Piece unstitched suit by Zarmeen & Emaan. Currently unavailable in the synchronized catalogue.","out of stock","new","7495.00 PKR","https://alhumacollection.com/products/ze-lwn-brwn-3p-ze-513-zarmeen-and-emaan-premium-emb-lawn-3pc/","https://cdn.shopify.com/s/files/1/0906/1783/9987/files/2077.jpg?v=1785164707","Zarmeen & Emaan","Women > Unstitched Suits > Formal"
"ZE-LWN-LEMN-3P-ZE-602","Zarmeen & Emaan Premium Emb Lawn 3PC — ZE-602","Zarmeen & Emaan Premium Emb Lawn 3PC — ZE-602. 3 Piece unstitched suit by Zarmeen & Emaan. Currently unavailable in the synchronized catalogue.","out of stock","new","7495.00 PKR","https://alhumacollection.com/products/ze-lwn-lemn-3p-ze-602-zarmeen-and-emaan-premium-emb-lawn-3pc/","https://cdn.shopify.com/s/files/1/0906/1783/9987/files/2088.jpg?v=1785164356","Zarmeen & Emaan","Women > Unstitched Suits > Formal"
"ZE-LWN-BLUE-3P-ZE-606","Zarmeen & Emaan Premium Emb Lawn 3PC — ZE-606","Zarmeen & Emaan Premium Emb Lawn 3PC — ZE-606. 3 Piece unstitched suit by Zarmeen & Emaan. Currently unavailable in the synchronized catalogue.","out of stock","new","7495.00 PKR","https://alhumacollection.com/products/ze-lwn-blue-3p-ze-606-zarmeen-and-emaan-premium-emb-lawn-3pc/","https://cdn.shopify.com/s/files/1/0906/1783/9987/files/2083.jpg?v=1785164596","Zarmeen & Emaan","Women > Unstitched Suits > Formal"
"ZE-LWN-SKIN-3P-ZE-611","Zarmeen & Emaan Premium Emb Lawn 3PC — ZE-611","Zarmeen & Emaan Premium Emb Lawn 3PC — ZE-611. 3 Piece unstitched suit by Zarmeen & Emaan. Currently unavailable in the synchronized catalogue.","out of stock","new","7495.00 PKR","https://alhumacollection.com/products/ze-lwn-skin-3p-ze-611-zarmeen-and-emaan-premium-emb-lawn-3pc/","https://cdn.shopify.com/s/files/1/0906/1783/9987/files/1688C195-019F-4440-8D3B-2B9B24DA718B.jpg?v=1785500766","Zarmeen & Emaan","Women > Unstitched Suits > Formal"
"ZE-LWN-BLUE-3P-ZE-621","Zarmeen & Emaan Premium Emb Lawn 3PC — ZE-621","Zarmeen & Emaan Premium Emb Lawn 3PC — ZE-621. 3 Piece unstitched suit by Zarmeen & Emaan. Currently unavailable in the synchronized catalogue.","out of stock","new","7495.00 PKR","https://alhumacollection.com/products/ze-lwn-blue-3p-ze-621-zarmeen-and-emaan-premium-emb-lawn-3pc/","https://cdn.shopify.com/s/files/1/0906/1783/9987/files/5E7EF5C8-51C8-4C1A-B48D-6479D65CF56C.jpg?v=1785501118","Zarmeen & Emaan","Women > Unstitched Suits > Formal"
"ZE-LWN-MEHN-3P-ZE-622","Zarmeen & Emaan Premium Emb Lawn 3PC — ZE-622","Zarmeen & Emaan Premium Emb Lawn 3PC — ZE-622. 3 Piece unstitched suit by Zarmeen & Emaan. Currently unavailable in the synchronized catalogue.","out of stock","new","7495.00 PKR","https://alhumacollection.com/products/ze-lwn-mehn-3p-ze-622-zarmeen-and-emaan-premium-emb-lawn-3pc/","https://cdn.shopify.com/s/files/1/0906/1783/9987/files/2085.jpg?v=1785164510","Zarmeen & Emaan","Women > Unstitched Suits > Formal"
"ZE-LWN-BLCK-3P-ZE-630","Zarmeen & Emaan Premium Emb Lawn 3PC — ZE-630 — ZE-LWN-BLCK-3P-ZE-630","Zarmeen & Emaan Premium Emb Lawn 3PC — ZE-630 — ZE-LWN-BLCK-3P-ZE-630. 3 Piece unstitched suit by Zarmeen & Emaan. Currently unavailable in the synchronized catalogue.","out of stock","new","7495.00 PKR","https://alhumacollection.com/products/ze-lwn-blck-3p-ze-630-zarmeen-and-emaan-premium-emb-lawn-3pc/","https://cdn.shopify.com/s/files/1/0906/1783/9987/files/2080.jpg?v=1785164673","Zarmeen & Emaan","Women > Unstitched Suits > Formal"
"ZE-LWN-ZINC-3P-ZE-630","Zarmeen & Emaan Premium Emb Lawn 3PC — ZE-630 — ZE-LWN-ZINC-3P-ZE-630","Zarmeen & Emaan Premium Emb Lawn 3PC — ZE-630 — ZE-LWN-ZINC-3P-ZE-630. 3 Piece unstitched suit by Zarmeen & Emaan. Currently unavailable in the synchronized catalogue.","out of stock","new","7495.00 PKR","https://alhumacollection.com/products/ze-lwn-zinc-3p-ze-630-zarmeen-and-emaan-premium-emb-lawn-3pc/","https://cdn.shopify.com/s/files/1/0906/1783/9987/files/2081.jpg?v=1785164643","Zarmeen & Emaan","Women > Unstitched Suits > Formal"
"ZE-LWN-MERN-3P-ZE-633","Zarmeen & Emaan Premium Emb Lawn 3PC — ZE-633","Zarmeen & Emaan Premium Emb Lawn 3PC — ZE-633. 3 Piece unstitched suit by Zarmeen & Emaan. Currently unavailable in the synchronized catalogue.","out of stock","new","7495.00 PKR","https://alhumacollection.com/products/ze-lwn-mern-3p-ze-633-zarmeen-and-emaan-premium-emb-lawn-3pc/","https://cdn.shopify.com/s/files/1/0906/1783/9987/files/8EA9548E-DD13-4EDF-B93B-3BC7EBCFDACE.jpg?v=1785500537","Zarmeen & Emaan","Women > Unstitched Suits > Formal"
"ZE-LWN-ZINC-3P-ZE-662","Zarmeen & Emaan Premium Emb Lawn 3PC — ZE-662","Zarmeen & Emaan Premium Emb Lawn 3PC — ZE-662. 3 Piece unstitched suit by Zarmeen & Emaan. Currently unavailable in the synchronized catalogue.","out of stock","new","7495.00 PKR","https://alhumacollection.com/products/ze-lwn-zinc-3p-ze-662-zarmeen-and-emaan-premium-emb-lawn-3pc/","https://cdn.shopify.com/s/files/1/0906/1783/9987/files/E4337029-8B30-4666-A72C-42AD1536A64D.jpg?v=1785500020","Zarmeen & Emaan","Women > Unstitched Suits > Formal"
"ZE-LWN-ZINC-3P-ZE-671","Zarmeen & Emaan Premium Emb Lawn 3PC — ZE-671","Zarmeen & Emaan Premium Emb Lawn 3PC — ZE-671. 3 Piece unstitched suit by Zarmeen & Emaan. Currently unavailable in the synchronized catalogue.","out of stock","new","7495.00 PKR","https://alhumacollection.com/products/ze-lwn-zinc-3p-ze-671-zarmeen-and-emaan-premium-emb-lawn-3pc/","https://cdn.shopify.com/s/files/1/0906/1783/9987/files/AE5B4DCD-FAE4-4B7E-840D-9DA42714C20A.jpg?v=1785500629","Zarmeen & Emaan","Women > Unstitched Suits > Formal"
"ZE-LWN-PISTA-3P-ZE-706","Zarmeen & Emaan Premium Emb Lawn 3PC — ZE-706 — ZE-LWN-PISTA-3P-ZE-706","Zarmeen & Emaan Premium Emb Lawn 3PC — ZE-706 — ZE-LWN-PISTA-3P-ZE-706. 3 Piece unstitched suit by Zarmeen & Emaan. Currently unavailable in the synchronized catalogue.","out of stock","new","7495.00 PKR","https://alhumacollection.com/products/ze-lwn-pista-3p-ze-706-zarmeen-and-emaan-premium-emb-lawn-3pc/","https://cdn.shopify.com/s/files/1/0906/1783/9987/files/88A186BF-B99F-4100-B48D-183060E075E1.jpg?v=1785501471","Zarmeen & Emaan","Women > Unstitched Suits > Formal"
"ZE-LWN-WHIT-3P-ZE-706","Zarmeen & Emaan Premium Emb Lawn 3PC — ZE-706 — ZE-LWN-WHIT-3P-ZE-706","Zarmeen & Emaan Premium Emb Lawn 3PC — ZE-706 — ZE-LWN-WHIT-3P-ZE-706. 3 Piece unstitched suit by Zarmeen & Emaan. Currently unavailable in the synchronized catalogue.","out of stock","new","7495.00 PKR","https://alhumacollection.com/products/ze-lwn-whit-3p-ze-706-zarmeen-and-emaan-premium-emb-lawn-3pc/","https://cdn.shopify.com/s/files/1/0906/1783/9987/files/7C54AFF9-62A6-4BAD-8087-EA5A10799265.jpg?v=1785501524","Zarmeen & Emaan","Women > Unstitched Suits > Formal"
"ZE-LWN-BLCK-3P-ZE-707","Zarmeen & Emaan Premium Emb Lawn 3PC — ZE-707","Zarmeen & Emaan Premium Emb Lawn 3PC — ZE-707. 3 Piece unstitched suit by Zarmeen & Emaan. Currently unavailable in the synchronized catalogue.","out of stock","new","7495.00 PKR","https://alhumacollection.com/products/ze-lwn-blck-3p-ze-707-zarmeen-and-emaan-premium-emb-lawn-3pc/","https://cdn.shopify.com/s/files/1/0906/1783/9987/files/BB4A2321-ACBC-4A52-8E5E-1CF4DAE782C1.jpg?v=1785500955","Zarmeen & Emaan","Women > Unstitched Suits > Formal"
"ZE-LWN-ARSHI-3P-ZE-713","Zarmeen & Emaan Premium Emb Lawn 3PC — ZE-713","Zarmeen & Emaan Premium Emb Lawn 3PC — ZE-713. 3 Piece unstitched suit by Zarmeen & Emaan. Currently unavailable in the synchronized catalogue.","out of stock","new","7495.00 PKR","https://alhumacollection.com/products/ze-lwn-arshi-3p-ze-713-zarmeen-and-emaan-premium-emb-lawn-3pc/","https://cdn.shopify.com/s/files/1/0906/1783/9987/files/0ECAF9D8-AA06-4C29-86FB-705403B032DE.jpg?v=1785500140","Zarmeen & Emaan","Women > Unstitched Suits > Formal"
"ZE-LWN-BLUE1-3P-ZE-714","Zarmeen & Emaan Premium Emb Lawn 3PC — ZE-714","Zarmeen & Emaan Premium Emb Lawn 3PC — ZE-714. 3 Piece unstitched suit by Zarmeen & Emaan. Currently unavailable in the synchronized catalogue.","out of stock","new","7495.00 PKR","https://alhumacollection.com/products/ze-lwn-blue1-3p-ze-714-zarmeen-and-emaan-premium-emb-lawn-3pc/","https://cdn.shopify.com/s/files/1/0906/1783/9987/files/EC1C9F7A-2E3B-445B-B9B4-24329C713F41.jpg?v=1785500467","Zarmeen & Emaan","Women > Unstitched Suits > Formal"
"ZE-LWN-PURP-3P-ZE-717","Zarmeen & Emaan Premium Emb Lawn 3PC — ZE-717","Zarmeen & Emaan Premium Emb Lawn 3PC — ZE-717. 3 Piece unstitched suit by Zarmeen & Emaan. Currently unavailable in the synchronized catalogue.","out of stock","new","7495.00 PKR","https://alhumacollection.com/products/ze-lwn-purp-3p-ze-717-zarmeen-and-emaan-premium-emb-lawn-3pc/","https://cdn.shopify.com/s/files/1/0906/1783/9987/files/48E3330E-3708-49C7-B1CD-48105D1373EF.jpg?v=1785500853","Zarmeen & Emaan","Women > Unstitched Suits > Formal"
"ZE-LWN-BLCK-3P-ZE-741","Zarmeen & Emaan Premium Emb Lawn 3PC — ZE-741","Zarmeen & Emaan Premium Emb Lawn 3PC — ZE-741. 3 Piece unstitched suit by Zarmeen & Emaan. Currently unavailable in the synchronized catalogue.","out of stock","new","7495.00 PKR","https://alhumacollection.com/products/ze-lwn-blck-3p-ze-741-zarmeen-and-emaan-premium-emb-lawn-3pc/","https://cdn.shopify.com/s/files/1/0906/1783/9987/files/DB83C063-205B-4976-BAA1-FA11A35652D0.jpg?v=1785500400","Zarmeen & Emaan","Women > Unstitched Suits > Formal"
"ZE-LWN-KHATA-3P-ZE-770","Zarmeen & Emaan Premium Emb Lawn 3PC — ZE-770","Zarmeen & Emaan Premium Emb Lawn 3PC — ZE-770. 3 Piece unstitched suit by Zarmeen & Emaan. Currently unavailable in the synchronized catalogue.","out of stock","new","7495.00 PKR","https://alhumacollection.com/products/ze-lwn-khata-3p-ze-770-zarmeen-and-emaan-premium-emb-lawn-3pc/","https://cdn.shopify.com/s/files/1/0906/1783/9987/files/18A836D8-6C00-4F08-BA5D-FB094779362E.jpg?v=1785500714","Zarmeen & Emaan","Women > Unstitched Suits > Formal"
